{"type": "Feature", "properties": {"name": "강원특별자치도", "code": "32", "source": "국가데이터처 SGIS 행정구역 통계 및 경계_20250630 (2025년 2분기 기준), 이용허락범위 제한 없음"}, "geometry": {"type": "Polygon", "coordinates": [[[128.35715799005047, 38.61357533263314], [128.3551537087032, 38.61333613753757], [128.3531412215979, 38.61251135303232], [128.35348667994847, 38.611945888756864], [128.35205935915772, 38.61172552758976], [128.3478046865139, 38.61167817077786], [128.34728644192828, 38.6122052956351], [128.34752578986246, 38.61166373035875], [128.34472862454123, 38.611265706149965], [128.3424257538955, 38.610163967498444], [128.33950881513763, 38.60618307071141], [128.33815164527596, 38.602650899426514], [128.33741470862967, 38.60295284423347], [128.33711824141494, 38.60445192065287], [128.3365202141577, 38.602573250466925], [128.33708707522004, 38.60168914829474], [128.33421113157885, 38.601909409622714], [128.33215181037397, 38.60145098879615], [128.32922790762308, 38.60023378429684], [128.32774567505706, 38.598941020027496], [128.32125116300884, 38.597228453315154], [128.31634241056975, 38.593787508595575], [128.31321430155697, 38.59369369949523], [128.31189136557754, 38.594195863694274], [128.31189728184626, 38.593577499023155], [128.3104296577143, 38.59424946996933], [128.30950363220558, 38.593557954355454], [128.30982532098747, 38.59073442868528], [128.31050195687763, 38.58982196366914], [128.3100517939354, 38.58923579045044], [128.30947902031855, 38.589288680385145], [128.3103516082801, 38.588833499443766], [128.31076432970082, 38.587799232423905], [128.31058944318679, 38.58694829951595], [128.30904366908393, 38.58654143397628], [128.30967207682875, 38.58658521117681], [128.3106118813796, 38.58692670324546], [128.3113712923657, 38.58785782741005], [128.31356125349504, 38.58656180538202], [128.31367920626914, 38.58543408223064], [128.31443208954107, 38.584731694832385], [128.31307514494227, 38.58361056376151], [128.3122581741626, 38.58089214065749], [128.31359183128268, 38.580272225144256], [128.3132571823217, 38.57969354559509], [128.31491813227382, 38.5747725716016], [128.3144987790914, 38.57213551266649], [128.31293959312117, 38.570297300516906], [128.31321335306558, 38.57009150468397], [128.31212190732776, 38.5700850817594], [128.31241605501856, 38.56648353719995], [128.31181164645471, 38.56617274210216], [128.31210531205184, 38.56301630437082], [128.31255181740187, 38.56270057461517], [128.31174463700566, 38.561209800051934], [128.3122242117166, 38.56077714073765], [128.3125204219351, 38.55795399881183], [128.31204527117373, 38.55624194657904], [128.312584668528, 38.5552832441837], [128.31199503580837, 38.555123931083486], [128.3126365916157, 38.55467622464452], [128.31211290965612, 38.55386043719862], [128.31203187915105, 38.54622548879901], [128.3106890097567, 38.537140539836834], [128.31282032797793, 38.52616458711615], [128.31218066636507, 38.52602351990138], [128.31298550952846, 38.52551163053281], [128.3130212355572, 38.52478672051103], [128.31230359768642, 38.524580918584675], [128.31311077288737, 38.52438481027773], [128.31383173783567, 38.52247336003411], [128.31301486758747, 38.51867153518999], [128.31319907894246, 38.51236282520571], [128.30997344783398, 38.5077930157418], [128.30552955964532, 38.504332702737486], [128.30507586648628, 38.5036321230041], [128.30535841070176, 38.50298591075813], [128.3043928883612, 38.50261009668233], [128.30574726709662, 38.498524383548634], [128.30132937432745, 38.49111768535675], [128.30124624570743, 38.490679952791766], [128.30218321565656, 38.49075351658004], [128.3011737698025, 38.48929150959299], [128.30171224402537, 38.48837800411827], [128.30101314980053, 38.487947686816746], [128.30173263766568, 38.4876195181347], [128.30145430924043, 38.48686350003597], [128.30249128731342, 38.486614369485046], [128.30139544599103, 38.4861976313038], [128.30690020976772, 38.47921798266478], [128.30640451758828, 38.47952390069853], [128.3064144578842, 38.47905925678959], [128.30672467924978, 38.478581566774395], [128.3018876290785, 38.475860237635914], [128.30040141192683, 38.47287669301332], [128.29908693145902, 38.47158562532777], [128.29572528410515, 38.461053084333415], [128.29609236037976, 38.46072713026308], [128.29565104442207, 38.46097507609724], [128.294699601521, 38.458309928448855], [128.29225777320994, 38.45657090791046], [128.29104508082034, 38.45479379598571], [128.2924507053917, 38.45404902365119], [128.28996933961182, 38.45201444849864], [128.28999731836888, 38.45247242490686], [128.2892892795285, 38.45216865651759], [128.28907002198665, 38.44984976794965], [128.28741531163965, 38.44959147740302], [128.2863602690657, 38.44599792759682], [128.2856412410727, 38.445100824612915], [128.2860700494165, 38.44233998214052], [128.28493393538855, 38.43945865361626], [128.28303570338446, 38.43767547647467], [128.28355338266127, 38.43724106760754], [128.28310362819522, 38.436855455566146], [128.2841168333713, 38.43680441437217], [128.2834416384872, 38.436157160579754], [128.2803670258306, 38.43540945529199], [128.2805796829246, 38.435196949876484], [128.27887157074989, 38.43459819123778], [128.27921964525603, 38.43437383842802], [128.278800644537, 38.433855640654166], [128.27991733762397, 38.433831482531154], [128.27935295245874, 38.43354433708629], [128.27786021937465, 38.433631770211086], [128.27890489469732, 38.433445817270204], [128.27555969084045, 38.432383968713594], [128.27427413333157, 38.4325043854665], [128.27444236282955, 38.43277814832522], [128.27195719938427, 38.43143143491844], [128.27012124579466, 38.430095837305856], [128.26575634692097, 38.42502041720234], [128.26466087635367, 38.42416567492535], [128.264218645929, 38.4243690312511], [128.2644381711703, 38.42404519108869], [128.26357084694914, 38.42353268624744], [128.2642965568608, 38.42359888754512], [128.26243801855574, 38.422443665027046], [128.26067071083702, 38.421652648799274], [128.2598398507585, 38.42201390931561], [128.25860176175038, 38.42150012081915], [128.25704789424194, 38.421526789259545], [128.25474918314652, 38.419147818846085], [128.24784111612092, 38.41532869021167], [128.24579682150429, 38.41498449363432], [128.2444296855338, 38.412761243028946], [128.24486160254241, 38.41247938350058], [128.24324910033536, 38.410876943059385], [128.2437138240881, 38.41041800649593], [128.24386915144368, 38.410700252795166], [128.2440828626544, 38.409547521892904], [128.2459116812874, 38.40674846819398], [128.24574614982797, 38.40560269412976], [128.2440384556706, 38.404335310568804], [128.2433815022115, 38.402683811466275], [128.2423223971937, 38.40217442052514], [128.23473453942998, 38.401706414703064], [128.23061587601524, 38.39863622884584], [128.22921576823413, 38.396840173585666], [128.2268525074209, 38.39054265519061], [128.22527767211386, 38.38852204195588], [128.21970412372664, 38.38523253519645], [128.21766214452282, 38.38252460290801], [128.21602465975073, 38.376482967976564], [128.21419730355728, 38.373989703866734], [128.21245122373585, 38.37014583183853], [128.21021337524138, 38.37014236954801], [128.20709959325515, 38.375052968577165], [128.2050246595383, 38.37532014360748], [128.2014458097926, 38.37501666535009], [128.1956133504073, 38.37324581664582], [128.1919820856681, 38.37288584628553], [128.19076065970648, 38.367907683576554], [128.18759973869743, 38.36514970026983], [128.1842817823257, 38.3606036670392], [128.17500315229907, 38.364252204515594], [128.16425876238594, 38.35339912194817], [128.16143783429294, 38.348967649920915], [128.15862528085526, 38.346909373280376], [128.15775393390027, 38.34254760551085], [128.15635308583262, 38.34259338893367], [128.15356413789817, 38.344639408025174], [128.15201250817393, 38.34393021040762], [128.15111459323165, 38.34188556631859], [128.14546761899746, 38.342765972186584], [128.14441367558186, 38.34194861947726], [128.14094430095454, 38.33552960640913], [128.13585204841024, 38.33300736689148], [128.1329374050835, 38.333683892536065], [128.12806290758382, 38.33225179991263], [128.12416254163554, 38.33236238713825], [128.11895431544633, 38.33363566945686], [128.11597627143442, 38.3366007294577], [128.11533793426008, 38.33662384270196], [128.11202449655462, 38.33509115723552], [128.10464096185086, 38.330177023728275], [128.0945525516996, 38.32482280909078], [128.0916528742233, 38.32145001222425], [128.08764005185512, 38.31784514816546], [128.0843708618598, 38.315725701916705], [128.0801472810194, 38.31343118392169], [128.07588004099296, 38.31180624953085], [128.06876326667947, 38.30996315419479], [128.05755609698423, 38.30797521056309], [128.0491527216196, 38.30704196456455], [128.0461733383383, 38.30726909043574], [128.04403629247088, 38.30749397274459], [128.04429814388186, 38.30827196776345], [128.04514831509042, 38.30866954964844], [128.0441098481141, 38.30899638546056], [128.0446552565741, 38.31069098738283], [128.0435907517459, 38.310820647022375], [128.0430005695833, 38.31156429840533], [128.04017712607876, 38.31101440062874], [128.03845917239585, 38.311481145112865], [128.03751865988752, 38.31056682493293], [128.0348392157062, 38.31202202072464], [128.03293334826174, 38.31092253578785], [128.03112838325526, 38.31117300832831], [128.03073437005014, 38.31158313326693], [128.0317814608986, 38.31347681979374], [128.03343350489965, 38.314905450365465], [128.03331180928043, 38.315669082615045], [128.0305487355401, 38.315086594391104], [128.01821175886374, 38.31418619578785], [128.0178259011567, 38.30482704504575], [128.01546027552706, 38.30280344211911], [128.01604182565316, 38.3013454448378], [128.01297208502436, 38.29417448808689], [128.0159621762489, 38.29149968545635], [128.0159656557856, 38.28988672589647], [128.0148844371165, 38.28801071612266], [128.0107803615437, 38.286080151775266], [128.01059804186238, 38.28387347883454], [128.00870598294603, 38.28189913797596], [128.00740842205306, 38.27911837863984], [128.00623911677698, 38.277803160643465], [128.00256365293532, 38.27551059020033], [128.00001181828995, 38.27803058807107], [127.99947094582734, 38.27777486160891], [127.99175713781801, 38.278748433180326], [127.98892983282997, 38.27731567387489], [127.98975288257323, 38.275376082632256], [127.98788360743555, 38.27411980531677], [127.98580414050889, 38.27347666553774], [127.98369248088628, 38.2767314429195], [127.9825737783243, 38.27739114172571], [127.98288727213634, 38.279354027174314], [127.98246822194487, 38.28064109427283], [127.98065967388706, 38.28175750493606], [127.98019123435643, 38.28349834590953], [127.9782991961187, 38.28391927902055], [127.97726489529953, 38.28490561883572], [127.97646038224293, 38.28737394420366], [127.97495646329907, 38.28737358575819], [127.9722440127132, 38.289909035749766], [127.97092966409203, 38.289688647179744], [127.96905967457995, 38.290799658004055], [127.96866780434458, 38.29215000624734], [127.96691532070707, 38.293079666274515], [127.96314023961129, 38.293641232059514], [127.9606514176034, 38.29798913774563], [127.95822431251311, 38.30021957934144], [127.95616556951461, 38.3002856724164], [127.95469790725788, 38.30122640565389], [127.95159279946989, 38.30216863822728], [127.94874145364471, 38.30440798581104], [127.94515275300363, 38.305097409250244], [127.9439836349907, 38.306004131171626], [127.94222783663562, 38.3063845992323], [127.93757744009021, 38.30634202099061], [127.93509216829962, 38.305913943031236], [127.93154761223165, 38.30639145032401], [127.92980132667802, 38.3069850491259], [127.92679169981163, 38.309380972590155], [127.92096735154364, 38.309721500790175], [127.9186903658802, 38.3087474752689], [127.91491371979903, 38.31074539385852], [127.91275399454757, 38.31040548209701], [127.90764928961254, 38.31096301303708], [127.90398369722197, 38.30972594129879], [127.90208549482374, 38.31110314310431], [127.8971242487693, 38.31278451758193], [127.89490504715252, 38.31291466739454], [127.89341426874982, 38.311811059904635], [127.89193099171062, 38.309505102478795], [127.88846800263086, 38.308765220637085], [127.88254548007205, 38.310438648797316], [127.87945253205326, 38.31216871930821], [127.87486417162742, 38.31689278981352], [127.87363523939563, 38.31615509400009], [127.86546182900476, 38.31420579281666], [127.85795262992805, 38.31173191297206], [127.85485094032944, 38.312930174530024], [127.85259510671537, 38.31441580384765], [127.85119205196823, 38.31462544298483], [127.8496033875361, 38.31424693024431], [127.83946653514182, 38.30769777257616], [127.83303630012537, 38.305428389256434], [127.82935329663003, 38.30530797820125], [127.82681518068354, 38.30450090060091], [127.82173878252769, 38.30378765106713], [127.82117112282019, 38.305384693134194], [127.81908544586307, 38.30776937627663], [127.81444784906041, 38.31143687890652], [127.80561872674846, 38.316906814981074], [127.79733693139474, 38.32305549563474], [127.79046269117416, 38.33446271476381], [127.78726294530966, 38.34346537763739], [127.78539707006065, 38.346935990417435], [127.78366860905678, 38.348537410605125], [127.78242003262474, 38.34899909465944], [127.78045880982341, 38.34861578269005], [127.77930498253163, 38.34765453171104], [127.77550637636473, 38.34164024284643], [127.7721552606122, 38.34065598995331], [127.77253666257147, 38.33866782793634], [127.77121890579473, 38.33798357721709], [127.77238774618463, 38.33688629401705], [127.77180198670881, 38.33638064120198], [127.77045807239473, 38.336199056117394], [127.76934001228666, 38.33523809074051], [127.76816849142392, 38.335155293174935], [127.76820509956522, 38.33597542261159], [127.76716599939425, 38.336413960159064], [127.76503150595207, 38.336171612308114], [127.76312376835494, 38.33771051643338], [127.76237056282592, 38.33746181539016], [127.7608716987099, 38.338164283815225], [127.75861773134292, 38.33730288549477], [127.75840159208464, 38.33643354478003], [127.75742927202315, 38.335915386870944], [127.75481899613631, 38.335267017108336], [127.75400240749413, 38.334087631658456], [127.75104470178832, 38.33387223290639], [127.74687998067647, 38.33679578979757], [127.74530784017999, 38.33889169956442], [127.74389968624008, 38.3397247776307], [127.74432688897737, 38.33967247827497], [127.74382016442036, 38.3401300701147], [127.7447085064231, 38.34056959819974], [127.74439209946829, 38.34145930352788], [127.7460829864852, 38.34213610119619], [127.74559471670065, 38.34292122839423], [127.7410508548493, 38.340715686212626], [127.73573054573126, 38.34020280942894], [127.72981062087214, 38.33561799669412], [127.72330279373365, 38.33332337676212], [127.72018650473716, 38.33137196705858], [127.71507552498977, 38.329316308257226], [127.71421374536189, 38.33015868623817], [127.71446674303859, 38.33236060155066], [127.71400698514033, 38.33430990553011], [127.7126432250105, 38.33388671022618], [127.7119113020386, 38.33453360741926], [127.71085103528134, 38.33455306192057], [127.7099115547822, 38.33398085201449], [127.70950747260154, 38.334465282982016], [127.71002403667352, 38.33492770666876], [127.70647311106664, 38.334657498038865], [127.70212373202683, 38.33622524765648], [127.70040611146851, 38.33615796737534], [127.69866176075004, 38.33550668756393], [127.69619161473105, 38.33359061558703], [127.69240111411095, 38.32613406549373], [127.69098334223945, 38.3253167385219], [127.6845949085958, 38.324388811618675], [127.68501278255557, 38.32346912546618], [127.68296803566929, 38.32448896319453], [127.68236837350648, 38.32578220254421], [127.67877065704916, 38.32444130575159], [127.67063456578906, 38.32338038485977], [127.66954846170677, 38.32262659153179], [127.66873402860169, 38.32285004139946], [127.66677692465908, 38.325234518550324], [127.66361967932633, 38.32703973111002], [127.66254551842118, 38.32607672692549], [127.66296277274404, 38.32519094730788], [127.66144065547168, 38.32527205043029], [127.65820654520455, 38.323531222881314], [127.65593185266385, 38.323881440922186], [127.65293608920662, 38.32546169986658], [127.63422348726252, 38.3253623155104], [127.63351512015345, 38.32278589967595], [127.63066307983951, 38.32448150450086], [127.62975692365995, 38.32551140692554], [127.62774293146043, 38.325189468969434], [127.62615544506698, 38.32571993719261], [127.62495633814744, 38.325000973704455], [127.6193947253129, 38.324904948665385], [127.61837014435682, 38.32520611797364], [127.61745477238489, 38.3262294583363], [127.61609371878983, 38.32640142887634], [127.61592502525785, 38.326775206300894], [127.61732846854875, 38.328542708884484], [127.61717996010131, 38.329616582611536], [127.61669362308015, 38.33040366693394], [127.61559886069924, 38.330888993860455], [127.6157737175292, 38.33148396872783], [127.61522967543739, 38.33182458508184], [127.61585550423975, 38.33267268100922], [127.61538958880467, 38.332969449492865], [127.6154410319063, 38.33406903933235], [127.61506076148534, 38.33350380312483], [127.61507082687467, 38.333882174521015], [127.61311940472005, 38.33408505990351], [127.61281678852706, 38.336004265654196], [127.61221774716984, 38.335560796844526], [127.60947718784335, 38.335900208618405], [127.60914018855816, 38.33677294081441], [127.6005956025308, 38.336310109027146], [127.5999993282315, 38.33618584618381], [127.59954774843135, 38.33359137822928], [127.59792829822076, 38.33467479718663], [127.5965175476951, 38.33498397746031], [127.59482461511456, 38.33429436111488], [127.59430877242464, 38.33592512771493], [127.59255952023813, 38.33583785212989], [127.59161327253638, 38.33687789195988], [127.59065201259689, 38.336051897287376], [127.58800425633088, 38.337121100571686], [127.58620531333335, 38.336247549134825], [127.58393661748245, 38.33667031089634], [127.58297906748975, 38.33526823685454], [127.58122718072867, 38.335143969488364], [127.58005897479111, 38.33592539644577], [127.57892040449059, 38.33576992411126], [127.57893616254941, 38.33521078893723], [127.57783549411184, 38.33665536305646], [127.57393966355806, 38.33446079411717], [127.57057350540939, 38.33127979052177], [127.56722006220816, 38.33087346321209], [127.56568021164993, 38.33014965838479], [127.56457184205205, 38.33041759577768], [127.56364945548485, 38.32957800454558], [127.5628632639838, 38.32992154654193], [127.55819217029283, 38.32800612902449], [127.55382693140612, 38.32719530462539], [127.55067084952447, 38.327495884294834], [127.54981674211541, 38.32697364298153], [127.54971917884615, 38.32596506377159], [127.54719119742931, 38.32546381837432], [127.54642004407177, 38.324328506096485], [127.54539090498818, 38.32407751879078], [127.54565073167699, 38.322480235551666], [127.54487668383246, 38.322371424703796], [127.54349748013462, 38.32074774853693], [127.54247493839993, 38.32017508564438], [127.54156054577165, 38.32030054867514], [127.54133087952934, 38.31963026354329], [127.54076231025915, 38.31998526838142], [127.5401171843406, 38.31957548394007], [127.54049802884525, 38.31935561072704], [127.540067926071, 38.31881247963168], [127.53880935886329, 38.3185816407835], [127.53824764398115, 38.3177290602322], [127.53528857799347, 38.3169266755197], [127.53507713724456, 38.31613465961727], [127.53267619397926, 38.315933819252514], [127.53243779812911, 38.314703778243405], [127.5302420787759, 38.313878575225026], [127.52841216288219, 38.31188685205937], [127.5268534412739, 38.31126726385785], [127.52393953097875, 38.30904681559872], [127.51949876867845, 38.3083894820554], [127.51734091680308, 38.30740418950956], [127.51574382447534, 38.30467938059138], [127.51461471458386, 38.30388784042892], [127.50432420014323, 38.30063385360965], [127.50120570550133, 38.30078017193399], [127.49987584697398, 38.30032928580477], [127.50052274471348, 38.3007830771677], [127.50015094321837, 38.30078465901679], [127.4969656864599, 38.29955930858575], [127.49656996628215, 38.29955231304248], [127.4979107407998, 38.30019996581563], [127.49796789275884, 38.3006651383951], [127.49707708036283, 38.30093607490572], [127.4967563810317, 38.3006521134155], [127.49647233792177, 38.3009990624244], [127.4959824308003, 38.300653884740484], [127.49366629988084, 38.30164004415697], [127.4944434047325, 38.30186198232848], [127.49344789876557, 38.30337270698189], [127.49199364939591, 38.30318900282988], [127.4915259325393, 38.30431467870698], [127.49110518830584, 38.30426295945897], [127.49121581291382, 38.3049193287601], [127.4895625352442, 38.30530940451954], [127.48981293097106, 38.30588016749666], [127.48874634000911, 38.30602381646899], [127.48833494917139, 38.306924036783016], [127.48738707514343, 38.307146293310886], [127.48344361284704, 38.30620214410133], [127.48162291422669, 38.30679714570281], [127.47918729664248, 38.310798497036586], [127.47903252325695, 38.312051446515355], [127.47701644141836, 38.31330255312703], [127.47623056481909, 38.315730478379045], [127.47509035532484, 38.31644030281112], [127.47083740757405, 38.31658491264953], [127.46842281432357, 38.31757243715544], [127.46820593214636, 38.31831291212564], [127.4653465903032, 38.316918702350186], [127.46581569030187, 38.31798935584803], [127.46476483675146, 38.31863516257521], [127.46438877774173, 38.32095988788559], [127.46203420503306, 38.32177951977857], [127.45821855276785, 38.32665040576374], [127.45702266889916, 38.32679732273355], [127.45573126094978, 38.32630786399346], [127.45455420307799, 38.32712052667245], [127.45336933447881, 38.32710819585385], [127.45156065209825, 38.326539964816966], [127.45068729070148, 38.3243709924556], [127.45111056713668, 38.322179595030434], [127.45350000486738, 38.32002083023656], [127.45391945572597, 38.31821251722905], [127.450532442869, 38.31661056324538], [127.44898335506721, 38.3170671768708], [127.44579065771408, 38.31673139692643], [127.44520314684479, 38.31682637430827], [127.44546076764811, 38.31731557811354], [127.44490993652325, 38.31768715293335], [127.4440085414971, 38.31709009189748], [127.44551967724857, 38.31871063461316], [127.44517519124985, 38.319020360361776], [127.44335702625375, 38.318174121659794], [127.44144742748378, 38.31859409409312], [127.44031263490771, 38.31821169158109], [127.43961196518187, 38.31833814294461], [127.44018795548601, 38.318708103656085], [127.43968844221418, 38.31902372197125], [127.43970279688098, 38.319965361897296], [127.43840647647158, 38.319451579551064], [127.43833088742689, 38.3189954723463], [127.43722478302107, 38.319882360762364], [127.43555289762323, 38.319355068194774], [127.4361950344238, 38.32058798481571], [127.43549665229331, 38.32156147968289], [127.43417959395673, 38.320937403223624], [127.43322598796848, 38.32211070099281], [127.43307612913235, 38.32131992135606], [127.43206054988654, 38.321605553418095], [127.42806553961216, 38.32602960087357], [127.42725465250727, 38.326260699500814], [127.42755342649228, 38.32679950126726], [127.42293036482728, 38.32811444055783], [127.42204374423723, 38.32789468580096], [127.418470434088, 38.32848215885721], [127.41711903103422, 38.32929802815752], [127.41713848746735, 38.32832779121541], [127.41407120064616, 38.32845737948999], [127.41374094488948, 38.329194622884245], [127.41222305763038, 38.329144829781676], [127.4094831219586, 38.3304053622864], [127.40997305432646, 38.331544207704155], [127.40940617152022, 38.33195686476063], [127.40868077235754, 38.331396787954645], [127.4067481377985, 38.33255548761216], [127.40629302465155, 38.33221799313373], [127.40446920550063, 38.332258360825094], [127.4031190183196, 38.33151438207077], [127.40141088821957, 38.33407715156897], [127.4000120377377, 38.332741054795825], [127.40017842251642, 38.33381451199773], [127.39890932514454, 38.33311637834488], [127.39819022989697, 38.33354821915433], [127.39682199723006, 38.33200124983625], [127.39551970261373, 38.33160470911167], [127.39595703541885, 38.332748007173485], [127.3936827753898, 38.33269822174118], [127.39282951205979, 38.33343746459783], [127.39147375395348, 38.33282847317091], [127.38990820945597, 38.33306702643044], [127.38851263934768, 38.335155982303625], [127.38819761543223, 38.334404796060205], [127.38714818319968, 38.335350710966544], [127.38687100037463, 38.334962779981616], [127.38372484522671, 38.334338468698235], [127.38295841181787, 38.335436614705216], [127.38403948805804, 38.33520052784848], [127.38395439127855, 38.3357266476839], [127.38298077947262, 38.33619468264502], [127.38220611745942, 38.33594462293158], [127.38204935644896, 38.33704270112923], [127.38127471097367, 38.337161785883836], [127.3807652862809, 38.337145030555824], [127.3809464463189, 38.33640325621342], [127.37995566627401, 38.336512929049555], [127.37949855168603, 38.33564365436485], [127.37869023073891, 38.335734093001655], [127.37834482686164, 38.33489634096437], [127.37648537256884, 38.33445680665069], [127.37667714887507, 38.33415640410924], [127.37546623051233, 38.33350680084437], [127.37545312126552, 38.33274693492334], [127.37439498792571, 38.331663812084294], [127.3727035133769, 38.331117703390795], [127.37213451399454, 38.331986300091344], [127.37182762307691, 38.3317699797089], [127.37110582641549, 38.33227567922978], [127.37025775122294, 38.331832679471454], [127.37067941877582, 38.33095796510795], [127.36935185704944, 38.32881842389004], [127.3656654156487, 38.327752318807164], [127.36545628808862, 38.32703959734499], [127.36356386407451, 38.326727790487794], [127.36383304441655, 38.32612795641652], [127.36196139424307, 38.32406129227377], [127.35530407964482, 38.32758442078556], [127.35170771455248, 38.32796370331295], [127.35110887113612, 38.32786013489503], [127.35058511624382, 38.326926349477546], [127.34890766751377, 38.32692204114106], [127.3488459399331, 38.32752674339745], [127.3478657213653, 38.3279474811069], [127.34821342528014, 38.32850343175851], [127.34436017718336, 38.32865796219424], [127.34396090135382, 38.32769616141149], [127.34477940426245, 38.32737818913816], [127.3397748497169, 38.3246187001836], [127.33934054078811, 38.324480317409325], [127.33894918830676, 38.32499108433585], [127.33807008758426, 38.32374511649666], [127.33790818981407, 38.324018878637695], [127.3370641535233, 38.32375497084507], [127.33252464505733, 38.3202640655496], [127.32973619172456, 38.319402580646475], [127.3284260033222, 38.31829517619471], [127.32576936040103, 38.318824110998804], [127.32398434223748, 38.320526762899554], [127.32477009122958, 38.3187674016229], [127.32415161669843, 38.318548523748944], [127.32292017604891, 38.31968179356552], [127.31492442459856, 38.31873711882683], [127.31244335333228, 38.31757597844803], [127.30943661128974, 38.31718255250403], [127.30638481568559, 38.3173636445232], [127.30239068249863, 38.31385137360957], [127.29950249928943, 38.31291342530005], [127.29992374329655, 38.31356597399772], [127.2993012453543, 38.31438103060465], [127.29767258010287, 38.31337850465055], [127.29863199673851, 38.316099969027086], [127.29800191925702, 38.31812561739406], [127.29743390800238, 38.316516164369915], [127.29161360854154, 38.32250183526985], [127.28790845286696, 38.32372177092476], [127.28778482949333, 38.325520981974556], [127.28675587171543, 38.325864987574406], [127.28623842794089, 38.32540568658356], [127.28545860258585, 38.32645302661846], [127.2840159965235, 38.3269204287238], [127.28359402093676, 38.32589200491242], [127.28263253901598, 38.32606342150804], [127.28115587768002, 38.324944019498474], [127.27870829371813, 38.32524217106222], [127.2786571750521, 38.32724799481208], [127.27591500757197, 38.32569555098946], [127.27433078587991, 38.325805790143484], [127.27406606266251, 38.32546830930563], [127.27351036358952, 38.32676448878779], [127.27315043868568, 38.32653900817914], [127.27210570692448, 38.32730779191617], [127.27251539268173, 38.32752841361727], [127.27187133352449, 38.328016605117604], [127.27005249089264, 38.32674167501877], [127.26383137732626, 38.32731877848665], [127.26375952998619, 38.327647536933746], [127.26329751144783, 38.327006375042565], [127.26343099640069, 38.32752090510924], [127.26249569630903, 38.328041359625566], [127.26144452114967, 38.32715596094781], [127.26157116374716, 38.326780450938344], [127.26100368022978, 38.3268938108212], [127.2612802487019, 38.32758080366988], [127.2607490665096, 38.32793319395813], [127.26049382573142, 38.327273860989536], [127.25974786075625, 38.32773318142061], [127.25774459201295, 38.326644963561726], [127.25732012079435, 38.32726669897614], [127.25797628251836, 38.32792170994756], [127.25605676248689, 38.328162251566106], [127.25538828405308, 38.32716845598848], [127.25485090966245, 38.32752019379995], [127.25399766191325, 38.32676145585067], [127.25346709616656, 38.327177230957886], [127.25386858657687, 38.32799563375723], [127.25325039001953, 38.327928452513746], [127.25261746387943, 38.32885060649241], [127.25310330974119, 38.32914981368773], [127.2527725227039, 38.330034167988124], [127.25120772519813, 38.32968395474439], [127.25193861020682, 38.32920012530284], [127.25167780381138, 38.32890176309262], [127.24855041268405, 38.32819692198007], [127.24827744868902, 38.32993398514307], [127.24744353696614, 38.330020187351366], [127.24695384524303, 38.329300712359185], [127.24669322777336, 38.33013451699362], [127.2454148001178, 38.33030766133832], [127.24534733846562, 38.33112797945905], [127.24587748377492, 38.331483189322896], [127.24503572108335, 38.33246078693457], [127.2447070835672, 38.33140225247533], [127.24402780152137, 38.33188135643761], [127.243512279666, 38.33135097878383], [127.24236390707483, 38.33313456699204], [127.24013797341149, 38.332567210420684], [127.23482780147582, 38.33012021035541], [127.23443797493897, 38.330066970053906], [127.23526816810345, 38.33120539677381], [127.23487117494554, 38.33160132355212], [127.23469346402423, 38.33100402354383], [127.23376147058215, 38.3305817873645], [127.23447556773614, 38.33110264304628], [127.23370463023507, 38.33097559795612], [127.23327421745668, 38.33138549733328], [127.23322480123663, 38.33071771086763], [127.2321525360521, 38.33067451840319], [127.23223926351419, 38.33018341076237], [127.2315823554096, 38.33074971722517], [127.230102641744, 38.33060899446022], [127.22926333874679, 38.33004100574328], [127.22853339755196, 38.33026542075755], [127.22805643912675, 38.32919042892837], [127.22747048003129, 38.32968889300716], [127.22677874051618, 38.32843257061403], [127.22436641114851, 38.32842765608904], [127.22371627837214, 38.328046038658414], [127.2225965447431, 38.326718578727665], [127.22331602443937, 38.325825719050734], [127.22284354742183, 38.32586274566917], [127.2226562764313, 38.32537972097183], [127.22122843809125, 38.326441924737416], [127.2191695834074, 38.32640046606826], [127.21851907222215, 38.32534450134402], [127.21877900962927, 38.323999085194565], [127.21779258471615, 38.32330093157621], [127.21787584975334, 38.32245452894519], [127.2165477242275, 38.321856307013896], [127.21757227100308, 38.32080909401478], [127.2173702660071, 38.31988303042661], [127.21630438424049, 38.321877878322745], [127.21623358700708, 38.32137065436946], [127.21642426433792, 38.320899949192984], [127.21580328377625, 38.320856748610986], [127.21575592324784, 38.321226063930474], [127.21502608576905, 38.320913236062246], [127.2162282311053, 38.32019027548504], [127.21564521758542, 38.31945698688079], [127.21572120466683, 38.32031169179282], [127.21392354925838, 38.32037147026135], [127.21422592551477, 38.31977962797407], [127.21288338239152, 38.32004694511616], [127.21265820817997, 38.31952881172003], [127.2106862806638, 38.31900313514755], [127.21034315424625, 38.31912275770428], [127.2109206574619, 38.31958287663759], [127.20979799644412, 38.31950036548757], [127.20961870682063, 38.32059634725675], [127.20841957333609, 38.320134657568296], [127.20882518357078, 38.319056300964725], [127.20709528849483, 38.31938054376246], [127.20674654849272, 38.31999015750936], [127.20559085708184, 38.31917168064731], [127.20744188124866, 38.31866501003391], [127.2055338587308, 38.31757757065156], [127.20498367913625, 38.318495575558096], [127.20401712973664, 38.31847866481017], [127.20385702248453, 38.31750514324464], [127.20328507767188, 38.31794892484785], [127.202733162096, 38.31752393907199], [127.20229654806722, 38.31782212934544], [127.20080954298406, 38.31683514069751], [127.20033970645393, 38.317598368957185], [127.1997248504947, 38.31596400492051], [127.19751842269746, 38.3163218962084], [127.19704281009858, 38.3161317943906], [127.1969961273662, 38.31521367046974], [127.19636880396219, 38.31512675324268], [127.19585599018906, 38.31547639217611], [127.19632873749418, 38.31614491202614], [127.19590267712134, 38.31621208422037], [127.19318783464071, 38.31420869716738], [127.19030867725225, 38.314459411401394], [127.18977664485406, 38.31345050543989], [127.1879571487322, 38.3134833473748], [127.18593020350215, 38.31213023427284], [127.18534034045514, 38.312820866069764], [127.18313448334168, 38.31195468118989], [127.18240713676985, 38.31221865345157], [127.18248815450595, 38.31169844704321], [127.18091145988294, 38.31222182221842], [127.1808026522854, 38.31153816549508], [127.18047529178828, 38.311811530191505], [127.17878312342285, 38.310712429655936], [127.17824157514323, 38.31106179590348], [127.17820116450937, 38.31054183604883], [127.17744161011679, 38.31164524721965], [127.17695648238607, 38.30987849161423], [127.17658272047207, 38.310380854104764], [127.17212148042316, 38.309028888972385], [127.17197853490018, 38.309537363098514], [127.17124718343521, 38.30952296328316], [127.17053596748242, 38.30858227878314], [127.16979530751046, 38.308978296867224], [127.16984347681853, 38.30838047838918], [127.16787191173059, 38.30781177706581], [127.16668182381072, 38.307868014804036], [127.1669377148685, 38.30881641969846], [127.16516549742961, 38.3072596101856], [127.16519909992321, 38.30686980299535], [127.16626794046635, 38.306804588886166], [127.16581963855536, 38.306235549886516], [127.16499752053369, 38.306159620541685], [127.16477889913364, 38.30691401276894], [127.16399171053318, 38.30662419856852], [127.16371900623048, 38.30692039524783], [127.16288161448118, 38.30624181171999], [127.16174971670428, 38.30648886890288], [127.16179236250419, 38.305586478260835], [127.16043487499793, 38.30572188995973], [127.1598071961968, 38.30530041555465], [127.16123395387058, 38.30396653653767], [127.16255321458758, 38.30357422253568], [127.16234577410323, 38.30322747208559], [127.16120067090533, 38.30345966798329], [127.15973670444241, 38.30500727947626], [127.15894792727055, 38.305316276010004], [127.15855029445562, 38.304758077647435], [127.15781605481878, 38.30568624600991], [127.15697651212994, 38.30476217051391], [127.15754016480881, 38.30456438933498], [127.15731581458896, 38.30424566153672], [127.15654905593956, 38.304810738481066], [127.15576421693126, 38.30374850655392], [127.15231607774612, 38.304443227253095], [127.14749142291264, 38.310621468268344], [127.14363908068914, 38.31229838753193], [127.14382950023622, 38.3126378114963], [127.14305684418326, 38.312774639164736], [127.142620306129, 38.31366513514018], [127.13984514066743, 38.315739886112205], [127.1392331464837, 38.315944680712406], [127.13900394135457, 38.31495135095426], [127.13658487590105, 38.315069654925296], [127.13404762429946, 38.314144081459474], [127.13341249784699, 38.31331379612511], [127.13201084098618, 38.31422389094713], [127.132184867965, 38.31180102714412], [127.12956443347386, 38.30532609272082], [127.12878658078307, 38.30090048458818], [127.12707873839234, 38.30101441175385], [127.12785546174521, 38.299469937036314], [127.12746915734809, 38.29898165405429], [127.1260300117089, 38.29878929643248], [127.1235079070255, 38.29922639105213], [127.11987100268284, 38.298889089821394], [127.11106521547774, 38.29566127434578], [127.10887387769793, 38.293386138827685], [127.10798101295724, 38.293319035441996], [127.10871768147463, 38.292654137338374], [127.10723438155533, 38.29193926134073], [127.1076482870116, 38.291561093526454], [127.10550597519439, 38.290963669103846], [127.10531709584023, 38.289871164059186], [127.10370627964569, 38.28900175259236], [127.10390730092924, 38.28841487668558], [127.10448510498179, 38.28832677946075], [127.10330599944753, 38.288284481365146], [127.10268633622407, 38.287320077564125], [127.10055698547815, 38.28595100293129], [127.09872641721115, 38.28549999476146], [127.09782663500297, 38.28600682510333], [127.09745910377629, 38.28528203409077], [127.09658546356316, 38.28577439047287], [127.09587402545851, 38.2844890986475], [127.09503732094342, 38.28108076551535], [127.1032114509575, 38.28078750603703], [127.10432054686049, 38.27987127565817], [127.10451534428766, 38.279113411136], [127.10395482662624, 38.27807481175971], [127.10077475937838, 38.275019700986874], [127.1016775168926, 38.27338806265252], [127.10493265261086, 38.27227392721933], [127.10965293912524, 38.27165439025723], [127.11072945835211, 38.27097526391377], [127.1105457314504, 38.26936201229616], [127.1093385661634, 38.2693631275295], [127.1080933210881, 38.26841237721264], [127.10907991049238, 38.26732953053853], [127.10933324235147, 38.26575961215225], [127.10919128595941, 38.26324151145173], [127.10800377477393, 38.2611277132264], [127.10806931781602, 38.25829864351571], [127.1102529753223, 38.252898440694615], [127.11096959624459, 38.252209060587646], [127.11027252952644, 38.25126922082206], [127.11156581427664, 38.247387678523225], [127.10962593647817, 38.244772846860684], [127.10990029430381, 38.24184015563495], [127.11188292388997, 38.24044231121008], [127.11249019729253, 38.23933913871358], [127.11234562207278, 38.23814088231419], [127.11356975732228, 38.236818059361184], [127.11441698473338, 38.23635098504839], [127.11679951843509, 38.23699683057998], [127.12071622638409, 38.234590356919405], [127.12083024148548, 38.233886633279454], [127.12304884119513, 38.23280388122177], [127.12670142942406, 38.23409028123385], [127.12795898502947, 38.23348501674169], [127.1295512195126, 38.23354664050631], [127.13058115317779, 38.23275127479736], [127.1325874262684, 38.23355361534803], [127.1345258923987, 38.233650433918235], [127.1350947653532, 38.234125390612405], [127.13507867568191, 38.236500781914856], [127.13724074637146, 38.236090715765364], [127.13894749459108, 38.236584855721674], [127.14001383679977, 38.237714788308175], [127.14206987747795, 38.23735475818426], [127.14299962860369, 38.236654499933685], [127.1432330079211, 38.237676083595694], [127.14472857384631, 38.2390755124009], [127.14634082490903, 38.239330755776514], [127.14729340545847, 38.24006124752682], [127.14734021651877, 38.241652168261886], [127.14892257276715, 38.2423437557247], [127.15324378957163, 38.24186661037463], [127.1538594563772, 38.240306012475074], [127.15778615752784, 38.238922752079], [127.15901772696965, 38.23921266706908], [127.16329360224778, 38.23848137245541], [127.16149246369731, 38.23476686149877], [127.1629112565179, 38.23244093580558], [127.16222203514188, 38.23194724200936], [127.16191790427081, 38.23007804832485], [127.1607642683295, 38.228352740084176], [127.1600687083243, 38.22600416318054], [127.16184200385571, 38.22363143343334], [127.16179884605188, 38.22275076519673], [127.1605527823886, 38.22022115867315], [127.15971372611057, 38.21954632207774], [127.16470078001612, 38.215661086627875], [127.16643154700496, 38.215396221782996], [127.17116632752473, 38.21349263822819], [127.17204889224979, 38.211958651403414], [127.17211607127612, 38.209690523108854], [127.1751351421328, 38.205484036752445], [127.17345589847703, 38.201672557108814], [127.16961660198835, 38.19812405114333], [127.1697001196123, 38.19765158635768], [127.17259637704396, 38.19537044799647], [127.17556155266755, 38.19123950277132], [127.17913830266586, 38.18741378302784], [127.1805487438906, 38.186130717994175], [127.18334051083902, 38.185896844649534], [127.18496623886558, 38.186643119799356], [127.18534491138219, 38.18755834693617], [127.18831998632649, 38.18776282083053], [127.18922517225069, 38.18832122773493], [127.18929728745252, 38.186523013145774], [127.18843988709087, 38.18416767472296], [127.18898465969382, 38.183706036039275], [127.18900932361171, 38.18108439178021], [127.18680787191107, 38.17723595890635], [127.18585647678947, 38.17387970378053], [127.18695019881615, 38.17205937509109], [127.18646766535252, 38.1707842715324], [127.18754427271179, 38.16913334020664], [127.18761824957635, 38.166971849941746], [127.18923719036341, 38.16124430144928], [127.18978506384843, 38.16115517301624], [127.19082871236303, 38.15972089127053], [127.19475397048714, 38.15753712326445], [127.19521383884056, 38.15663648874118], [127.19848340552775, 38.155977486721774], [127.20055322287584, 38.15406752018821], [127.2029681393743, 38.15347724472029], [127.20336579412188, 38.152158884460434], [127.20826315762106, 38.1471843549887], [127.20963382377984, 38.14670733763362], [127.21132970820193, 38.146946365642094], [127.21257832931396, 38.146013213608676], [127.21244862785585, 38.14349087899415], [127.2169690335681, 38.14127428664525], [127.21919295895239, 38.13906460641565], [127.22204167873006, 38.13743217138368], [127.22279990991677, 38.138321941096784], [127.22218687396828, 38.139481956312274], [127.22413639944135, 38.140730391584334], [127.22437060812116, 38.14166835154838], [127.22357434857489, 38.14322710654584], [127.22435712368969, 38.143626045399955], [127.2238070254707, 38.14703425555898], [127.22490248332187, 38.147952030103774], [127.22634348462903, 38.14837479435302], [127.22846758918034, 38.14755880323552], [127.23126213376297, 38.147826451010545], [127.23148171382405, 38.147269690250404], [127.23278919167204, 38.14685790795114], [127.23457779455613, 38.14705985942944], [127.23634093474767, 38.15014885822238], [127.23776215591683, 38.15120878883699], [127.23720662999654, 38.15295220576579], [127.23840819503194, 38.15349101584891], [127.23721114611104, 38.15428852739917], [127.23887232669746, 38.15537914050302], [127.23939219997008, 38.15660391039256], [127.2419126110723, 38.157531099050246], [127.24398956804035, 38.157497982654334], [127.24759735653696, 38.15967917030893], [127.24843243334354, 38.160752834423306], [127.24952165724494, 38.16081009806553], [127.2526745339057, 38.16244689997584], [127.25605025256517, 38.16299107166212], [127.2565366379486, 38.16356794112035], [127.25646359089214, 38.16510412369625], [127.25853753764609, 38.16800498620851], [127.25882546544129, 38.16953650681466], [127.26011336470063, 38.17037547430239], [127.2617718202656, 38.170249378603906], [127.26324475781544, 38.170737452546376], [127.26448026834602, 38.171744413044166], [127.26647404963686, 38.175847436552615], [127.26482951063, 38.177643455630616], [127.26467658708673, 38.17852478063559], [127.26668215521372, 38.180602365176014], [127.26839824002369, 38.18025319915874], [127.2705460568562, 38.18204681507184], [127.27452418762186, 38.18108751732924], [127.27625953951745, 38.18240129092447], [127.27847540996751, 38.18207699891882], [127.27950373351986, 38.182604583663114], [127.28212900732949, 38.18239938032812], [127.28357177504473, 38.18285026680371], [127.28443676245656, 38.18047180720844], [127.28611198348844, 38.18028120216906], [127.28635623360825, 38.17897855242616], [127.28765158501993, 38.1781239712257], [127.28825310812965, 38.17685033783958], [127.28914062091262, 38.17753229698054], [127.29072761901209, 38.176942876522276], [127.293990992881, 38.177275571270904], [127.2977396118455, 38.17627773808721], [127.29798988547236, 38.17520290695186], [127.2961919004262, 38.172482568557264], [127.294248763239, 38.171730316937385], [127.2926975015408, 38.171773947056124], [127.29074322339858, 38.170136731321236], [127.28899572270024, 38.16945678616519], [127.28823831016952, 38.167986501810816], [127.28856900528976, 38.16455888432685], [127.28737112352103, 38.16456180571092], [127.28688601370368, 38.16382799118708], [127.28700020271015, 38.161393975692725], [127.28631645522901, 38.16046976745662], [127.28461187683179, 38.1604487357401], [127.28404713927243, 38.159485499459365], [127.28401316500926, 38.1573524872837], [127.28640534135019, 38.15263901362506], [127.28582066564275, 38.150876742482296], [127.28465965507002, 38.14946060905405], [127.28426383726372, 38.146847892131845], [127.28194671228695, 38.143737638656035], [127.27974482191587, 38.14254301438581], [127.27643626636107, 38.13952223781875], [127.27501129166725, 38.13728193240281], [127.27453578127324, 38.13478392771094], [127.27472485204773, 38.13390077862883], [127.27632246112458, 38.13265339348488], [127.27677896394741, 38.12880157246194], [127.27581333964126, 38.12417576454352], [127.27719841076363, 38.124934746384206], [127.27845573108392, 38.12455107447739], [127.2786696567922, 38.12494512325141], [127.28071902600021, 38.12542667140387], [127.28142072411593, 38.12493667376902], [127.28199473413193, 38.12425291807181], [127.28165807297776, 38.12315828157069], [127.28311103705853, 38.122080934660815], [127.28311577434705, 38.12133105092228], [127.28202638401729, 38.120341437698556], [127.28226944866358, 38.11829847294457], [127.28288371754445, 38.11813930797129], [127.28275119352259, 38.11648806536723], [127.2845578198686, 38.11610206119665], [127.28608680752417, 38.11428840134324], [127.28857192487607, 38.11640147852846], [127.28957317275696, 38.11551847874399], [127.29167181096587, 38.11535175770279], [127.29122290610776, 38.11437037631641], [127.29254592864888, 38.11414616730202], [127.29446279116624, 38.11510321252567], [127.29605450525256, 38.11512065533627], [127.2972653990197, 38.115964992256096], [127.29895395785468, 38.11585339633916], [127.30010778048441, 38.11526697573171], [127.30394428390854, 38.11573668093072], [127.30473552037535, 38.115432377599724], [127.30632319956817, 38.116329958561145], [127.30762751036616, 38.11799364456157], [127.30755257719684, 38.11901943994039], [127.30893871096595, 38.118188189223446], [127.3095282162204, 38.11827567739769], [127.31171931036779, 38.114859327622824], [127.31099014503113, 38.11429131315583], [127.31262205848975, 38.11052468678198], [127.31210831592031, 38.109447497115845], [127.31244353697952, 38.10792464303377], [127.31632511720038, 38.10202138171569], [127.31627297993766, 38.09863776636878], [127.31754660973733, 38.09827590118772], [127.31841164738768, 38.09694196957446], [127.32035824299034, 38.09557559983873], [127.32067032822255, 38.09468376626388], [127.32342440389009, 38.094917239089824], [127.32871996941917, 38.09438105147916], [127.33290550649104, 38.09139607452891], [127.33695825735661, 38.089768598866755], [127.33761766639914, 38.09007292440586], [127.33875341720544, 38.09213020856425], [127.33830643053437, 38.09638485453599], [127.33976510816998, 38.101294914864255], [127.34517849834491, 38.1025893132637], [127.346546927384, 38.10421137426069], [127.34813417560447, 38.10482610389678], [127.35067904645602, 38.10410639743237], [127.35208479690417, 38.104990348867375], [127.3537745334365, 38.10413243554495], [127.35633933500934, 38.1059619491912], [127.36220101648412, 38.107089231289606], [127.36594138348428, 38.10692987991913], [127.36664333756565, 38.10724023351546], [127.36677509315851, 38.10819030925972], [127.36995854914183, 38.10924305717648], [127.37183931270073, 38.11050005380935], [127.37221310820307, 38.113741235822616], [127.37705394924104, 38.11776902547634], [127.37861376053984, 38.118428955814814], [127.38174704952134, 38.11687573475624], [127.383272121418, 38.11708127526964], [127.3842886004149, 38.1143193293551], [127.38595585803192, 38.11482325910285], [127.390628852271, 38.11477304889102], [127.39412271201633, 38.11340062867478], [127.39479275177652, 38.113965070934945], [127.39624508788694, 38.11386187704646], [127.39681444809581, 38.11331509983528], [127.40067167788928, 38.113761212758845], [127.40345199048302, 38.11296110598362], [127.40330575862285, 38.110023070595986], [127.40440051453209, 38.10693696658067], [127.40554198406129, 38.10629290430549], [127.40552360018542, 38.10295391495034], [127.41039594448795, 38.102937067917225], [127.41340849541028, 38.10201259335018], [127.41750034268986, 38.10387568760553], [127.42041534989323, 38.106096546430216], [127.42174296938865, 38.10617738290138], [127.42262189585854, 38.10676545287663], [127.42507203321985, 38.109007700748194], [127.42540823810711, 38.111147361700304], [127.42888411941716, 38.11429345650053], [127.43093010871446, 38.11536207628096], [127.43350201307078, 38.11101921228086], [127.43539638106971, 38.11045291968497], [127.43748171429421, 38.110481469894175], [127.43950076909758, 38.10972129728703], [127.4404527062538, 38.108832245059034], [127.44136132120121, 38.10678976053911], [127.44157706114287, 38.10350988773058], [127.44516749404552, 38.09746966508585], [127.44520528750215, 38.094696289654365], [127.44587725021293, 38.092690588887244], [127.44480198785232, 38.087983771336184], [127.44644200934334, 38.08556230252321], [127.44707594529525, 38.08072864565063], [127.44638291928155, 38.07763320314037], [127.44448006154792, 38.07477776069622], [127.4445738939682, 38.07405462995118], [127.44642668247877, 38.072394931814586], [127.44674442451081, 38.071216255709636], [127.4467402267112, 38.06723485979925], [127.44609624249311, 38.06397878656566], [127.44479506319338, 38.06133358656953], [127.44519855129504, 38.06058682650427], [127.44464937017852, 38.05975364885868], [127.44458372859447, 38.05726067490714], [127.44672245164818, 38.05422140376426], [127.44623929869083, 38.05121365234215], [127.44835813065801, 38.05051184012637], [127.45043497639634, 38.048622276446075], [127.4523705941615, 38.048097756887415], [127.452905976621, 38.04718618280917], [127.45269742048217, 38.04397525699267], [127.45102193195054, 38.03808511861425], [127.45203569816488, 38.03539213859193], [127.45187325537204, 38.0346047731097], [127.45323382836776, 38.03266330043734], [127.45340089333429, 38.03079714248013], [127.45538254959644, 38.02921244030746], [127.45620303992813, 38.02732379837268], [127.456356355572, 38.02671668527583], [127.45524289880247, 38.02520632341784], [127.45582462193049, 38.02440828329089], [127.45685654580804, 38.01845566446818], [127.45752907224198, 38.0169903081046], [127.46058182938476, 38.01429121989087], [127.46154335642709, 38.01285378401884], [127.4629603008668, 38.011716732188866], [127.46438235418289, 38.011551446236034], [127.46965818322283, 38.00884170788206], [127.47155598624914, 38.006452566356046], [127.48152096900002, 38.00623412792694], [127.4829557876273, 38.00542823165292], [127.48529816984403, 38.00489531626979], [127.489656981303, 38.00502819961906], [127.49739961430994, 38.00371426103059], [127.49805861095722, 38.00128345596635], [127.50053437291216, 38.00049266101159], [127.50392252972118, 37.997953291175264], [127.50890413791141, 38.00131106228344], [127.51237218601617, 38.000208566576525], [127.52337882834331, 38.00155258790102], [127.52934031157646, 38.00165200329979], [127.53109477445952, 38.00238846136526], [127.53692210272365, 38.00065925438476], [127.53987715459209, 38.0005677567701], [127.54364251463815, 37.99118260941574], [127.54461550955408, 37.98609753516516], [127.5461079212907, 37.983908450782714], [127.54588207914799, 37.98157725206388], [127.54716574859218, 37.9782812709529], [127.54616484801755, 37.9763050305854], [127.54466163013329, 37.975704143432694], [127.54424514668698, 37.97411087646867], [127.54430871989297, 37.96938893931664], [127.5452252474455, 37.96773180343928], [127.54737625353566, 37.966458312092236], [127.55066336347184, 37.96611192842686], [127.55631866707944, 37.96460648144715], [127.55838459281509, 37.963144555492256], [127.55984005833214, 37.96288258905737], [127.56189121334042, 37.96276979063733], [127.57133062074631, 37.963999529058924], [127.57443010371053, 37.963698998953866], [127.57653433168413, 37.96298236095359], [127.57786758232989, 37.961400644177004], [127.57934164085812, 37.961142840479184], [127.58472254741702, 37.961752283232684], [127.59026887626024, 37.95973222826636], [127.5934435465522, 37.957536360857816], [127.60041756673189, 37.95653680973233], [127.60244460645895, 37.95499867616589], [127.60266135411212, 37.951708272535235], [127.60175789793344, 37.948101616499414], [127.60373629231864, 37.944490650427994], [127.60896809746893, 37.94307043447747], [127.61010409049281, 37.94175119192896], [127.61267180070263, 37.94047575622529], [127.6131541083841, 37.939218722418694], [127.61260583966465, 37.937768270493535], [127.61597044591852, 37.930909115428946], [127.61658396838367, 37.92826564776415], [127.61204541987698, 37.9240555210912], [127.6121384146847, 37.92092433816622], [127.61389562927043, 37.91960915470395], [127.61658384163985, 37.91190492508471], [127.61697061023206, 37.90836001989302], [127.61648510823508, 37.90713054987587], [127.61714123613154, 37.90636189406792], [127.61581756053012, 37.90472997432455], [127.61441267227798, 37.90000350113876], [127.61118179883785, 37.89721080624996], [127.61021115607086, 37.89390999132512], [127.6090104919189, 37.89332355158267], [127.60740254655606, 37.88966028853051], [127.60763189391159, 37.88647995588203], [127.60909529813487, 37.88351793882147], [127.60882528748246, 37.88217272394866], [127.60808920979679, 37.88181756216509], [127.60671243259979, 37.87949856127848], [127.60584941432928, 37.87649219800233], [127.60445774038261, 37.87585573716073], [127.60321197119335, 37.87420074395367], [127.598167282129, 37.87484748965215], [127.59764920842434, 37.8753712510549], [127.59423716910884, 37.8760174344579], [127.59059741788147, 37.87570742563131], [127.58777895804884, 37.87634961074014], [127.5866419399203, 37.875892694473166], [127.58462089720061, 37.87629405712541], [127.58295806132638, 37.8751606368941], [127.58061463332096, 37.87430644933818], [127.58004544385389, 37.87457755578733], [127.57788654401125, 37.87401436786937], [127.57548488631096, 37.87234952753915], [127.57457725777842, 37.87235056921979], [127.5736312205031, 37.87048573955119], [127.57224450454194, 37.86993275636664], [127.57186705814749, 37.868908097067596], [127.56980341446726, 37.86823335787243], [127.56986221744124, 37.86721784207515], [127.56859548494869, 37.86697281308174], [127.56588710775095, 37.86123647505327], [127.56683763359302, 37.85922283616549], [127.56387729474822, 37.8580300386491], [127.56323901062864, 37.85587956739556], [127.55852807965721, 37.856452648976145], [127.5561059358679, 37.85561523103774], [127.55413469558877, 37.85397021165115], [127.5521374413, 37.85329621376714], [127.55119040921052, 37.85223978263146], [127.55008811247339, 37.851931006366584], [127.55042660280944, 37.85072442503659], [127.54965192502563, 37.846537848081184], [127.54045866863662, 37.84655240009795], [127.53703115354924, 37.84501955322517], [127.52944297832215, 37.8397230778266], [127.52731687591029, 37.836457969634964], [127.52561877467913, 37.832924001645154], [127.52480260370425, 37.82967186626552], [127.52459197418624, 37.825001432516935], [127.52563891132552, 37.822872534614525], [127.52780176235571, 37.82163282464947], [127.53202920001044, 37.82028160266492], [127.53494038576899, 37.81771062423393], [127.5366281481395, 37.814120604448945], [127.53735446199047, 37.81054056891607], [127.53308723397025, 37.80691897362895], [127.52304977354844, 37.796169690020484], [127.5208144979218, 37.79254312323736], [127.52225808426101, 37.78894762152416], [127.52567834416341, 37.785345284548775], [127.53061643187706, 37.78172759059166], [127.53361570459563, 37.778111996150166], [127.54092423131718, 37.770875141577164], [127.54498749996824, 37.76363171598461], [127.5448800887333, 37.76007459259264], [127.5434377418701, 37.75644449391262], [127.54208577347222, 37.754664570649005], [127.53407555572885, 37.74860216436286], [127.5168714668772, 37.74026740462441], [127.51121495886579, 37.73643451220686], [127.50711198278113, 37.731359255052226], [127.50614812847596, 37.72415265501075], [127.50706717235315, 37.720593879127925], [127.50950535019396, 37.71692889249244], [127.51186206738338, 37.71568243388198], [127.51342508812627, 37.71759159706028], [127.52470484690495, 37.72646830348813], [127.52720486875596, 37.72685951700513], [127.52962300440086, 37.726423008595305], [127.53388721186971, 37.72192918172066], [127.54017197216068, 37.71945792174229], [127.54251138107331, 37.7198639000194], [127.5492749788597, 37.7239314527045], [127.55122919650373, 37.727564182890234], [127.55374855720132, 37.72879430901745], [127.55660217147503, 37.72922660040253], [127.55991207716734, 37.72857664418466], [127.55934749811931, 37.72492791850105], [127.56014151046901, 37.72367830754198], [127.5597581404815, 37.72315616958485], [127.56127646675664, 37.72221648300368], [127.56181149436796, 37.71962510470463], [127.56108075384914, 37.71695555659585], [127.55971488308212, 37.71656448455091], [127.55804504070281, 37.713914844283735], [127.55890438129191, 37.712220368183914], [127.55829766129008, 37.70961806345922], [127.55877188957916, 37.708299579371364], [127.55824820910358, 37.70731860658621], [127.55863025687367, 37.706043354623866], [127.55579567503639, 37.7043626349393], [127.55657358580153, 37.701687358362946], [127.55526082817562, 37.70010812489589], [127.55416565190747, 37.695299617220094], [127.55322568087026, 37.694518210428654], [127.55260954725814, 37.69296553388988], [127.55293702583585, 37.69226040834034], [127.55172783977044, 37.6907839794668], [127.55063947885112, 37.68704218801491], [127.55051997661157, 37.68392683233188], [127.55112852379001, 37.68228312525185], [127.55064747971217, 37.68055749072837], [127.55080055031829, 37.67724743517338], [127.54954116383513, 37.674876443573226], [127.5498231084018, 37.67133632875271], [127.54924352853482, 37.67081758846344], [127.54904935448, 37.668614226887044], [127.54960906261813, 37.66684236218344], [127.55170295360203, 37.66512951140966], [127.55281588390649, 37.661528346231016], [127.55126421887869, 37.66084551437284], [127.55110751196418, 37.66012490535222], [127.54955931455005, 37.65918441063612], [127.54797668964083, 37.65888063208144], [127.54621902428595, 37.657859975964506], [127.54385442993957, 37.65173022909636], [127.53966827069776, 37.650702027945506], [127.53565507767868, 37.65069464272897], [127.53545513209116, 37.64576726299063], [127.53793690063618, 37.641478390798596], [127.53869991761609, 37.64150194750079], [127.539618238693, 37.64047853856653], [127.54264814190937, 37.63952796013577], [127.54371642607182, 37.63785936181868], [127.54641047797006, 37.637410828301405], [127.54725050031219, 37.63770736024248], [127.54721800083522, 37.636167986678366], [127.54866881817917, 37.63299887214888], [127.5527266868986, 37.63180252742304], [127.55331215497257, 37.631216703722494], [127.5542659976438, 37.63142367862709], [127.55529372554324, 37.63023212250402], [127.55946121834525, 37.62848572226658], [127.56016238270722, 37.62984146109206], [127.56196564395707, 37.630562414555314], [127.56468087073357, 37.63315721969949], [127.56723413608162, 37.63290287195262], [127.56884776196594, 37.632060891650696], [127.56971283289901, 37.632319693816754], [127.57141714937657, 37.63200064171417], [127.5753657060553, 37.63360859557792], [127.5779208424131, 37.63282074210392], [127.57934949326011, 37.63297818081181], [127.58287323194219, 37.63471945000682], [127.58348630149877, 37.635590364949344], [127.5832558506564, 37.6401340545472], [127.58486111420717, 37.64230252709956], [127.58597207205518, 37.64285252813655], [127.5915137733765, 37.64362737187124], [127.59293007942757, 37.644966375323456], [127.59597019581201, 37.64547253027478], [127.59715368576951, 37.64661979451758], [127.59882410173552, 37.64688472895378], [127.59949567952702, 37.647729079625854], [127.60031434136837, 37.6478606396053], [127.60219374786456, 37.65153658329042], [127.60660599634058, 37.65081438379312], [127.60740409478777, 37.65017510867204], [127.60903113715858, 37.649882370493245], [127.61001381129553, 37.647628844914124], [127.61273963179713, 37.646115777132046], [127.61278753155965, 37.6456090174415], [127.61550374974982, 37.64703111020261], [127.61795791213727, 37.64601795557462], [127.61902658388205, 37.64324303110263], [127.62180190440849, 37.642826138946525], [127.62117332837866, 37.64006601487324], [127.62157103304803, 37.639565864155], [127.62393607244562, 37.64212538347346], [127.62540951262851, 37.64299125675291], [127.62643939146264, 37.64308321769292], [127.62764522319337, 37.64253877819304], [127.63088891359439, 37.63935520144635], [127.63179372295221, 37.63923042513021], [127.6334119523109, 37.64000758088189], [127.63415330372771, 37.63993829032861], [127.63370909243011, 37.63596376251568], [127.63482790708957, 37.63538537054311], [127.6362100483541, 37.635862492891945], [127.63770738229765, 37.635749406193746], [127.63885597143815, 37.63503483092273], [127.63849843706502, 37.63340122361792], [127.63943278229414, 37.63264274405796], [127.64698793012705, 37.63273680054189], [127.64736098084747, 37.62900280466703], [127.64948989724135, 37.62465157340472], [127.65153164506224, 37.62293864708129], [127.65339405933005, 37.62230614864539], [127.65564541349941, 37.622295375031726], [127.65740823969456, 37.62256038339875], [127.66170727174865, 37.624322293568746], [127.66384545810945, 37.62379648084619], [127.66472715291064, 37.62024313474333], [127.66752103210212, 37.61725083613388], [127.67420275034995, 37.613618366627], [127.67529657238022, 37.61222548693491], [127.67708721578431, 37.61143760378094], [127.67943033747424, 37.60940769392056], [127.68337755739897, 37.608229186187316], [127.68330668760123, 37.607656067189495], [127.68594134325417, 37.6063642674333], [127.68668607382192, 37.60450648702636], [127.6891727753604, 37.604189921283194], [127.69162766404594, 37.6020414284161], [127.69167917447388, 37.60133499478101], [127.69618958173514, 37.60079413561249], [127.69711520746897, 37.59874996830827], [127.70083566977074, 37.59611743343004], [127.70051899230894, 37.5953061857662], [127.69911992249818, 37.59472235639619], [127.69925555535828, 37.5943555364145], [127.69822734190514, 37.59367772217899], [127.69837135954944, 37.59276717428706], [127.6974309724655, 37.59184754668804], [127.69820300322408, 37.5914079869789], [127.69819834308828, 37.59088855324334], [127.7021652074741, 37.58909101328529], [127.70634880078671, 37.588404742300575], [127.70789503420302, 37.5863531122974], [127.71159421966095, 37.58748922878214], [127.71366739975187, 37.58899712202523], [127.71588792382734, 37.58806950186417], [127.72126926343033, 37.59033455644067], [127.72312539706053, 37.590626173654144], [127.72682177455427, 37.589057234698046], [127.72798675465062, 37.5895892445457], [127.72950463598538, 37.58958947031933], [127.73233815629165, 37.58826583872803], [127.73764301005394, 37.5881013881725], [127.73939610868833, 37.587094595749214], [127.74154201062812, 37.58795875707854], [127.74470426122866, 37.58787750728572], [127.74753274860387, 37.58994681500402], [127.74955694254618, 37.59068856273671], [127.75141445524748, 37.590542477825785], [127.75410574377214, 37.59206487224401], [127.75502258285769, 37.59154462564436], [127.75609808067045, 37.58949903459581], [127.75706144937037, 37.5893166252663], [127.75798433033908, 37.58681222029575], [127.76128439385081, 37.58759120000352], [127.76219818781713, 37.58674741743383], [127.76461581891944, 37.58585477754073], [127.76484656731887, 37.58506466114], [127.76648739777494, 37.58357082636618], [127.76657085528089, 37.582668751993985], [127.76904981390769, 37.581737062135474], [127.77148350341186, 37.5819470131326], [127.7760753393995, 37.580045217636886], [127.77919962238028, 37.57995569861761], [127.78443814211543, 37.57811857429133], [127.78786132387627, 37.57890922553788], [127.7900779581552, 37.58061359280445], [127.79131951113165, 37.58364238835871], [127.79264416224076, 37.58505337881052], [127.7940802249116, 37.585254629079756], [127.79558219400762, 37.58426501632219], [127.7973483517858, 37.58396903954304], [127.79828290038243, 37.58322337740442], [127.79997628388296, 37.582774688710586], [127.79989531293246, 37.5823154651089], [127.801026749092, 37.58145808198181], [127.80074559475307, 37.58097093336974], [127.8042470024046, 37.579134264913236], [127.80487217839453, 37.575057373793726], [127.80563259786959, 37.57409126469242], [127.80961339090074, 37.573447201271854], [127.81042133021836, 37.57047130489158], [127.81123756755565, 37.56986797262343], [127.81100715663362, 37.569103448664144], [127.81261499410195, 37.56846821281089], [127.8135160998776, 37.56623748065917], [127.81415273629904, 37.56600617402857], [127.81376699077062, 37.56527031663177], [127.81413011674165, 37.564152025391486], [127.81572646012604, 37.563642676697334], [127.81703829330753, 37.56373808028562], [127.81750603468076, 37.56281305234962], [127.8189554204386, 37.56322985865338], [127.82061128995622, 37.56280027551043], [127.821368251962, 37.563386843582954], [127.8233871471939, 37.56309941730191], [127.823765093276, 37.56183065046404], [127.82590231711137, 37.56130838666123], [127.82622960450605, 37.56071062538418], [127.82704193890243, 37.5606083737314], [127.82800086439681, 37.56125768514617], [127.83069881205785, 37.561231722762834], [127.83124863995542, 37.560676306942895], [127.83232027308134, 37.5615663482939], [127.83427689567029, 37.56058628327309], [127.83636267931618, 37.560408537118114], [127.83685072662644, 37.55989913929379], [127.83951121227922, 37.55921694676079], [127.8403513137237, 37.558123908202234], [127.84038871090426, 37.55679078111698], [127.84475599315249, 37.55358349121604], [127.84807617157503, 37.552302021277065], [127.84811314400362, 37.550333880443226], [127.84761835536872, 37.54952326620847], [127.84513802337008, 37.54772506148597], [127.8449717650923, 37.54569377715633], [127.84594601319868, 37.544093054290016], [127.84304363297935, 37.541918282651274], [127.84202294510088, 37.53890089572046], [127.83960046270822, 37.539057005773145], [127.83889261607175, 37.538458757389364], [127.83730099729442, 37.538190751211324], [127.8336264227242, 37.539207540174175], [127.83212760258392, 37.538264823129225], [127.83191303436006, 37.53763048174147], [127.83054838511214, 37.5380091837994], [127.82827207505092, 37.53663876281504], [127.82568856638261, 37.537872715618185], [127.82252727650595, 37.538460021827724], [127.81636862239445, 37.53703183664615], [127.8151170620786, 37.53717254263021], [127.81366985930926, 37.53797397062776], [127.81197059815365, 37.53756097762308], [127.80958058512475, 37.53786222395872], [127.80959603388509, 37.53701386541928], [127.80623197105965, 37.53491977276538], [127.80673656945194, 37.533544020130826], [127.80647298686236, 37.53117146934668], [127.80501420100593, 37.53016492750884], [127.80233803556511, 37.52927566533362], [127.79996242353774, 37.52931333642088], [127.79778027435894, 37.52852162734342], [127.79634377093288, 37.528582055092755], [127.79631934649122, 37.52718050542209], [127.79549392268927, 37.52653215887107], [127.79503554522036, 37.524890360602186], [127.79623053772889, 37.524050227852925], [127.7963987322218, 37.523105953138106], [127.79356562427161, 37.521959001477576], [127.79207599299255, 37.52072489074906], [127.79194536232406, 37.520022294037986], [127.78878727581753, 37.518551841723884], [127.78711721203658, 37.5149756157415], [127.7854960763997, 37.513310812229896], [127.78370426642351, 37.512138058240886], [127.78111919706026, 37.51306150627099], [127.7767482807179, 37.50809091265675], [127.77596885191743, 37.508100611400266], [127.77484932212047, 37.50665964038081], [127.77179045367946, 37.505185337704766], [127.76970512348727, 37.50540083532127], [127.76543748421801, 37.50276354536576], [127.76026388382603, 37.50341923938107], [127.75987416757822, 37.503133393395096], [127.76030388255873, 37.49876000756124], [127.75959990055155, 37.498118110417415], [127.75947610529226, 37.49686133746503], [127.75979140390984, 37.49248214113334], [127.76019291093147, 37.492218287780446], [127.76211638583369, 37.49271677598877], [127.76404311085773, 37.49191847633852], [127.76530080530495, 37.49307302076123], [127.7681822297691, 37.49216996120181], [127.7700970274304, 37.49269165019769], [127.77135272471114, 37.49176457228784], [127.77468904094798, 37.491746346811716], [127.77509527194036, 37.490321475124134], [127.77612209667284, 37.48952094941225], [127.77606624489829, 37.48854458189524], [127.77802315611716, 37.48801679529036], [127.78018809480434, 37.48865116550563], [127.78128835233696, 37.48639058840484], [127.78216669906396, 37.48168022896047], [127.78369547382789, 37.48142759622014], [127.78370627527826, 37.48059409995034], [127.78470596134018, 37.47990867020232], [127.78484590150057, 37.47869020763582], [127.78757352524337, 37.4776399273928], [127.78775841231943, 37.4764238051168], [127.7895801291418, 37.47479708610607], [127.7910752099933, 37.474863445211035], [127.79133333320699, 37.47427941697445], [127.79374135674882, 37.47312751959522], [127.79470915794666, 37.473281221204985], [127.79515072197921, 37.47258267320334], [127.79978713503512, 37.47238314893196], [127.80048421020183, 37.47125094962925], [127.80097393045689, 37.47003742294236], [127.80071372176768, 37.467860989271855], [127.79942724201125, 37.465564416127265], [127.79789632681349, 37.46491600804125], [127.79761504717615, 37.4640143996342], [127.79647037144667, 37.46372152877454], [127.7962662326759, 37.46304395338475], [127.7967214490027, 37.462711929440225], [127.796572863753, 37.45976805851853], [127.79790984000608, 37.458722629389605], [127.79735608310418, 37.456444562154076], [127.79817552205927, 37.45610672809479], [127.79848892835484, 37.455248420164445], [127.79813611794611, 37.45488709506149], [127.79938192990832, 37.451770204298946], [127.79893557669527, 37.451063646239646], [127.79946361609387, 37.449016678444316], [127.79888611143515, 37.44862012540735], [127.79937193477977, 37.445817909094536], [127.79838844783026, 37.44259094975691], [127.79948737477865, 37.440098547337165], [127.79936144277895, 37.43929187102506], [127.80199552490528, 37.4371652270796], [127.80168869061163, 37.43640344001439], [127.80208293966766, 37.4354268588957], [127.80335472421031, 37.43433030812921], [127.80308336688287, 37.43328587790922], [127.80386886836065, 37.43195412600609], [127.80333003313172, 37.43088954705747], [127.80400590320848, 37.428849288477124], [127.80246696424575, 37.42858859274282], [127.80231230492633, 37.427293345627206], [127.7989507065009, 37.42730734804688], [127.79751598506112, 37.42688228292339], [127.79606045907948, 37.42518751454178], [127.79502104073867, 37.42498135830278], [127.79455844439262, 37.424401640559985], [127.79472833251397, 37.42367098968741], [127.79364356402729, 37.42250866341265], [127.79377476936114, 37.42018407202188], [127.79218380897905, 37.41844709380282], [127.79179105056028, 37.41416101142284], [127.79067032037676, 37.412042720560294], [127.7902426971666, 37.408591402216835], [127.78959431733418, 37.408154809010895], [127.7895936891168, 37.40698408308894], [127.78782251372363, 37.405325104177905], [127.78747773808617, 37.40293048138473], [127.7878284553493, 37.40113122092555], [127.78508813191358, 37.39887582218017], [127.78364364112385, 37.398674219682356], [127.78452763428345, 37.395512643650065], [127.7831246170223, 37.39358732335995], [127.7816827004364, 37.39304216720763], [127.78409431562343, 37.38882957440153], [127.78274351166708, 37.38712746412293], [127.78037312974753, 37.386834797544594], [127.77969438888775, 37.38599739560176], [127.77861593500569, 37.385746289069516], [127.77845200783767, 37.38494098984762], [127.77665843678678, 37.38332589980476], [127.77669966730346, 37.3808881493823], [127.77579240824325, 37.37895553813037], [127.7774338944561, 37.37646873599548], [127.77668058195651, 37.37468069319879], [127.7789362977601, 37.37077132155559], [127.77736517286216, 37.371234676996444], [127.77353466543697, 37.36989951581084], [127.76977774835116, 37.36940224661266], [127.76287259333202, 37.36997735995355], [127.76000641985043, 37.368208130778115], [127.75948249165677, 37.367291075290005], [127.76114202722418, 37.364957533784974], [127.76051985540572, 37.360974049735475], [127.7593542186738, 37.35972800838571], [127.76052825290752, 37.35795564756327], [127.75972839625511, 37.35533829935559], [127.76075790783413, 37.35263517397322], [127.75835087991987, 37.35078947174521], [127.7586328104501, 37.348378896013976], [127.75788404137334, 37.34640767269544], [127.75889156637805, 37.34447055206697], [127.75847980076976, 37.34311464611364], [127.75907173470706, 37.34137642921777], [127.76069294222421, 37.34081670315397], [127.76083701650717, 37.33705296657633], [127.76296543705456, 37.33442778486382], [127.76166044397591, 37.3339423089001], [127.76044316830733, 37.33207914504628], [127.7583941556466, 37.330846901731235], [127.76044064479828, 37.32930433847429], [127.76277176966286, 37.32341088762412], [127.76293565941707, 37.322496718403976], [127.76209627155119, 37.32113905886784], [127.76348216706998, 37.31831055441463], [127.76538875670595, 37.31737501894146], [127.7649245188727, 37.31532316377163], [127.76554630397257, 37.31301651293317], [127.76637037740387, 37.31227432903598], [127.7667924659712, 37.31075847753219], [127.76828114167971, 37.3093384863329], [127.76831984890372, 37.30669322189024], [127.76758503659107, 37.3039265376181], [127.76819469784286, 37.301519704334616], [127.76715406407185, 37.301797305896564], [127.76566544500247, 37.30140712782212], [127.76214363657293, 37.30224150365266], [127.75933302347644, 37.301169925330605], [127.75887394896947, 37.300415736517344], [127.75755572742196, 37.30013104956961], [127.75669295249871, 37.2989007694323], [127.75461344700366, 37.29774244176527], [127.75065610854395, 37.29797725801373], [127.74988254881193, 37.29715947132406], [127.74957552575601, 37.29530335794152], [127.75024784290589, 37.29315667762772], [127.75003759407127, 37.291962474711724], [127.75294787667238, 37.2887795756142], [127.75353149788651, 37.288977332807605], [127.7543521607046, 37.287700641273005], [127.75446302773508, 37.28662604796039], [127.75556437119194, 37.28497750256615], [127.7539767980002, 37.28422598133276], [127.75656874173067, 37.28019546426348], [127.75631090138381, 37.27942759013682], [127.75767449472366, 37.278803103290734], [127.7565381656746, 37.27720429876048], [127.75908407529394, 37.277045844583704], [127.75956170953393, 37.273553050829285], [127.76048462303898, 37.272900669857705], [127.75933615356526, 37.271753604738315], [127.7597121076803, 37.2705615725854], [127.7593243892837, 37.27008821077167], [127.76066014105997, 37.26901166558089], [127.7593369465726, 37.266735514087145], [127.75985701976133, 37.26526719029174], [127.75748888719345, 37.26026143408423], [127.75722118515469, 37.25892322642506], [127.75760958422242, 37.25900794118425], [127.7576108376533, 37.25825109144923], [127.75267106000416, 37.25260925355781], [127.74996674005756, 37.24820857753262], [127.74688265264655, 37.239973302817276], [127.74724480766757, 37.23394348822231], [127.74798099217584, 37.23242739002492], [127.74691492960886, 37.22976680795282], [127.7471790895295, 37.22715743865768], [127.74920712569813, 37.221938260390225], [127.7489349606654, 37.218335894038724], [127.74635890795835, 37.21447678102541], [127.74475104849374, 37.21364588353252], [127.74410065711578, 37.209546980618505], [127.74425812169943, 37.20754685678788], [127.74650774152673, 37.200330171535086], [127.74785164747775, 37.200329595770775], [127.74891081558951, 37.19676217972895], [127.75013184472914, 37.19038337532986], [127.74939480068807, 37.189555707844534], [127.75104115137147, 37.18246464428209], [127.75202993654801, 37.18196000933979], [127.75552752179266, 37.1714408347689], [127.76548936312228, 37.15914134305045], [127.77918077207606, 37.14966328840057], [127.78731883790425, 37.1452275076657], [127.78782809886746, 37.14423637652844], [127.78952364487677, 37.14340827721041], [127.79335683419403, 37.145742305833956], [127.79548855554137, 37.14525556358665], [127.79766727694212, 37.14549690399159], [127.80164719987357, 37.14426328335908], [127.80693914901343, 37.1470642775947], [127.80965362596504, 37.14707114757457], [127.81159562952809, 37.146512200530665], [127.816850634264, 37.14700327001123], [127.8252015827442, 37.15224413825882], [127.82719017562874, 37.15208669553254], [127.82976369044295, 37.15266651635553], [127.83741080566791, 37.151580307514145], [127.83859087077107, 37.1521446897629], [127.84687987862796, 37.15280696549998], [127.84936110334365, 37.15353873517926], [127.85006532999851, 37.15417684572514], [127.85127522119714, 37.1584629696906], [127.85222553904316, 37.15991749951888], [127.85354206156063, 37.160332082451326], [127.85528623705844, 37.15995095701202], [127.85528886881299, 37.157931520288365], [127.85588320011708, 37.156476866392744], [127.85922681270426, 37.15634150037101], [127.86129919662994, 37.155348305318945], [127.8618184164861, 37.15593780757977], [127.86137186773487, 37.15921852431368], [127.86196495655739, 37.16104554839238], [127.86418771878725, 37.162381202719175], [127.86719754603921, 37.16229393020617], [127.86959331753111, 37.16382531736643], [127.872050040207, 37.16434397217421], [127.8750595048155, 37.16376037334053], [127.87904996732465, 37.16179369430432], [127.88015676428579, 37.16224951989466], [127.88656997210352, 37.16107411465753], [127.88838021201148, 37.15964457118238], [127.89056717177597, 37.15920921107475], [127.89145939418002, 37.15813395717285], [127.89542575820195, 37.156093421240115], [127.898894252274, 37.14980453858862], [127.90189111936594, 37.15220077513004], [127.90190894897724, 37.15320049418587], [127.9038682966261, 37.15695834086012], [127.9040326844999, 37.158743363944254], [127.90346386091883, 37.16004854249226], [127.90617904378831, 37.16172964743077], [127.90715309552738, 37.16522914096796], [127.90863336348237, 37.16712432211557], [127.91140538262943, 37.16752852195864], [127.91504522166171, 37.16888160958782], [127.92080040133156, 37.1658676865883], [127.9238415235362, 37.163631776664424], [127.9263269909435, 37.16552734914654], [127.92730067974384, 37.16978240247188], [127.93018968924709, 37.17150692611551], [127.93171007046357, 37.17478118115723], [127.93362553282935, 37.17580286086813], [127.93284449934129, 37.177877109352245], [127.93330965539906, 37.17930719786588], [127.93259705645586, 37.182372874031294], [127.93400409756367, 37.1852737793166], [127.9350497975212, 37.18562960592192], [127.93586671281271, 37.18683841067385], [127.93554948758424, 37.18785568147546], [127.9362592980509, 37.18876686608188], [127.93448919114937, 37.19037843052441], [127.93296324467597, 37.19307770686127], [127.93092102290336, 37.201130788976194], [127.93152526284553, 37.20169367867834], [127.93172751593201, 37.20498022713157], [127.93257364260052, 37.20597482592206], [127.93247275823559, 37.206989539398], [127.93065337031648, 37.21056619913774], [127.92956450342078, 37.21168523098075], [127.92729208653677, 37.21744808378796], [127.92709700844448, 37.220154054148914], [127.9235022735142, 37.221311164689176], [127.92246110265442, 37.22214706680056], [127.92158334892925, 37.22504528219984], [127.92191480619692, 37.225838132494175], [127.92661817098386, 37.231597229437355], [127.93120481293843, 37.2341576250787], [127.93888141408958, 37.240743161676804], [127.94519120195405, 37.24056211237018], [127.94694342714023, 37.241844178767074], [127.94738154480014, 37.24418329405484], [127.95268360783693, 37.247923636848476], [127.95765061796679, 37.24980473976182], [127.96454757917358, 37.25101025373619], [127.96973771198851, 37.25569959239042], [127.97191483686893, 37.25637836101498], [127.97398795996351, 37.256307569962885], [127.97989775322556, 37.258334279626], [127.98188041095507, 37.25679687481439], [127.98545591891148, 37.258137867714424], [127.98694245311273, 37.257841409618585], [127.99031194328566, 37.255511261406646], [127.99277466984984, 37.25482758712571], [127.99423445215733, 37.25357394834581], [127.99536876306243, 37.254306062640914], [127.99900098338101, 37.25486370119228], [128.00040168956247, 37.25343789071939], [128.00126867189434, 37.25360823959455], [128.00565721374159, 37.25231308309681], [128.00796528617352, 37.25212229565109], [128.00900485183044, 37.25065101455109], [128.0108365240272, 37.250027527635325], [128.0125860798147, 37.24768858530355], [128.01391302630674, 37.247044012871314], [128.01659202167917, 37.24689746889839], [128.01825682791406, 37.24571385682659], [128.0192155054305, 37.24437777293913], [128.0199485154669, 37.24137620726926], [128.0199225432675, 37.2365662170771], [128.0211006640639, 37.23030228570839], [128.02301522138993, 37.225633520675274], [128.02583235383287, 37.22596959025867], [128.0267144391154, 37.225089670156244], [128.03212733154697, 37.2238001523672], [128.03204679225666, 37.22134871380435], [128.03284339617193, 37.22012120260897], [128.03343616935302, 37.219518285627906], [128.0360780374736, 37.21860887996885], [128.03875481917322, 37.2160370406085], [128.03888375420868, 37.214706369931804], [128.03687858398877, 37.21275606797955], [128.0330823786863, 37.21080782784525], [128.032775123791, 37.20871791613638], [128.03053337779104, 37.20702804031655], [128.02953666638746, 37.20366919274491], [128.02835420693435, 37.20303916750605], [128.028298045827, 37.202323357101264], [128.0316172420712, 37.19933670887341], [128.0322359450682, 37.1980361334723], [128.0322177856749, 37.193878713948045], [128.0339069818352, 37.19140903932098], [128.03586953700275, 37.18979234944672], [128.0372030710949, 37.18928064650599], [128.04107353159463, 37.18899052138352], [128.04377181054417, 37.190886803944025], [128.0470325938874, 37.18963974281311], [128.04980922677288, 37.18957888476623], [128.0518241862572, 37.1909100161133], [128.05472990540477, 37.19152533855859], [128.05720336828517, 37.19304234691445], [128.06047463743545, 37.194092953518954], [128.06288279237742, 37.192816190060064], [128.06577404688292, 37.19389313542047], [128.07003366038126, 37.194487185467096], [128.07201515223878, 37.194485345282224], [128.073916270667, 37.19310622832605], [128.07648668828978, 37.19388426640884], [128.07754310494252, 37.19370038590137], [128.0856511020586, 37.19702717923856], [128.0882655713007, 37.199412279092186], [128.09256878598146, 37.19928459322234], [128.09506073936828, 37.19991512248017], [128.0954045209177, 37.20044494844872], [128.0964620181957, 37.200503036680466], [128.09926320192093, 37.201870284403846], [128.10000089774505, 37.20169534943118], [128.10317411990178, 37.202860550023736], [128.10633963725897, 37.2048667647781], [128.1086988669206, 37.20566886915689], [128.109353305185, 37.20661189996973], [128.11164025216766, 37.20780824029404], [128.11181546027424, 37.20893087129526], [128.11121967130236, 37.21031357682628], [128.1122252364425, 37.21078167843742], [128.11417082304536, 37.21305308104517], [128.11426279846603, 37.21526472254974], [128.1152110239748, 37.21663968704078], [128.11477983597544, 37.218418138857174], [128.1155119532618, 37.22027322124998], [128.11843963302047, 37.22283967023092], [128.12236201500238, 37.225204321719566], [128.12080108660314, 37.22729531861045], [128.12150830017643, 37.2293310688175], [128.1232968655551, 37.23095874383626], [128.12532223909434, 37.23453731627701], [128.1276083653037, 37.23423150379926], [128.12799168665902, 37.233605048146714], [128.12957211775145, 37.23374992776765], [128.1328967108807, 37.22979551446003], [128.13844382007832, 37.22997158406463], [128.14055153620666, 37.22954560171008], [128.14204045420385, 37.228598183382076], [128.1423230792902, 37.224336016138935], [128.14561341352172, 37.221843719328575], [128.1468871173762, 37.22232413489568], [128.14880605197084, 37.22067927485814], [128.15086130507916, 37.220737616632434], [128.1525438646693, 37.21744701480341], [128.15416064942684, 37.21585849340375], [128.15802006717806, 37.21631050748111], [128.16146372858773, 37.21540455461833], [128.16295722491225, 37.21384894218971], [128.16448012364862, 37.21345670860366], [128.16705967375037, 37.21479969942262], [128.1696684069151, 37.21781037574852], [128.17213263764617, 37.21802509538852], [128.1730686548704, 37.21906465019563], [128.17253208394777, 37.22493821669098], [128.17604390705537, 37.22834578518572], [128.1736204242967, 37.23101335490414], [128.1740986104829, 37.23260505724006], [128.17710304027847, 37.23392366252123], [128.17823603186542, 37.2355431985055], [128.18419235532463, 37.238280579768265], [128.19317030530433, 37.24524191263641], [128.19466229794747, 37.24574073154634], [128.1965838045204, 37.245737685544846], [128.1996757802088, 37.24698921825302], [128.20117549557716, 37.24897027040052], [128.20779919210813, 37.24882300920751], [128.21024157358457, 37.245792754757176], [128.2120159707234, 37.24535595420082], [128.21464566170766, 37.24607459994393], [128.21478521713783, 37.24184024103748], [128.2203134356206, 37.240298249088134], [128.22435041564538, 37.23293726009243], [128.22622809037418, 37.23283536454911], [128.2271797964544, 37.23121979334754], [128.22862280799194, 37.23017772222569], [128.22849886630686, 37.228026497569005], [128.22924385688603, 37.22756659777153], [128.2330236149543, 37.22701914012444], [128.23368355474832, 37.22754470397229], [128.2344598419744, 37.22734403681183], [128.2356541022486, 37.22863520921677], [128.23742368346595, 37.22931839316372], [128.2375768051531, 37.22888376569126], [128.23912163603802, 37.22906387645943], [128.24039627554615, 37.228439285899185], [128.24092258296406, 37.22744381872345], [128.24372133947557, 37.22700708562796], [128.24430528529868, 37.22654203904717], [128.24812461944813, 37.22894691664902], [128.25022328769387, 37.22974244974254], [128.2509333289929, 37.229582357553326], [128.25193590841707, 37.228224802408306], [128.25264940440894, 37.22797653859644], [128.25262649323372, 37.22714393759532], [128.25393168240086, 37.225948445674625], [128.25395377006924, 37.225069468496876], [128.25711440475848, 37.222409070852194], [128.25625310197532, 37.221863869011436], [128.2551939136002, 37.22215134589417], [128.25535627447277, 37.22183876108994], [128.25600195702918, 37.221456738029474], [128.2572216292778, 37.221946119441945], [128.25797551634787, 37.221237673700934], [128.25979441718044, 37.216409932799635], [128.26168769908028, 37.214121010915434], [128.26651305995125, 37.21059514909316], [128.26703812720626, 37.20908968611774], [128.26840122067782, 37.20791509645728], [128.2728557716213, 37.209857132408686], [128.27479221152436, 37.20964571921543], [128.27854352130916, 37.21009552456024], [128.28043597054236, 37.20942639849094], [128.282526110075, 37.210272136341494], [128.2839471075549, 37.21018101660298], [128.28465072028737, 37.21167324750898], [128.28818052739635, 37.21507332589624], [128.2912761355721, 37.21460240143515], [128.2936468203189, 37.215945485110055], [128.2946853162894, 37.2156331663551], [128.29703737512716, 37.21633500612335], [128.2999813077357, 37.21623772961033], [128.30137967614345, 37.21689530754944], [128.30914086184134, 37.21745688149769], [128.31014582802382, 37.21926182039912], [128.31404062918068, 37.222690866814574], [128.31658564104697, 37.22339073667947], [128.31631785736917, 37.22244626990245], [128.31868370058268, 37.221649371391536], [128.32005731563234, 37.219859718977304], [128.32100656097433, 37.21935895858092], [128.32382898978983, 37.21923371948037], [128.32706597985143, 37.21680684833359], [128.32896601935465, 37.21681983059212], [128.32998715734695, 37.216236631525966], [128.33339658772843, 37.21578670082256], [128.33292076981405, 37.21453350096448], [128.3305539973511, 37.21174396594373], [128.3298511907721, 37.20964637852159], [128.32988456885218, 37.20779561823304], [128.32876452844516, 37.20607012939549], [128.32870344959645, 37.20461236100443], [128.32968677199187, 37.2031974996733], [128.32964144438606, 37.20225817227657], [128.32749952801143, 37.199596972921604], [128.32745852698383, 37.19850104280078], [128.32638747509242, 37.19729108033423], [128.3249153419195, 37.19699584874106], [128.324695689394, 37.197478078151725], [128.32243505074112, 37.198347410248694], [128.32150335982814, 37.197577048298044], [128.32175803031913, 37.1955475631533], [128.31880269841386, 37.196439771701534], [128.31508105120267, 37.19676209438216], [128.31506338406388, 37.19712352477286], [128.3133922378433, 37.19677574288145], [128.31285490686534, 37.19505265200212], [128.3137074110487, 37.19332853087877], [128.31299386817696, 37.19114253889218], [128.314198416294, 37.189997337212915], [128.3111004620069, 37.18983791845124], [128.31048786774176, 37.18733713449747], [128.30865603293486, 37.1874730793392], [128.30765625871413, 37.18600311922875], [128.30638889608264, 37.18626090903898], [128.3059860824297, 37.187065813481276], [128.30264340890938, 37.1866239317943], [128.29992347807848, 37.18358197571932], [128.29562354750138, 37.183288335643816], [128.29606059903165, 37.1784635725053], [128.29730008942732, 37.17614659260239], [128.29729286051756, 37.1740338673153], [128.2980728005293, 37.17165939943385], [128.29587405466398, 37.17155110645287], [128.28967575315505, 37.1701483507483], [128.28781500999227, 37.17129705697778], [128.28243308335496, 37.1717878309278], [128.28111416066727, 37.17340246322438], [128.27841519319816, 37.17213302859776], [128.27629927212857, 37.17268176474297], [128.2759215843712, 37.17105954572124], [128.27366607307252, 37.16964135943455], [128.273203921428, 37.16834889309166], [128.2707173180012, 37.16635789970449], [128.27004838720123, 37.164877024525175], [128.27038521856562, 37.16177147350395], [128.26632169878934, 37.161270941603426], [128.2644415416554, 37.160415061611936], [128.26591601937577, 37.157866706672465], [128.26620092164165, 37.156026775806325], [128.2672446324974, 37.15602773212304], [128.27058559387467, 37.154228594209584], [128.27226629392771, 37.151159038112624], [128.27225709419884, 37.14894861120053], [128.27328634383088, 37.14762916016908], [128.276723023511, 37.14613600108041], [128.27758806512972, 37.14415576760409], [128.27993154092493, 37.142462831587046], [128.2818483270619, 37.14306636477458], [128.2846860039619, 37.14315393029278], [128.2849685391441, 37.142369539553954], [128.28889299715493, 37.141234521000676], [128.29061707330024, 37.13984768199258], [128.29267395013247, 37.13929850119081], [128.2957082021961, 37.136027463645966], [128.29623430074358, 37.13410767463128], [128.29833692506602, 37.134189668067684], [128.30072782752083, 37.13527140473907], [128.30099303346228, 37.135948650597726], [128.3063609202491, 37.13752592493771], [128.30588262840723, 37.13953336832918], [128.30931727996, 37.142803403625116], [128.3095150172277, 37.14492532686377], [128.31111201315596, 37.14578388446317], [128.3121140915679, 37.145000615751655], [128.3167204156896, 37.14755932796855], [128.31852780015583, 37.14784323826548], [128.31978525104262, 37.14726422728359], [128.32201917115114, 37.1492219497247], [128.324732947537, 37.14807344493591], [128.3259871575623, 37.14910563591188], [128.32746560232437, 37.15293574393135], [128.32922121241995, 37.15200737567652], [128.33067274228532, 37.15034315983219], [128.33305377394663, 37.15255951911934], [128.3334726490422, 37.152476048926346], [128.33490714022815, 37.15512383562506], [128.33445924680606, 37.1559792745546], [128.33474641013206, 37.15652154758509], [128.33709310321547, 37.15785242740712], [128.34048628896, 37.15809257808163], [128.34258855248433, 37.15594212198836], [128.34343480944742, 37.156306447410444], [128.34537732526502, 37.156101435609955], [128.34704426362043, 37.15717783780747], [128.3476314365582, 37.15649975151343], [128.34822141083976, 37.15650759089413], [128.34874921125214, 37.15698788660376], [128.35051218098644, 37.15703426493342], [128.35080180250668, 37.1575715662951], [128.35151373381893, 37.157412619654465], [128.3539848274512, 37.15567479170223], [128.35559469793264, 37.153597063392944], [128.35828268393217, 37.152276390104184], [128.35971534682918, 37.150220817386796], [128.36216949702128, 37.15269620920122], [128.36257799086346, 37.15394483536289], [128.36445715764427, 37.15624336866224], [128.36442173095045, 37.15763209920856], [128.36535288871056, 37.15763801125324], [128.36788810517564, 37.15443079032715], [128.36931065027358, 37.155120867526136], [128.3741317120815, 37.15348652189895], [128.375829416793, 37.15331335075794], [128.37707906091947, 37.15166780692054], [128.37816282863992, 37.15173617065123], [128.3780882471099, 37.15308355080232], [128.37877492087378, 37.15384054537746], [128.37875181135274, 37.154687165696714], [128.38050955323288, 37.15499178339526], [128.38147018369398, 37.155987945295806], [128.381853446797, 37.15522387902052], [128.38332005555927, 37.156603368668314], [128.38369725029239, 37.158206180458286], [128.38435166557764, 37.15812161404999], [128.38875873171347, 37.15461574731881], [128.39106769696423, 37.15512131221209], [128.39279983926517, 37.15480321479862], [128.39252848543444, 37.15338731697811], [128.39317760483254, 37.15173434527673], [128.39536631191766, 37.15053956183085], [128.3963747131365, 37.14856876934055], [128.4008742866781, 37.14687632016126], [128.40241433280065, 37.1415516646639], [128.40366341169855, 37.13961848064511], [128.40182222172902, 37.138516199246794], [128.40131949012195, 37.13542506457056], [128.4017929712773, 37.134808471751306], [128.40087974736795, 37.13409483605353], [128.40078853690432, 37.13333125509976], [128.39809267239846, 37.13165303186062], [128.3979002021467, 37.130615880073755], [128.39600246987968, 37.128594066909216], [128.4057515092807, 37.12698772959576], [128.4072853481154, 37.126378374755554], [128.4110441140547, 37.12213440498602], [128.41513955927502, 37.120246003450525], [128.4161487385984, 37.12081609005274], [128.41847330692525, 37.11981445427565], [128.42002011046816, 37.118003389752246], [128.4198948077543, 37.11629900538529], [128.42104626619087, 37.11370344632012], [128.4235605808128, 37.11224428502534], [128.42216177635157, 37.11015768006161], [128.42257002055882, 37.109386514413465], [128.42215528555198, 37.107785669952825], [128.4230626287421, 37.103248677065785], [128.42470044991438, 37.10246400377906], [128.43012317254104, 37.103670864253345], [128.43058068608627, 37.10675361410344], [128.43555124067595, 37.109508094243765], [128.43514108394078, 37.11147687013407], [128.436140082946, 37.11199235120171], [128.43981739685105, 37.10995716144639], [128.44269186735622, 37.109241137442574], [128.44480126308764, 37.10626583274362], [128.44665766748125, 37.10901600964993], [128.4508362386555, 37.11235957961147], [128.45252130302012, 37.11172150425638], [128.45531105966745, 37.11184546914903], [128.45672819873602, 37.110677615877435], [128.458045660595, 37.11027554064469], [128.46119802244854, 37.11047248068682], [128.46166829569694, 37.11015533717212], [128.4623550387823, 37.11046475510554], [128.46632478997455, 37.109719451157254], [128.4681674165146, 37.11020505640278], [128.47230076591467, 37.10984350525555], [128.47780577426437, 37.11015490772681], [128.47927782612192, 37.111328200257695], [128.48086993887418, 37.111687537258916], [128.48187393280628, 37.11270031526453], [128.48176130437432, 37.11418293741768], [128.48238968577684, 37.11495690727821], [128.48452337160327, 37.11740601637412], [128.48555587527653, 37.1177672210957], [128.4868492542641, 37.12006617154181], [128.48944600927024, 37.12101198950424], [128.49099653957603, 37.123817780724494], [128.49655392047495, 37.1257906908686], [128.5029852369704, 37.11966505654743], [128.50342441001234, 37.11848862937352], [128.5066721093665, 37.11544215684875], [128.51075840168878, 37.11395422437258], [128.51119068415787, 37.1108684676916], [128.51364616888856, 37.10602589787792], [128.51446627878877, 37.10135162449442], [128.51551696177538, 37.10325128790323], [128.5184316110719, 37.10188712818301], [128.52072548194724, 37.10223981413017], [128.52183560048397, 37.103091369652596], [128.5249426304672, 37.10146482195265], [128.52771009738572, 37.10152762081212], [128.53116570055911, 37.100014346504395], [128.5341358619051, 37.098112299166864], [128.5355737139242, 37.09186597961089], [128.53683430577829, 37.09013604581164], [128.5381309554226, 37.08962700495368], [128.5415567056061, 37.08902901951143], [128.5444654300219, 37.087585890441915], [128.54709824231273, 37.08728153789182], [128.5497474290307, 37.08618887497193], [128.55667719887714, 37.08722660114019], [128.56170213994548, 37.090236267900096], [128.56483506551618, 37.0886576632568], [128.56740954971514, 37.08823725629194], [128.56917951662734, 37.08671058360587], [128.5709067138767, 37.0862171246287], [128.57036842314704, 37.08447459786531], [128.5733395277504, 37.08296291795043], [128.57440621796331, 37.08131707388301], [128.58173423056863, 37.08167431949132], [128.58320255393042, 37.08074930892652], [128.58868488605435, 37.079975477818365], [128.5908318000629, 37.078366838675684], [128.59184743693183, 37.07815524123343], [128.5935651696865, 37.07884054995434], [128.5939837515802, 37.08085631217447], [128.59503667035648, 37.08153642996562], [128.59689532324936, 37.08241652394738], [128.59921769849694, 37.08209460846408], [128.59959472788987, 37.082581853990696], [128.5991261245545, 37.08307237797919], [128.6016230258909, 37.08305668350637], [128.6020105052471, 37.08220105692823], [128.6008605724497, 37.08082400151166], [128.6010147595855, 37.078871740532], [128.60297655911265, 37.07838185582619], [128.60487973339178, 37.07936227042965], [128.60492596263114, 37.077974597709186], [128.60640456038803, 37.076670231285455], [128.60796929415204, 37.07750722621349], [128.609920158802, 37.07991335471348], [128.61129645458112, 37.079824143667445], [128.61201595290905, 37.08067987401334], [128.61503174965483, 37.08188109065896], [128.61754039794312, 37.084233529530145], [128.61765577422065, 37.08514206185381], [128.62065192110614, 37.08583027994769], [128.6226423202794, 37.08740181777251], [128.6245558452499, 37.084428442328836], [128.62827849928996, 37.08133259158328], [128.62730358066338, 37.07746507705168], [128.628220763186, 37.07652193635763], [128.628212915108, 37.07515610353516], [128.63352523437536, 37.07232019051048], [128.6343622566238, 37.07070079543106], [128.63739684983625, 37.072257403836225], [128.6390999602549, 37.07066228249679], [128.6404606619728, 37.07104000222928], [128.64267078790877, 37.07076245156074], [128.64466936240723, 37.06905218532253], [128.64593296964244, 37.06909692348892], [128.6505993358905, 37.06582847001008], [128.65216473745997, 37.06542779832149], [128.65307916095026, 37.06571436171351], [128.65600636528038, 37.06446289176731], [128.65739765190096, 37.06116679174686], [128.6594101213344, 37.06034948650541], [128.66190582596835, 37.06104153188661], [128.6642752334956, 37.06090332824291], [128.66927348685698, 37.0593994907031], [128.67030960710113, 37.05943671918357], [128.67191767693737, 37.05859392785787], [128.67313348864593, 37.05897603218583], [128.67565092667684, 37.058847617626945], [128.67752409836876, 37.05701163697943], [128.67975822413217, 37.055794437881524], [128.68061496108248, 37.05383116921214], [128.68288032642167, 37.05314447683829], [128.68373237131217, 37.05143521301769], [128.68907346431666, 37.053054553024865], [128.69527171610017, 37.046194084933674], [128.69670781820042, 37.04528781274742], [128.69683558732655, 37.044242004424035], [128.70040356513255, 37.04082755558498], [128.7041309588616, 37.04091770889164], [128.70506428498797, 37.04012187928951], [128.7090990016336, 37.03935578371335], [128.71275001884015, 37.042652493377155], [128.7150142494605, 37.04278897830024], [128.71866888891478, 37.04375141650347], [128.72225255409458, 37.042497737672875], [128.72588235270013, 37.0423518539836], [128.72745619289023, 37.04102685850833], [128.73011845813377, 37.04112862555003], [128.73200392189764, 37.04038306400564], [128.7346183658539, 37.040227798374154], [128.74057216946366, 37.036700168348894], [128.74321887589474, 37.034487277199], [128.7431126503116, 37.03391672311781], [128.74450997032, 37.03344145298219], [128.7490789911524, 37.02886289005652], [128.75097589559232, 37.02810180083866], [128.7527980955519, 37.028206265929796], [128.75376494600684, 37.027832488141826], [128.75455013500667, 37.03196272534544], [128.75978458916947, 37.035616045768045], [128.76217588073348, 37.03615542661532], [128.76254456251914, 37.03785656588135], [128.761420368027, 37.04443888467039], [128.76067770128864, 37.04537175139047], [128.76001277660183, 37.04548999694059], [128.75910226599763, 37.04700134748322], [128.7572512410072, 37.047576656576126], [128.7566416040378, 37.049093544239824], [128.75519342764005, 37.0501646273833], [128.75464022433565, 37.05279470620789], [128.75302124291244, 37.0537179394118], [128.75232021345988, 37.055934396754175], [128.7525849115152, 37.05786093323128], [128.75455059537342, 37.05974576137084], [128.75469385456003, 37.06113837694891], [128.75405842107023, 37.061942377732414], [128.75581523574078, 37.064974425228996], [128.7552605054871, 37.06621810300028], [128.75656750287936, 37.06707786456287], [128.7564262944859, 37.06829210004139], [128.75750983005358, 37.0700124810828], [128.7581483261791, 37.06972387542069], [128.758079134942, 37.0690808618337], [128.7601514261493, 37.06675717061779], [128.76475217521755, 37.063548156829974], [128.76535607776222, 37.06403452749525], [128.76838756124403, 37.06780969438407], [128.76857585071252, 37.072706190169114], [128.76981984114434, 37.07396286063389], [128.77008163658337, 37.075233627082575], [128.77098796493937, 37.07563221805247], [128.77134036874762, 37.076349267348796], [128.77423175886955, 37.077346848650315], [128.77541366690383, 37.0786531344188], [128.77792828570495, 37.07893482246265], [128.77784025110924, 37.08328033562165], [128.77359135857216, 37.087508052538745], [128.7766828075836, 37.08878884588127], [128.77643345520315, 37.08977553915436], [128.78028227597443, 37.09234272047378], [128.78127783075857, 37.09226974899677], [128.782691151203, 37.09144075040868], [128.78580641532875, 37.087853532726875], [128.79942335898886, 37.086944257340534], [128.80109279802858, 37.08560032049682], [128.8015262482901, 37.08435404475113], [128.80011370477573, 37.081275581988365], [128.80047994660174, 37.08002580066147], [128.7999655824417, 37.07897491936574], [128.80218570586993, 37.077712263395945], [128.80381282278995, 37.0779415841887], [128.80565533934134, 37.077210382796665], [128.8080035053455, 37.07575679392518], [128.81052042753822, 37.077792149183246], [128.81256962781674, 37.078711786093685], [128.81762272284888, 37.07776986129516], [128.81942806560104, 37.07703095498932], [128.82435279260756, 37.07785182917827], [128.82634602099557, 37.07883054119347], [128.82840951166452, 37.07889780729542], [128.82938357544597, 37.078459056546244], [128.8320818760931, 37.075075456536936], [128.83126350694198, 37.0741066963223], [128.83093109167532, 37.07016730750578], [128.8316659888112, 37.06740405735492], [128.8329626341822, 37.06731465526654], [128.8359526914796, 37.06594274027459], [128.8399772411725, 37.061671121649184], [128.84064747435855, 37.059356498756244], [128.84401684106322, 37.05716887804073], [128.84392492140452, 37.05462274870171], [128.8460576917833, 37.052925238992174], [128.8468747628974, 37.05160661247033], [128.85039928442666, 37.05072819729711], [128.85108140490644, 37.05019990352853], [128.85251530022728, 37.05033591683768], [128.85698539539692, 37.04892219346319], [128.8589787866968, 37.04965737047994], [128.86365421290583, 37.048695077199355], [128.8646275483841, 37.04803294414358], [128.86594851655963, 37.047942724083306], [128.8673663942012, 37.046207309935006], [128.8697075739443, 37.04555259496937], [128.87247945200198, 37.04394525963456], [128.8756637582937, 37.04474590265535], [128.87684218720912, 37.04607807901288], [128.87712089611517, 37.04903793086675], [128.87835197191018, 37.050863534423904], [128.87790305564135, 37.05185826105077], [128.87854418471443, 37.05325513129972], [128.88096994700652, 37.05182522127541], [128.88430892775443, 37.05118297718344], [128.88517189801365, 37.05024432821892], [128.88734115304135, 37.05035522104862], [128.8891969509556, 37.04975341337549], [128.8916768864556, 37.04769502613921], [128.8928373834132, 37.04748136235504], [128.894793619228, 37.0452510550129], [128.89641982636505, 37.04451557405747], [128.89788326227097, 37.04596679040298], [128.89740819127493, 37.04796483516642], [128.8976916462443, 37.049747721533656], [128.8969817778981, 37.05056537652093], [128.89680269895754, 37.055064638043476], [128.8980744566733, 37.057604068945956], [128.90486079228305, 37.06204214681373], [128.90554518402837, 37.06397265113982], [128.91041654347217, 37.066134789295106], [128.91019266540556, 37.070222151106876], [128.91322795610142, 37.0730931662399], [128.91428945397953, 37.07501948158067], [128.91418835589673, 37.076030372460146], [128.9169301783035, 37.078695372529005], [128.9169540878644, 37.081016764218425], [128.91506275237518, 37.083712693424054], [128.9179437168192, 37.08583471969424], [128.9201714516033, 37.089837447456645], [128.9217762036301, 37.09143203017406], [128.923315528146, 37.09211695201992], [128.93205831845353, 37.090873242703374], [128.9331262515104, 37.09179528973775], [128.9367449890266, 37.09210920485074], [128.937821075099, 37.09280303753657], [128.93988786816968, 37.09295472345569], [128.94045491578467, 37.09340555771008], [128.94373825210755, 37.09332713333066], [128.945663178677, 37.09377790189935], [128.94576447683303, 37.09278808877417], [128.9474854979887, 37.091683868172], [128.95024979581186, 37.08871258999174], [128.95126481555258, 37.08646372306591], [128.95342646875255, 37.084922339660444], [128.95301378311214, 37.083738821043134], [128.95330078728963, 37.081254877252505], [128.9548153934649, 37.07958828943838], [128.95788825570074, 37.07876020979722], [128.95927438517108, 37.07757664126934], [128.96559182345717, 37.07922670668565], [128.96998717686685, 37.07982293630917], [128.97095795291636, 37.08059098844625], [128.97090529874706, 37.08111597964736], [128.97179853459443, 37.081514016483396], [128.97538678719764, 37.08101366311226], [128.97659042153614, 37.0817161378908], [128.9774374527209, 37.08145466270577], [128.9806744080476, 37.08296087153456], [128.98184538495042, 37.08292677628147], [128.9833966335544, 37.08462055416973], [128.9886138668131, 37.084374435707865], [128.99124295345854, 37.08255956316852], [128.99643545543037, 37.08126444733122], [128.9972658614896, 37.081736393859266], [128.9988014607197, 37.081469264490615], [129.0006253405795, 37.08036447043991], [129.00846346676147, 37.07907607268752], [129.00958136983374, 37.0785495292722], [129.01389520436567, 37.078548751162394], [129.0151731050409, 37.0795293196045], [129.01864748317513, 37.07797474987332], [129.0203826102369, 37.07655893176528], [129.02187920824366, 37.076894655043404], [129.02307568025577, 37.07814032780215], [129.02434963515128, 37.07834719895527], [129.02878780701272, 37.077092052184355], [129.03043659299243, 37.07703203704956], [129.03240807535514, 37.07492281465933], [129.0366683090317, 37.076171013613894], [129.03692954326948, 37.07487133412421], [129.03926928474968, 37.07406815935898], [129.04186617380873, 37.07106244375658], [129.04379115903316, 37.07110283520011], [129.04832565370813, 37.0700862973797], [129.0500214864831, 37.0683996213919], [129.05132008987073, 37.06782903529682], [129.05237582372112, 37.06789411194142], [129.05170942903928, 37.068678286125206], [129.05343065690002, 37.07019383263849], [129.05427617517307, 37.069816845525295], [129.05706728962554, 37.06789951340191], [129.05632689281055, 37.06577849731897], [129.05650924029837, 37.06518953747606], [129.05740397125209, 37.065051003849575], [129.05943579783965, 37.06524999702614], [129.06067619232664, 37.06595690050622], [129.0621313889821, 37.06826919219967], [129.06397573940166, 37.06813514941661], [129.06520891119985, 37.071752277724464], [129.06623075901555, 37.073545583166265], [129.0673653243093, 37.074453754519666], [129.06741819897485, 37.07619495180204], [129.06560493539496, 37.078752155483336], [129.06715037949846, 37.080978777780054], [129.06878239595125, 37.08200053292191], [129.07016001382206, 37.08388744476282], [129.07080695245267, 37.084013310429825], [129.0701302811219, 37.087464404836794], [129.07042034423532, 37.08822244764333], [129.07415318457467, 37.09102166186946], [129.07576583852168, 37.09152652946206], [129.0769540100027, 37.09298920259115], [129.08081452265282, 37.09336920280244], [129.0826819173561, 37.09409497979896], [129.08749007060976, 37.09710897610137], [129.09128049972296, 37.09724836519823], [129.09239883893764, 37.09864028127851], [129.0962511285244, 37.10041465415163], [129.09770194369787, 37.09990736047387], [129.09820245378498, 37.098974131937496], [129.10098448672144, 37.09936826942036], [129.10449648517422, 37.09770466033829], [129.10643642939922, 37.09493905565692], [129.1076597975007, 37.09437356589118], [129.10777949004597, 37.09349737765739], [129.10876120607927, 37.093590718613356], [129.1127104167785, 37.09241330373864], [129.117989335545, 37.09272677218567], [129.11871750123777, 37.09219965309957], [129.12012808298135, 37.09233285294637], [129.12289113861328, 37.09127665293606], [129.12255511741873, 37.0899497212199], [129.12658016347157, 37.088935410435326], [129.12648728486522, 37.08505910276903], [129.1271883005447, 37.08444356705015], [129.13169891123997, 37.08314441442643], [129.13357849551684, 37.081782579434226], [129.1365944471695, 37.08178305661402], [129.13786574044758, 37.08139082010888], [129.13947184107678, 37.08227322076397], [129.14218086465718, 37.08034601748734], [129.14427291396876, 37.076580072826026], [129.1480455371555, 37.076130076017684], [129.14975632242104, 37.07448393291294], [129.1511766173767, 37.07415942332081], [129.15211554120836, 37.07323066244769], [129.15259337299224, 37.0734306228507], [129.15425703010254, 37.072288545557086], [129.15523988560707, 37.070283235282396], [129.1579971233253, 37.07131504553713], [129.15923026033875, 37.07073909152349], [129.1594343561221, 37.069677166205985], [129.16068620178402, 37.069553012750916], [129.16177319682052, 37.06882596696701], [129.1645825510306, 37.06937067961749], [129.16613639006817, 37.069157800099944], [129.1658052420986, 37.06734052340331], [129.166762244106, 37.06526110371352], [129.1692154180635, 37.06343863564514], [129.17039764595316, 37.06035612484058], [129.17570585868035, 37.0578032350199], [129.1762795504622, 37.05686181376357], [129.17705378418862, 37.056716058402024], [129.17922379899952, 37.05399026671103], [129.18042938894948, 37.053207361976966], [129.1817023991883, 37.050390492080155], [129.18368125023508, 37.04886121472685], [129.1838066833244, 37.047253226141024], [129.18502950416826, 37.04657960709494], [129.18445191127716, 37.04378091622712], [129.18540948847922, 37.041719080608786], [129.18693395198844, 37.04186131994871], [129.18756964312678, 37.04134771029425], [129.1906093995005, 37.040650694637016], [129.19337186681634, 37.0409416743024], [129.19475222321879, 37.040629783209624], [129.19593872490177, 37.04249088291511], [129.19961437909419, 37.04268052682826], [129.2021492870368, 37.04443201555723], [129.20504610276578, 37.04497248090332], [129.20806205510684, 37.04394529587803], [129.21340949263907, 37.04298721354785], [129.21511316641755, 37.04392452983495], [129.21932902380374, 37.04369635811905], [129.22114247475125, 37.04443508855264], [129.22344281494688, 37.043908476923455], [129.22531413641636, 37.04455999502068], [129.2276846931235, 37.04314684915012], [129.23034002352344, 37.04247860098179], [129.233592080256, 37.040401820012555], [129.23644841465386, 37.040357160806415], [129.23801244078155, 37.0386653111612], [129.23890626196172, 37.039369648346536], [129.23820924172534, 37.04078797112135], [129.23537093982722, 37.042952115128514], [129.23470561166826, 37.04289284399554], [129.23266707304202, 37.04421926787163], [129.2331163744552, 37.0454412506553], [129.23271780299586, 37.04680548499728], [129.23292800197646, 37.04969708589264], [129.23113013840117, 37.05221943699284], [129.23206013102765, 37.05442784966683], [129.229539307113, 37.05473830052197], [129.22852082762373, 37.05723470926433], [129.22879924505907, 37.05826440834615], [129.2308010582, 37.058844735469], [129.23307499493143, 37.063881939287505], [129.23047069560425, 37.06721894961159], [129.2308616904146, 37.06890212875561], [129.22854244958717, 37.07161479146653], [129.22649441056976, 37.072163295962405], [129.2253777099318, 37.0737201133127], [129.22711698478216, 37.07503211737414], [129.23085936814658, 37.07662278823547], [129.23323597283118, 37.08009733078368], [129.23592396862816, 37.08106426714328], [129.23577683848399, 37.081545310512155], [129.2372527049538, 37.08381250231282], [129.24045943447368, 37.085035135374845], [129.2419532050514, 37.08759902070906], [129.24340481182713, 37.08816125103843], [129.24383965744147, 37.08983223556608], [129.249030165388, 37.096151371394924], [129.25178798826926, 37.097123845834766], [129.25316383514448, 37.09678937089329], [129.25394496697118, 37.09759678113094], [129.25520715733396, 37.09799892341349], [129.2552602697593, 37.099352931059364], [129.2590751873977, 37.10104518394706], [129.26022999308898, 37.10095564705624], [129.263289387294, 37.10199830507307], [129.265992708483, 37.102324013758384], [129.26886191610188, 37.106277143558344], [129.27024315138388, 37.10692279762639], [129.26914117296803, 37.108510656800675], [129.2691922845857, 37.11021211392149], [129.2705316683352, 37.111171601588616], [129.26977788566344, 37.11297939688386], [129.2710712844487, 37.11445321281507], [129.27123827369945, 37.11638056954891], [129.27201913337683, 37.11700813361205], [129.27451609910025, 37.11726530059832], [129.27673882719373, 37.11855351210434], [129.27848732532078, 37.11705722917158], [129.28111743553023, 37.116706483072456], [129.28199680024488, 37.11609832870867], [129.2853854535204, 37.11724843644796], [129.28865008463507, 37.1152533237933], [129.2904501444479, 37.11512506542893], [129.29255003775066, 37.114319144163936], [129.2932162138588, 37.1147479692519], [129.2934388178897, 37.114368670758495], [129.2945916267428, 37.114365114637174], [129.2952305707572, 37.120297955354204], [129.29759468047035, 37.12248425138818], [129.29777595516725, 37.124432012511754], [129.29931330391142, 37.1241143034091], [129.29978208206947, 37.124401624653046], [129.30055409455548, 37.124941097657], [129.30112890311918, 37.12658402598061], [129.3038656947638, 37.12824058246554], [129.30617868955213, 37.12768313615892], [129.3088855383751, 37.12793997712532], [129.31098347145095, 37.129582329678406], [129.31104480992101, 37.13166997253932], [129.31180117717352, 37.132212852722596], [129.31445361840733, 37.13133960890824], [129.315585286568, 37.132298488812076], [129.3181472579146, 37.132952324717046], [129.31940169449967, 37.13444319265401], [129.319156292888, 37.13545158572847], [129.32063369858375, 37.13576848285639], [129.3216162345836, 37.13676578558241], [129.3215616529571, 37.13758725956139], [129.32295100114058, 37.138197926351566], [129.32298741766857, 37.13994655198459], [129.32482985974207, 37.14228621959087], [129.3278930365535, 37.14194791381329], [129.33056923148996, 37.14049696042395], [129.33324133425884, 37.1407073506641], [129.3340794541481, 37.14260356033202], [129.33643534807547, 37.14197636552171], [129.3383459163065, 37.14345700898775], [129.33950600723074, 37.14682968709457], [129.33995631412694, 37.14533136331194], [129.34099480389398, 37.144603030302534], [129.3443360070455, 37.14595317089797], [129.3460567405821, 37.145736733198], [129.34783584146803, 37.14644763049984], [129.34908611884293, 37.1464543063419], [129.34899512161442, 37.145233428645504], [129.3505258371806, 37.14622673166259], [129.3520722745131, 37.146308507380965], [129.35484934173326, 37.14573715939799], [129.35663762897616, 37.14483003536048], [129.35829081641057, 37.14522785899301], [129.36150789954576, 37.14483342013252], [129.36394282265928, 37.14624403169666], [129.36353824978593, 37.1471012027044], [129.36399657126555, 37.14794790635001], [129.36164214919086, 37.1497526448296], [129.36164195428626, 37.15080127553438], [129.36048669439538, 37.15203788861911], [129.36069455387334, 37.15280774738297], [129.36152960393633, 37.15299811798986], [129.3617092035544, 37.153482066372085], [129.36052338331865, 37.15300794052112], [129.35954374881462, 37.153877191325556], [129.35953816900866, 37.15467193718135], [129.3604099593172, 37.15474912262547], [129.35913455479565, 37.1549487042523], [129.35857448861648, 37.15744857069629], [129.3544171602874, 37.160985145896205], [129.3562156646608, 37.1610878980026], [129.35705093830163, 37.15972095129665], [129.35688035671782, 37.16067996975739], [129.3563756423817, 37.16112778167946], [129.35565672228188, 37.16135823463496], [129.35418421056477, 37.16106887882282], [129.3531422826027, 37.161597662064885], [129.3525520941351, 37.162704398469494], [129.35266708507413, 37.16408752454279], [129.3518928071274, 37.16421461269869], [129.3518035087869, 37.16515619057431], [129.35450780089602, 37.16516618749422], [129.3575941289476, 37.16643215576743], [129.35867633021215, 37.16640558790995], [129.35867234050733, 37.16679613908195], [129.35759274212356, 37.16681903395921], [129.35636949249167, 37.16614665654545], [129.35580207985078, 37.166704019637976], [129.35668279104826, 37.16738177194033], [129.35409310359213, 37.170236236294286], [129.3528709441165, 37.170219588435515], [129.3498699010545, 37.17385299997566], [129.35246046223747, 37.17531964197695], [129.34678911748279, 37.17255018466268], [129.3451460261549, 37.17131965517723], [129.3452193769637, 37.17208295572886], [129.34414429673367, 37.172304830825475], [129.34439007662795, 37.17418092723197], [129.3452129870953, 37.174977135576526], [129.34423306237534, 37.17446908959145], [129.34278754707762, 37.17520700605103], [129.34280091119987, 37.17612144453569], [129.34412216593213, 37.17608571714691], [129.3458179254385, 37.17523208038403], [129.34568959698709, 37.176493692455416], [129.35262199510944, 37.17707921188359], [129.35244563945602, 37.18002863142228], [129.35148373216944, 37.180002720073325], [129.35183110974017, 37.1772762680775], [129.3475478919998, 37.17705010775253], [129.34724422765922, 37.18267984221693], [129.34616485003392, 37.18392566510014], [129.34532293227696, 37.19439005044651], [129.34471161227145, 37.195187303679965], [129.34295925489633, 37.195209039146945], [129.3427794170895, 37.19580953292602], [129.3428611424038, 37.196445128309435], [129.34352676953705, 37.196760497303394], [129.34291671839446, 37.196879029632115], [129.34295236964172, 37.19751588796646], [129.34341745820686, 37.1975445441463], [129.34303025542056, 37.19780228536502], [129.34359883311114, 37.19814753921231], [129.3431247057078, 37.198487258437446], [129.34420718582112, 37.199462023893275], [129.34315410207884, 37.20060193163127], [129.34459113245987, 37.201311209191495], [129.34550100384055, 37.199718841111455], [129.34489872037602, 37.20147664718451], [129.34648388636228, 37.20269022651103], [129.3457235586886, 37.20374316092167], [129.346221793277, 37.20403671739715], [129.34571992484769, 37.20459827383236], [129.34624682768737, 37.204979861497705], [129.34581245292952, 37.20606445679639], [129.34662509928458, 37.20623580430898], [129.34650975567908, 37.20864901463764], [129.34746829439692, 37.20938474433989], [129.3481126237279, 37.21079533149503], [129.34752739276172, 37.212076984586304], [129.34608476480855, 37.21322697952844], [129.34643668064228, 37.21512134586122], [129.3456351864062, 37.215014704349045], [129.34491257881783, 37.215646430603414], [129.34487577359917, 37.2168800986072], [129.34353569323886, 37.21970247461285], [129.34188306092332, 37.220533386450484], [129.341021754667, 37.22163420897902], [129.34105813739612, 37.224282312265075], [129.3415732609152, 37.225059888055306], [129.3437559076958, 37.22542687594698], [129.34287568924177, 37.22529921740262], [129.34245492572228, 37.2263831183962], [129.34342103278738, 37.22960210904071], [129.34608582705036, 37.22943901331599], [129.34512002682317, 37.22716678801013], [129.3448371758992, 37.22533056410677], [129.34527255954532, 37.2246374745191], [129.34569609347295, 37.2274156161272], [129.34691230574106, 37.22984521996907], [129.35013666266147, 37.23118702343954], [129.3536493906871, 37.233614537062984], [129.35476776882783, 37.23369570916679], [129.35506942043187, 37.2344601510786], [129.355944559758, 37.234624035502975], [129.3566546271352, 37.23565242091496], [129.35493217766987, 37.2359054734964], [129.35489311420287, 37.23742961166287], [129.35271005989085, 37.23701237470411], [129.3500633679627, 37.23887808498847], [129.34848320686248, 37.24393965793541], [129.34889340649798, 37.24771840580107], [129.34603688376333, 37.2486533077083], [129.34359786704067, 37.24826811249066], [129.34198087313194, 37.24869799879551], [129.34143231444594, 37.24950051488338], [129.34228125877328, 37.250371135632356], [129.34208545519664, 37.25156707535823], [129.3415210465366, 37.251655754133886], [129.34218938058814, 37.25173900916746], [129.34168287944928, 37.25202428114385], [129.34214965724502, 37.252810496321615], [129.34068090894675, 37.25369359641124], [129.34071370621146, 37.25464337675357], [129.34127857494735, 37.2548986368117], [129.33961414450542, 37.25520346826717], [129.3402408503752, 37.2556478644596], [129.33849265642434, 37.255260273620905], [129.33717658641325, 37.25584918100544], [129.33707153714533, 37.256635368576255], [129.33671082814152, 37.25628201498472], [129.3362074828322, 37.25675703151213], [129.33690989080296, 37.25708093075871], [129.33499579815296, 37.25767087676239], [129.33480638525472, 37.25837665582279], [129.33562087773964, 37.25861456620689], [129.3349779797935, 37.258560432442756], [129.33462210219545, 37.25901970712752], [129.33481589659064, 37.25971043549172], [129.33218145410004, 37.26055976871676], [129.33223565148595, 37.26098724999288], [129.33107009571418, 37.26104709977137], [129.33096564735376, 37.26172612604013], [129.33041103699637, 37.26238972172268], [129.3294611487309, 37.26249980498939], [129.3292252121859, 37.263311926157144], [129.3277295619565, 37.26343704655212], [129.32805813273495, 37.26404929245336], [129.3275297690682, 37.264082471691516], [129.32756384676986, 37.264532175917644], [129.32827652246297, 37.26499009185815], [129.32725834197478, 37.26493330441507], [129.32679157479, 37.26565198510928], [129.32828633947605, 37.266225772096796], [129.32910104500638, 37.264748757101756], [129.32858284071506, 37.26686087762966], [129.32949644606995, 37.26685284209701], [129.32774465932056, 37.2682218766041], [129.32854313817884, 37.27062645392102], [129.3292041760441, 37.270777944099365], [129.3287641859971, 37.27133492553338], [129.32947035931875, 37.27191368128418], [129.32920442594244, 37.27288033333024], [129.32783936780666, 37.273608808863486], [129.32741784236077, 37.27514346590579], [129.3278311888931, 37.27607590901668], [129.3296907009585, 37.277092316086225], [129.32924185903124, 37.27725611142344], [129.3296407098274, 37.278273172582075], [129.32914080392115, 37.27895908095582], [129.32957599736295, 37.279128255599716], [129.32871536545954, 37.279398436792896], [129.32911819029874, 37.280395395328256], [129.32811961732767, 37.280400852520266], [129.32775008585475, 37.2814295424184], [129.32779108186693, 37.28036239217752], [129.3264008778554, 37.2798658585156], [129.32514612030909, 37.28097249165281], [129.32585900017241, 37.281578856621636], [129.3269343380115, 37.2812687300087], [129.32708121143042, 37.28155358669102], [129.32554847457018, 37.281766388647156], [129.32452257434704, 37.280977447660945], [129.3239469008842, 37.28110228587924], [129.32415540286686, 37.281471499607704], [129.3234117397851, 37.28128674927149], [129.32355895844995, 37.281907611276246], [129.32313668662457, 37.28141220362375], [129.32047811835966, 37.2823438948005], [129.32055437488538, 37.28336095534344], [129.32006532900488, 37.2834168823246], [129.32042544843145, 37.28396337710715], [129.3199400508525, 37.28448323596264], [129.32059031528826, 37.284655916637995], [129.32025679033032, 37.28503696681095], [129.32120970207228, 37.28512439765748], [129.32054166086454, 37.285254695158216], [129.32120028755543, 37.28649111301385], [129.3205961105786, 37.28697867840931], [129.3203271302555, 37.28834849279024], [129.31980974098903, 37.28838470791764], [129.3201860445915, 37.288966480394734], [129.31907609905295, 37.2890640854736], [129.3185471329643, 37.289745161944296], [129.31776769239028, 37.28863087564345], [129.31474552581554, 37.28968937544532], [129.31433453129685, 37.28946142523205], [129.3173873790229, 37.288351764258785], [129.31756021417215, 37.2867311490313], [129.31487190406648, 37.287320281976555], [129.31503194467965, 37.288519790962134], [129.3144172637307, 37.28614485686014], [129.3130531819743, 37.28586338453394], [129.31116211810158, 37.2861235437428], [129.31012103692464, 37.2865342645821], [129.3100951123449, 37.28769144121011], [129.309337465648, 37.28837403583567], [129.3092557066579, 37.28922143309572], [129.3101294807722, 37.289801034867274], [129.30939002029305, 37.29007580268945], [129.30959405769588, 37.29110073785598], [129.30914218491108, 37.29113345488279], [129.30912367693273, 37.290551434730105], [129.30876662155305, 37.29079717770465], [129.3085312183149, 37.29029023790804], [129.30838765834613, 37.29078789350415], [129.3073987386293, 37.29062332439144], [129.30765957844923, 37.29016109207691], [129.30724478025786, 37.289822054708566], [129.30553514351254, 37.2899436339771], [129.3042379288795, 37.29035282752558], [129.3004260803244, 37.29286631430019], [129.30029882321213, 37.29445167944732], [129.30095068395207, 37.29618556477815], [129.30033346975623, 37.29739759670194], [129.30074545219708, 37.297448810767115], [129.3011238709198, 37.29916292372836], [129.301473150138, 37.29897628343854], [129.30223024916268, 37.29996622812518], [129.3018735588803, 37.301982452690645], [129.30222975646242, 37.30233815479721], [129.301983771048, 37.30328950820323], [129.30050381083345, 37.30385028469968], [129.30053204593492, 37.30442348559901], [129.30103815658546, 37.30456371599286], [129.30019358698584, 37.30621898723215], [129.30052579825383, 37.30656052509413], [129.30023243337598, 37.306878974545675], [129.2999636148614, 37.30648830446821], [129.299313071392, 37.30715179287359], [129.29943376489004, 37.30800458414207], [129.29845801013948, 37.30879716392887], [129.2987585341503, 37.30940054776999], [129.29772696298204, 37.31083488808402], [129.2958755695031, 37.31206349196354], [129.2947326968019, 37.31113278599603], [129.2921814069545, 37.311841736053864], [129.2921604306213, 37.31152264290757], [129.29447340457736, 37.31090237915783], [129.2944173349802, 37.30989987635888], [129.29280469913493, 37.30987288240187], [129.2924679439491, 37.31091251482048], [129.29212967284963, 37.31002514048425], [129.29163213007925, 37.31011351565942], [129.29070813043498, 37.309314545496754], [129.2886532945716, 37.30952251523223], [129.2856540849312, 37.31101723488091], [129.28510592809613, 37.31186588641719], [129.28399698737167, 37.31237161743631], [129.28400745741126, 37.31284596819027], [129.2830514111713, 37.312831571413064], [129.2803150655223, 37.31435411490873], [129.27034122840493, 37.32159290005203], [129.26934510381278, 37.32330236308923], [129.26918101958123, 37.32483109855996], [129.2695726774879, 37.32572349029988], [129.27073161007863, 37.32576600999057], [129.26885252599286, 37.32619324480121], [129.26861113805583, 37.326602809897096], [129.27004768246664, 37.3277916431545], [129.27135801562116, 37.32677269252872], [129.27131907165867, 37.325464946084516], [129.27175503013078, 37.325304183016954], [129.2719228768665, 37.32670803580198], [129.2698398894035, 37.328255691286365], [129.2703850780638, 37.32818951195297], [129.27005492045765, 37.3285550813787], [129.27058969405644, 37.328667389194024], [129.27064589682806, 37.32923671067913], [129.2702698991347, 37.32894257355014], [129.27027548006834, 37.329492368665846], [129.26861458294863, 37.32927233559078], [129.2691504930458, 37.330904144139545], [129.26825157843336, 37.33050432649558], [129.2682070577928, 37.33118461327358], [129.26798865294953, 37.33063828235736], [129.26740437639862, 37.33073218499341], [129.2662351660651, 37.33167174932801], [129.26705186708006, 37.335525500609535], [129.26653901155123, 37.33677530205391], [129.26760935930295, 37.3376980538919], [129.26783596245778, 37.33881824939241], [129.26779575690594, 37.339222360993766], [129.2671778619734, 37.33901670167194], [129.26748230201832, 37.33951950825183], [129.2666779035527, 37.33975674126851], [129.26585450176782, 37.341769710260714], [129.26699385687965, 37.34333358093852], [129.2655635074546, 37.34435496014994], [129.2652987519655, 37.34408629058744], [129.26413566278998, 37.34443933862679], [129.26387490182165, 37.34526279300018], [129.26328735305052, 37.345319632215826], [129.26324474428677, 37.344923572399075], [129.26306885336476, 37.345372333769525], [129.26276408801664, 37.344968169393], [129.26222725868183, 37.34528273349801], [129.26257532364957, 37.345723271179466], [129.2621622406733, 37.34650200835426], [129.26139331536726, 37.346750417593725], [129.26151297732287, 37.34725347636956], [129.26086244360795, 37.34735737727328], [129.26070034613045, 37.34838273322792], [129.26194511965616, 37.34821890687983], [129.26344311580746, 37.34665623883062], [129.263833163687, 37.346948654496614], [129.26224558650367, 37.34844590656088], [129.26121165856935, 37.34869241762857], [129.26078130550474, 37.34936490151836], [129.26111982083677, 37.349790025650385], [129.26017122565077, 37.349406941220685], [129.26107515275388, 37.35080801348866], [129.2605635401161, 37.35283383861097], [129.25925240486666, 37.35301395106501], [129.25955760985505, 37.35390169327692], [129.25894094611775, 37.35355731998485], [129.2592063635758, 37.35400157640385], [129.25815428654417, 37.35386466724223], [129.25805664818895, 37.355313459823655], [129.25643497667323, 37.35506929451139], [129.25632672610934, 37.356196082314014], [129.25709092432362, 37.35647446300414], [129.2561902756853, 37.35649849146736], [129.25655842490434, 37.35790461152572], [129.2553777335347, 37.35810893973937], [129.25542872383014, 37.358399680628665], [129.25511661678487, 37.358164916519286], [129.25472268181508, 37.35890091149271], [129.25372001645738, 37.35924284252757], [129.25331873945532, 37.36139318937513], [129.25237211511472, 37.36149297435397], [129.2527686473625, 37.362395945429135], [129.25173989393303, 37.36191663124205], [129.25082049665835, 37.36302323207455], [129.2517633035264, 37.36737914148246], [129.25151524490872, 37.3681724087961], [129.2519541050025, 37.36846500957375], [129.25147041010902, 37.369310838661576], [129.25156651979037, 37.370985331505565], [129.25220543235505, 37.37189376063505], [129.25106239715993, 37.37315315683957], [129.25212158537386, 37.37371610695922], [129.2521257292256, 37.3745154395342], [129.25262992882602, 37.37468932458233], [129.25189811614786, 37.37508734495405], [129.2518062814797, 37.376047129269004], [129.25230066371, 37.37644175137534], [129.25372907533207, 37.37614720533742], [129.25281510110437, 37.376456032188], [129.25366751159254, 37.37851765806719], [129.25480588773246, 37.378399698571066], [129.2543177118698, 37.37556043009978], [129.25474296579034, 37.375395509772304], [129.25534751869642, 37.37836152508023], [129.25692083237522, 37.378427470027766], [129.2573539687884, 37.37978968550454], [129.25639351285895, 37.38053592469452], [129.2554166380122, 37.37960898623308], [129.2512980794616, 37.38038693028943], [129.2403217906935, 37.38693055751763], [129.23967019127772, 37.38749476472994], [129.24006037418383, 37.38913821055235], [129.23918654454667, 37.38883168855971], [129.23823677353428, 37.3891122830152], [129.23682081150324, 37.388501198551495], [129.2277206682191, 37.393085391473576], [129.227117868581, 37.39280217978291], [129.2274889456222, 37.393207421680074], [129.22141342246343, 37.39666991541417], [129.22104268129345, 37.39723760906562], [129.22147687683326, 37.39777817566337], [129.22077565402805, 37.39731239975067], [129.21975426491755, 37.39774539658426], [129.21593217372435, 37.4004425871363], [129.21511903032965, 37.40137582830019], [129.21564577011043, 37.40178857043604], [129.21464408643666, 37.40256973363284], [129.21427827563738, 37.40217432903045], [129.21341000228207, 37.40257821830696], [129.212717639915, 37.40378893254559], [129.21290052674507, 37.40469551365156], [129.2136113414804, 37.40443463311274], [129.21308646260056, 37.40500800110761], [129.21244513681634, 37.40532111463854], [129.2114453071854, 37.4043125655837], [129.20808031609698, 37.40644020157645], [129.20483624636398, 37.40944591197849], [129.20472605749805, 37.409855661670456], [129.20566576177478, 37.41060679500191], [129.20518394936343, 37.41104988466795], [129.20442896075912, 37.40991687709962], [129.203197260608, 37.4104085775853], [129.201384848754, 37.4147921215766], [129.20342478769595, 37.41545002803762], [129.20553098938643, 37.413346552445034], [129.20621039558057, 37.413259369505106], [129.20362129628947, 37.415895096576094], [129.20038679691572, 37.41480930908121], [129.20016397559775, 37.41539589620992], [129.19872592255598, 37.41503763356486], [129.1975599166509, 37.41592119858309], [129.19801264338997, 37.41644695035081], [129.19708234085886, 37.417261394216645], [129.1970227530887, 37.418351957788026], [129.19802350999228, 37.419835585143325], [129.1967943876075, 37.419836206644284], [129.19603729997922, 37.42039278828924], [129.1959810528952, 37.421109036204705], [129.19520286572987, 37.421600315200074], [129.19501594484572, 37.424079094318834], [129.19308381907155, 37.424114306653095], [129.19232768618033, 37.4249134616492], [129.19209641938687, 37.426520457407236], [129.1933987222074, 37.42717787820007], [129.19292821669455, 37.427419938276905], [129.19323910557932, 37.428111229901646], [129.19246552202733, 37.42841973887332], [129.19281291861319, 37.42960040320898], [129.19218766145383, 37.42968656842289], [129.1925864703222, 37.42998496665872], [129.19211643851924, 37.42989085433716], [129.19181483066657, 37.43137432492506], [129.19021958395416, 37.432154445727726], [129.19006961405006, 37.43359733954986], [129.1922015244665, 37.43369335971508], [129.19395486692525, 37.43236834717662], [129.19224229475756, 37.43408406362653], [129.18922883870113, 37.43440907204404], [129.18943940648873, 37.43714263563887], [129.19121500615583, 37.43701903831883], [129.19217670243393, 37.43795846736476], [129.1942827866264, 37.43432157788469], [129.1956732832692, 37.43292810792507], [129.19704706871363, 37.432050669281416], [129.19743689388693, 37.432273110489824], [129.19475170868225, 37.434656786688386], [129.193652708253, 37.4409482464597], [129.19256824801806, 37.442290674942036], [129.19296750528238, 37.44269472209052], [129.19225612290333, 37.44267013950474], [129.19174142401394, 37.44356814122809], [129.19215251372992, 37.443780474324896], [129.19143663657948, 37.443827405914305], [129.19081129209852, 37.444995591672615], [129.1895200355249, 37.44573911190311], [129.19031285185633, 37.4461675312922], [129.1897556466222, 37.44631727299457], [129.190093083212, 37.44658172069873], [129.18957010499, 37.44754580715932], [129.19068837400607, 37.4486586760919], [129.18969164976014, 37.44858043936524], [129.1897410577013, 37.44940056208128], [129.1903974299455, 37.449620525233485], [129.1897370974337, 37.44991469484078], [129.1901388851571, 37.451328901599844], [129.18962084553624, 37.45214578027358], [129.18863973055997, 37.452230816034415], [129.18911923100086, 37.452608768567266], [129.18862680230936, 37.45274919378821], [129.18718170313227, 37.452480377360786], [129.18666887632125, 37.45286240650498], [129.1868006463262, 37.453680981277756], [129.18793739544722, 37.453569096495315], [129.18704660643525, 37.45503366234476], [129.18755681197413, 37.45585754944675], [129.18647192670076, 37.45659431126296], [129.18620561686416, 37.457405326469534], [129.18468735183347, 37.45725975329328], [129.18442436537032, 37.45787677998215], [129.1833652386477, 37.458287747947644], [129.18344615807243, 37.45912043625104], [129.1823846048377, 37.459477015021015], [129.18268242527, 37.460462702300525], [129.17994391364593, 37.46080631528751], [129.18002605883063, 37.46291697054978], [129.17907943323254, 37.4631707631072], [129.17933702800727, 37.46361670595443], [129.17835498456213, 37.46351193721165], [129.17817659456514, 37.46402397144924], [129.17773051046905, 37.463645651276465], [129.17754508152973, 37.46406275547295], [129.1786277391383, 37.46471629362418], [129.1806527314485, 37.46440522774719], [129.17867228365864, 37.46502388076589], [129.17676246411241, 37.464078884217855], [129.17587519204832, 37.46439184972159], [129.17435184780655, 37.465741194007215], [129.17489100649163, 37.46674420474304], [129.17399124548965, 37.46577430226976], [129.17320890920232, 37.46586379595559], [129.16628803911772, 37.47115668179392], [129.16536577892518, 37.472367735988726], [129.166312478296, 37.47317127791158], [129.16581100892688, 37.47381815008331], [129.1646447479172, 37.47357383314495], [129.16406964052882, 37.4738949150476], [129.1636696028664, 37.47347067946159], [129.16294881279777, 37.47381716313186], [129.1596820468474, 37.47727600392355], [129.1603057978897, 37.47948183741893], [129.15883804529096, 37.47929340906215], [129.15814794335824, 37.479972850855084], [129.15807751211304, 37.48105271111428], [129.156629033039, 37.482602994211874], [129.15754047455007, 37.48367815733412], [129.1578930411982, 37.483377734059545], [129.15757510715898, 37.48370020579359], [129.15953351521037, 37.48468027614122], [129.16145883419824, 37.48704421132945], [129.1649475217408, 37.48955410080569], [129.1654743581703, 37.4910423678501], [129.16486326956712, 37.492447666336275], [129.15744645328974, 37.499608393893894], [129.1571215170791, 37.49943679089782], [129.16452677904255, 37.492446187627394], [129.165206416532, 37.49086896636784], [129.16450151366928, 37.489433615555384], [129.1607259418027, 37.48668414164414], [129.15933973423407, 37.48479745449221], [129.15637465993572, 37.483093641560906], [129.1472919103218, 37.49151545263039], [129.14640297718924, 37.49424445041269], [129.1463794826712, 37.493241555016105], [129.14591156592553, 37.493060531331366], [129.14674996034915, 37.491778705929654], [129.14639865269174, 37.49164724852938], [129.14535608091535, 37.492843457268265], [129.14624951668128, 37.491597923367145], [129.14578912119197, 37.4911199435747], [129.14492658759437, 37.49106659374731], [129.14404209125556, 37.49159425921497], [129.14358900027224, 37.49135720764251], [129.14133862649268, 37.49288495630438], [129.14385261546764, 37.49419333669616], [129.14492899326518, 37.49663041286611], [129.14465641999087, 37.49690239984549], [129.14372577247116, 37.494451619897994], [129.14379282368694, 37.49558148007627], [129.14352303691985, 37.49528907181478], [129.14361130221343, 37.494441829918834], [129.14194643712156, 37.49504159663727], [129.12677106031273, 37.48762167415236], [129.12440957295757, 37.49068833031977], [129.13618221208395, 37.496423676804696], [129.13457539735663, 37.498500445946846], [129.13766428059503, 37.499984143468815], [129.13741163816715, 37.500640033832575], [129.13367285797133, 37.4988243195266], [129.13316319474433, 37.49938660284691], [129.13362562229815, 37.49982451853496], [129.13320469308786, 37.500175682082315], [129.13253484411928, 37.499854530314906], [129.13122457865822, 37.50139803653371], [129.13558899823408, 37.50406731800438], [129.1454926425134, 37.49880619016494], [129.14944997094017, 37.49725331331768], [129.14978124347115, 37.4976047453215], [129.14526346172116, 37.499239674482176], [129.1351004883592, 37.50491869717004], [129.12796202054344, 37.513125873892825], [129.1279491005291, 37.51377415865847], [129.1273212181815, 37.513903141596515], [129.12775037795095, 37.51464375185044], [129.12626196850277, 37.51492745737179], [129.12602867287322, 37.51563364421066], [129.12672519763618, 37.51595122076947], [129.12528018571226, 37.516840702170136], [129.1254193825671, 37.51721753207855], [129.1242554226326, 37.517216873149316], [129.1229266772955, 37.51912071077056], [129.12221789042144, 37.52173545240881], [129.1247500898204, 37.524699173550474], [129.12451510374976, 37.525699750494745], [129.12553784066466, 37.52520091849328], [129.12552929804264, 37.5246931227073], [129.12585412039192, 37.52525947051362], [129.12479839960417, 37.52585653953851], [129.12404711395868, 37.52584869159592], [129.12402362705927, 37.527802482996286], [129.12333535629466, 37.527432072379746], [129.1221739802812, 37.527759613486744], [129.12237976245328, 37.52858865488518], [129.12205149476398, 37.528233387819085], [129.12158871026978, 37.52926744105672], [129.12034767080993, 37.52988346397863], [129.12026667585894, 37.530889751833946], [129.1195906328153, 37.530976147111524], [129.1170972655398, 37.53299331042307], [129.11637202333688, 37.53509300661844], [129.11505356887304, 37.535678958756456], [129.11448786875542, 37.536593934954155], [129.11433611467885, 37.53713844543657], [129.11546925073984, 37.5362991779153], [129.1156394707899, 37.54008267925979], [129.11681917233517, 37.54062427274435], [129.11377951999782, 37.54049983808139], [129.1137896090932, 37.542961423642865], [129.11526195316335, 37.54297643713493], [129.1152588591853, 37.54339260164611], [129.11378565192481, 37.543297929782135], [129.11377831128374, 37.543722986583596], [129.1124502350918, 37.544422531373534], [129.1124234748735, 37.54739981759972], [129.1119779531392, 37.547394383878746], [129.1118569905331, 37.54853444176697], [129.11396234433766, 37.54776441871], [129.1142129033249, 37.54837253092655], [129.11183270888833, 37.54887116746535], [129.11291990805552, 37.5503474170386], [129.11375421811596, 37.550098859890745], [129.11296794828425, 37.55041225475145], [129.1138801137871, 37.55165906169908], [129.1170814570208, 37.55169692670419], [129.11622364901768, 37.55024013949741], [129.11707454123538, 37.54901105838346], [129.1172214807449, 37.54514202396274], [129.12000584676642, 37.539359408657134], [129.12056407996556, 37.53919089629985], [129.1181247917065, 37.5436911470314], [129.11778469154666, 37.549517270528646], [129.1213502645946, 37.55573655977279], [129.1217316115297, 37.55760823298045], [129.1217401378993, 37.55825043689189], [129.1207950787015, 37.55860492446701], [129.12032997608665, 37.55969699980677], [129.120883707919, 37.560341358947596], [129.12181988045978, 37.56020920286314], [129.12116967156152, 37.56078371593162], [129.12054884971863, 37.560715329011735], [129.12038459804884, 37.56161238216885], [129.11996691690618, 37.56138371108776], [129.1199773897258, 37.56237501162057], [129.1221596868594, 37.56052405664548], [129.12270123143875, 37.5605622457321], [129.1195460573391, 37.56381169948395], [129.1201838822411, 37.566341292896155], [129.11711503479148, 37.56930864267914], [129.11711279868686, 37.56971777644985], [129.11816727877311, 37.57006748548067], [129.11677074342703, 37.57000927603296], [129.11637416040338, 37.57078432800891], [129.1170620482343, 37.57396931356674], [129.1168928552498, 37.5763207610025], [129.115473886044, 37.57868013879816], [129.1141542759176, 37.57969117492321], [129.11392255216214, 37.58158136834607], [129.11333113396864, 37.58177317180134], [129.1136596015778, 37.58006138453673], [129.11253528720613, 37.5808746162396], [129.1126585002287, 37.581434970353875], [129.11225047807037, 37.581046562242044], [129.1114421325533, 37.58157892336328], [129.11209394720467, 37.582192144230866], [129.11257567491248, 37.58187866317819], [129.11216802877397, 37.58221018489942], [129.11306753318777, 37.582487535401036], [129.11493542592484, 37.58178325431523], [129.11508806353515, 37.58207218821847], [129.11401757410457, 37.58263077044632], [129.11265445166995, 37.582706807028224], [129.1107739214896, 37.58139061527844], [129.10936696733026, 37.58199149150845], [129.10034148081564, 37.58851592906218], [129.0813762315114, 37.60022897365435], [129.07099605092637, 37.60771801193937], [129.0632580179979, 37.61451126506984], [129.06312540326252, 37.61567113303699], [129.06192145684932, 37.616992862811024], [129.06233708832485, 37.61788984761545], [129.0616903652509, 37.61727370740788], [129.06164681594345, 37.6177842362366], [129.06009107412348, 37.618294296856945], [129.05999364420327, 37.62286652249659], [129.0595522241948, 37.62035582033182], [129.05957136328897, 37.622326680051415], [129.05939162964643, 37.62184459153927], [129.0593919040861, 37.6203476967344], [129.05418820735485, 37.621366394641], [129.05392877336746, 37.62575233816538], [129.0575706008663, 37.62584531238255], [129.0641384971375, 37.62258936260981], [129.0645177122148, 37.6229508113445], [129.0579065137641, 37.62618481982113], [129.05322260894238, 37.62621108306374], [129.05152448208332, 37.626955527936005], [129.04594052387537, 37.63538482141087], [129.0444443952615, 37.638971800969024], [129.04425051259292, 37.643187462835996], [129.04556126265058, 37.644283190954155], [129.0456925016554, 37.646179080214544], [129.04732643850843, 37.64888321449238], [129.0480245269615, 37.64943919422332], [129.04991152228587, 37.64864003180745], [129.04834521433733, 37.64948823470218], [129.04786253536753, 37.6500883056166], [129.0481662600033, 37.65067183930967], [129.04936381579324, 37.65119374061585], [129.0498817194811, 37.65208717642877], [129.05219196700668, 37.65207857033268], [129.05218985457685, 37.65028702995256], [129.05139591439965, 37.65019402415072], [129.05230015069057, 37.65019432226021], [129.05037551224788, 37.64800193439636], [129.0508475208327, 37.647754232831375], [129.05261366141352, 37.65021845721716], [129.05266250497888, 37.65279263458906], [129.05425300512766, 37.653238105955886], [129.05460951884126, 37.654436816537846], [129.0557616177143, 37.65506555052602], [129.05527788282564, 37.6557735798057], [129.05578901702017, 37.65642820984161], [129.05539517196266, 37.65697502095772], [129.05697584583132, 37.658749970867625], [129.0560796404189, 37.659438892352114], [129.05657947682698, 37.6601271202219], [129.05627915972775, 37.66118010543604], [129.05620956509543, 37.66122853268994], [129.05623446996296, 37.66070329216125], [129.0560166842917, 37.66119778176561], [129.05510433346456, 37.661441702414955], [129.05553633694961, 37.662761427516394], [129.0548616134171, 37.663886267101475], [129.05504050354781, 37.66497300119774], [129.0534379984045, 37.6648278778998], [129.05316293812703, 37.66545565185283], [129.05462438587818, 37.6660963935681], [129.05585333357578, 37.66493395704226], [129.054691622865, 37.66662657966984], [129.0553985947491, 37.66734629569788], [129.05514053775883, 37.66782836170966], [129.0560118517929, 37.66807227651785], [129.05674127267326, 37.669330867723986], [129.05637477659766, 37.669868028555705], [129.0568891220403, 37.67042882076715], [129.0569901439653, 37.67282582839588], [129.05782689109992, 37.67340673388982], [129.05515191549037, 37.673465793190516], [129.0548117088106, 37.67408741049346], [129.0556694321099, 37.675498584556955], [129.05529499600812, 37.67653841877563], [129.053744094288, 37.676652370390684], [129.05347677836494, 37.67736783347209], [129.05285193947316, 37.67750075618268], [129.0529039859999, 37.67812695843659], [129.052328601833, 37.6779752921267], [129.05236664793208, 37.67839903356604], [129.04967548824146, 37.679898965652036], [129.04893591039166, 37.68118792660639], [129.04773934753817, 37.68142844670279], [129.0472505688289, 37.68265055006733], [129.04626523130207, 37.68295381542331], [129.04622437135154, 37.68406697921088], [129.0457457311797, 37.683903026145295], [129.0451872517361, 37.68472453469573], [129.0446151010335, 37.68465101233162], [129.0449053496175, 37.68494507789693], [129.04572289163937, 37.68473751257692], [129.04550984421525, 37.68541696383548], [129.04412723275922, 37.684556896484004], [129.04273441734307, 37.68533695267689], [129.04261774922736, 37.685871843648954], [129.0438728124541, 37.686754889952084], [129.04226926222236, 37.68590222357781], [129.04084054199774, 37.6862861011698], [129.03643936045867, 37.68910013395354], [129.0351461216864, 37.69060878963466], [129.03554262183962, 37.69155569748542], [129.03504535955906, 37.6913011640975], [129.03497348516612, 37.69112682922649], [129.03405174658474, 37.69132120770531], [129.02721796602412, 37.69623407986909], [129.01413600231473, 37.707372920417825], [129.0131634887271, 37.70852565930591], [129.0133833944552, 37.709686839220346], [129.01289374977625, 37.71102060214094], [129.0122295990054, 37.71184018116416], [129.01177631444264, 37.7117343714176], [129.01099472983984, 37.71348104687249], [129.00898798916194, 37.71417469636334], [129.00762547259953, 37.71646376965952], [129.00661391776933, 37.71682018221463], [129.00414416863168, 37.71977253075936], [129.00368532529168, 37.71965683305059], [129.00144478130773, 37.72191693647084], [128.99910664308305, 37.723232360139484], [128.99924515027823, 37.724386074673504], [128.99764148621398, 37.724386076050706], [128.9959983050086, 37.72551807109804], [128.99620004361682, 37.72642600230005], [128.9949635690982, 37.72688482257261], [128.99393445906287, 37.72853749221374], [128.99403167816158, 37.72927547915569], [128.9934495421127, 37.729116554088144], [128.9925642964913, 37.73007704442533], [128.99056948329473, 37.73324660595167], [128.99054069697135, 37.734630861080014], [128.98990911890917, 37.735083206577244], [128.990886713357, 37.73579023317951], [128.9898947082388, 37.73535040671817], [128.9890025413817, 37.73608933604761], [128.98896352251322, 37.736774774368534], [128.98985577206193, 37.73678294540853], [128.99181409468025, 37.735726601848576], [128.9921584232669, 37.73600637541336], [128.98969414926694, 37.737058340394], [128.98882507391508, 37.73704503747263], [128.98942324806862, 37.73886926532024], [128.98910991552634, 37.74042387555268], [128.98800466423828, 37.739659169795246], [128.9867372633635, 37.740492584130955], [128.98754257604708, 37.74152553547405], [128.9864876858678, 37.742315351265006], [128.9882012654268, 37.742956261903686], [128.9871064654453, 37.74293750389367], [128.98551213798467, 37.74176606924821], [128.98400696098594, 37.74242861423408], [128.98261424545964, 37.74348627305339], [128.98304735286368, 37.7445741485277], [128.98195845704623, 37.745310372458995], [128.9804825021949, 37.74486389578476], [128.97907887511718, 37.7458005678397], [128.97331389818538, 37.75063348193838], [128.9690698310891, 37.753103533084705], [128.96491839323713, 37.7568305087362], [128.96509828976897, 37.757801201536694], [128.96387032223262, 37.75764223335366], [128.9630574846567, 37.75832391364696], [128.96315438778174, 37.7587770499798], [128.96236862790042, 37.75868083882454], [128.95837066940058, 37.76175801167353], [128.95432131985774, 37.765622022921], [128.95402413795222, 37.76703340051229], [128.95507764674574, 37.767043215178525], [128.95479680263125, 37.76726915108167], [128.95140737448799, 37.767379068981626], [128.95138152014724, 37.76895258525959], [128.95461625825763, 37.76923258004984], [128.95545705294003, 37.77108570612227], [128.95487301695772, 37.77116787848463], [128.95446934860146, 37.769853925266546], [128.9533546885769, 37.769853811978294], [128.95162048545262, 37.77118177299233], [128.952008297758, 37.771505435656316], [128.9511598451971, 37.772126301826], [128.9518075116074, 37.77273199054915], [128.95448908676948, 37.77283803661259], [128.95665237615978, 37.77083905417952], [128.95713785430843, 37.771253026972886], [128.9546532989811, 37.77319919740343], [128.95115447064816, 37.773090467971336], [128.949806806251, 37.77187371590128], [128.94668120830354, 37.77358167095932], [128.9221160712779, 37.7927922660398], [128.92035487865442, 37.79479332265957], [128.91970474600333, 37.79480850354951], [128.91811329752235, 37.79632667024757], [128.91794785969722, 37.7968486445337], [128.91840367767037, 37.796933831570655], [128.9180190400058, 37.797361036140586], [128.91432910860868, 37.79992036980159], [128.9088444218901, 37.80566251993139], [128.90273792070136, 37.809599816245324], [128.89966411111, 37.81217397956437], [128.89966678376967, 37.81291043238422], [128.8984083290825, 37.81336137433651], [128.89810635752525, 37.81397262993968], [128.89869967138537, 37.8141010955277], [128.8981999286501, 37.814582722476025], [128.89787978665805, 37.81473432072298], [128.8980780418898, 37.8141374273087], [128.89660711949406, 37.81460586986346], [128.8791848660184, 37.82944359755384], [128.87785447218252, 37.831684648199584], [128.8789971735847, 37.832424863516266], [128.87736761593686, 37.83200836815307], [128.87675737569512, 37.83306683851261], [128.87720838103647, 37.83411201171009], [128.87671410416618, 37.834310525741834], [128.87622396133602, 37.83373832200521], [128.8754650096098, 37.83438954239311], [128.87680977817578, 37.834405523688574], [128.87776037507743, 37.83396666102055], [128.87691530219544, 37.83476232594672], [128.87566234628488, 37.83488407852297], [128.8759313554165, 37.837453251395736], [128.87723676145637, 37.83732220678602], [128.87871490223333, 37.8360915039472], [128.87878407044195, 37.834579621267785], [128.8798451194508, 37.83383323435369], [128.8791718378703, 37.834747966154666], [128.8791274671851, 37.83629655934584], [128.87707048408666, 37.8385960349053], [128.87743705422648, 37.83945216857523], [128.87706581502005, 37.840710451700666], [128.8779150013506, 37.8411852903448], [128.87697429562334, 37.84081111906681], [128.87598572850337, 37.84129226976567], [128.87040715386112, 37.84615637466796], [128.86042858608954, 37.85413435034971], [128.85995009360454, 37.85411740304773], [128.85133801149462, 37.86170417471459], [128.84877836229094, 37.8644418367265], [128.8487183118004, 37.86570937196309], [128.84946751904607, 37.866397170786115], [128.84873534215697, 37.86648293826312], [128.84833672731858, 37.86737147319612], [128.8492919678878, 37.8674018198953], [128.85042271232246, 37.86595815688594], [128.8496865083772, 37.867481319555026], [128.84848570155643, 37.868249199369735], [128.84842069594416, 37.86940240230863], [128.84800673500405, 37.86972094976537], [128.8482534928694, 37.86882551703045], [128.84710480466254, 37.86861999312436], [128.84530472019983, 37.86940081820536], [128.83686069799012, 37.876665845044236], [128.834802374681, 37.87888574770239], [128.83499788260022, 37.87928169007329], [128.83446899305477, 37.87924562244666], [128.83433422449485, 37.87998789298968], [128.83387482365094, 37.879861988107685], [128.83368288524358, 37.880650270926836], [128.8330782913168, 37.8808361994259], [128.8335649898021, 37.881670011071144], [128.83274796375898, 37.881375675911315], [128.83205514132928, 37.882017803907836], [128.83164438046992, 37.88312600410222], [128.8335139950675, 37.884300720583035], [128.83135849786976, 37.88311198637392], [128.83023576507458, 37.88417293383964], [128.83168379203659, 37.88472613841737], [128.83161223264796, 37.884858685124335], [128.83014256143895, 37.88451246685103], [128.83064357413832, 37.88573431360253], [128.83180552341113, 37.885784674645706], [128.83210660820262, 37.887112018124796], [128.8317717950844, 37.88711399005074], [128.83134223588684, 37.886047030827946], [128.83028437578974, 37.88588204797017], [128.83036155364928, 37.88790390846105], [128.8289879878124, 37.88794406498535], [128.82888732240534, 37.8890719117042], [128.82946456483162, 37.88909788646482], [128.82957400752395, 37.89155175331357], [128.83078144557518, 37.8915203949578], [128.83078115203054, 37.89201814400399], [128.8295089572816, 37.89271189385308], [128.83165530803407, 37.8944041562404], [128.83300644960136, 37.894477355090736], [128.83322738264465, 37.893516375889774], [128.8323607945906, 37.89140066890604], [128.83300430380086, 37.887636957493775], [128.83392833339167, 37.88599409576903], [128.83470548207535, 37.88568146099054], [128.83500497642828, 37.88594075986677], [128.83425139996586, 37.88625026525041], [128.8333825988143, 37.887605331427636], [128.83263949572725, 37.89133329980579], [128.83435977304455, 37.894336520103735], [128.83443989424686, 37.89561506490805], [128.8339447753969, 37.89629395851569], [128.83484392842843, 37.89738656537018], [128.83412985322232, 37.89888773155112], [128.8344467732287, 37.899543738018124], [128.83376864016253, 37.900590394775605], [128.8327434250322, 37.90041800567856], [128.8315936350263, 37.90086473049692], [128.83162393450203, 37.9017732922039], [128.82984524450148, 37.90237597123806], [128.82935316792344, 37.90360968672981], [128.83087312098934, 37.90378397974619], [128.82966345957817, 37.903912629715364], [128.82956814988594, 37.90456536678762], [128.83049342588407, 37.90493331953947], [128.8320388836683, 37.90381608165614], [128.83008917508982, 37.90621608084954], [128.82931350655008, 37.9062689242012], [128.82852861799665, 37.907231550131684], [128.82807627883253, 37.906860959519626], [128.8242966007501, 37.907607731566166], [128.81846580096695, 37.912258016431586], [128.81081912148613, 37.916796367445926], [128.7968129338711, 37.92736529080815], [128.79217623233822, 37.93164801286421], [128.7887017703073, 37.93555078950498], [128.78774763196458, 37.93746408828252], [128.78775572434506, 37.93857869000831], [128.78844647994728, 37.93943398556216], [128.7896607253476, 37.93897492741401], [128.78924865228572, 37.939598033628684], [128.78957562504695, 37.9399511295924], [128.78869566021766, 37.93987050062548], [128.78766045670264, 37.94148661584938], [128.7884266339976, 37.94262222986528], [128.7874261852288, 37.94191680418682], [128.78579751026024, 37.94255429243764], [128.78555633625896, 37.94343280637783], [128.78680890348875, 37.944776755959715], [128.7884414194229, 37.94419121957508], [128.78930915751894, 37.94255148596349], [128.79021520323585, 37.9419540382565], [128.7903210410979, 37.94236145942831], [128.78879826282898, 37.94367757084101], [128.78915139255108, 37.945382081437906], [128.78825234761698, 37.94496107117497], [128.78706159935285, 37.94524372913173], [128.78697575320996, 37.94627898088205], [128.78621626558635, 37.946245467598374], [128.78680628336576, 37.94658578716632], [128.78672179757697, 37.94707786034304], [128.78584488866397, 37.94718988181577], [128.7856397122836, 37.948246385655004], [128.78521481648298, 37.948127213950016], [128.78582347695013, 37.94633871674616], [128.784458918714, 37.94614318148734], [128.78276231502576, 37.94675472993387], [128.7767421730398, 37.9512398850583], [128.76921460468088, 37.95806804084081], [128.76992093759895, 37.9608173090512], [128.7687235973075, 37.96177289048894], [128.76911745305597, 37.96167733421124], [128.76932682285835, 37.96221912482266], [128.76849722697227, 37.96222994609381], [128.76788723694932, 37.961686086688054], [128.7671230419888, 37.96290404182403], [128.76737468007428, 37.96327502156489], [128.76471352192743, 37.96516975465005], [128.76497992190517, 37.96601647846498], [128.76605907594342, 37.965551756933955], [128.76484624782213, 37.96635052179331], [128.764194122016, 37.96577405181907], [128.76319460160363, 37.9663134305666], [128.76301713653677, 37.96883603772937], [128.76492023659975, 37.96952066334208], [128.76312953603173, 37.96935446284287], [128.76309988976814, 37.97047703520048], [128.76480246316035, 37.970503992953496], [128.76588599964893, 37.969271526412236], [128.7652511586584, 37.97087619024697], [128.76482068570323, 37.97077416648168], [128.76592977859363, 37.97152667922841], [128.76506359088398, 37.9723334417093], [128.76342087521962, 37.972787834783105], [128.76227945195694, 37.97211503033451], [128.76143986130765, 37.97243665041429], [128.7600939796033, 37.97432323083421], [128.75988989297053, 37.97624052684703], [128.76090492867644, 37.97851046946488], [128.76307987753944, 37.97844169829005], [128.76134655376856, 37.97855777423245], [128.76143004239458, 37.978929801890004], [128.76033287608342, 37.979355210126194], [128.76156445501985, 37.97994938804583], [128.76358660061618, 37.98015606165686], [128.76417840506167, 37.97793409652799], [128.76412186147954, 37.97996428477538], [128.76280731689891, 37.98063364487582], [128.76294558611337, 37.981289142844055], [128.7619168087763, 37.981568084841626], [128.76105445637282, 37.982837539339265], [128.76036289874818, 37.98283889636798], [128.76082700297232, 37.98243256924971], [128.76043165395242, 37.98194481147466], [128.7592264593219, 37.98170625165336], [128.75722474751217, 37.98216001789279], [128.75517283529805, 37.98316881512388], [128.7550794174925, 37.983299228316774], [128.75584404203352, 37.982923985507135], [128.7505096257301, 37.98706772546994], [128.74889969991185, 37.98900096404594], [128.74874230303033, 37.9898543750591], [128.7500854999421, 37.9907207429262], [128.7491211290574, 37.9917736310154], [128.74923482691517, 37.992333692259386], [128.74649998586767, 37.991957845645395], [128.74640858152708, 37.99244127656799], [128.7459012807911, 37.99223393291995], [128.7454955714073, 37.99258046171053], [128.74510605720604, 37.99212850635482], [128.7443397194654, 37.992524113686706], [128.74050582920478, 37.996431358982754], [128.74004373081215, 37.997738595070565], [128.73872345183796, 37.99834888365319], [128.73793618680398, 37.999904213579384], [128.73852346527207, 38.000858290053216], [128.73770781549823, 38.00089316736671], [128.73668218799355, 38.00326112582421], [128.73553126402825, 38.00409249181125], [128.73397090589955, 38.003845596460465], [128.73227537138786, 38.00547280552091], [128.7322683393106, 38.00514599468282], [128.73070738509978, 38.005243515708216], [128.73230031955276, 38.00549440449691], [128.73187507382258, 38.00675990351988], [128.7325722839195, 38.006843589588875], [128.73060178226308, 38.00709728121444], [128.73057465071867, 38.00862426152672], [128.73142888762317, 38.00879206621147], [128.73323207204163, 38.00699903033819], [128.73185626469535, 38.00851641332269], [128.73143471374877, 38.010475716431145], [128.7318308867657, 38.01082864315144], [128.7307701710429, 38.01064904026453], [128.72953560211658, 38.01111259819517], [128.72984943872453, 38.01163955275932], [128.7306237957439, 38.01137137589182], [128.729922915266, 38.01176292244034], [128.73021276890586, 38.01224959816725], [128.73103889885607, 38.01235026520787], [128.73299330050574, 38.01081937736246], [128.7318183010115, 38.012204894242295], [128.73262450717635, 38.01336317590756], [128.73232550203355, 38.0150494793038], [128.73390397445922, 38.01509972937171], [128.7336787186388, 38.015763126828055], [128.73312979105432, 38.01582758651353], [128.733410931349, 38.01672000615847], [128.73280740585272, 38.0170755750654], [128.73406441472662, 38.018012060295455], [128.73456974385215, 38.01912463581141], [128.7356776088445, 38.019421165814656], [128.73538906529072, 38.02047223630462], [128.73642848103904, 38.020468049145585], [128.7365246912573, 38.02105883459873], [128.7358124472496, 38.02078157537462], [128.73579759226342, 38.02124297673941], [128.73515315581585, 38.02111995832505], [128.7351542092802, 38.02165991090593], [128.7359957695791, 38.02179065348294], [128.73606912564193, 38.022183766346075], [128.73400094071332, 38.02287204823833], [128.73179647336013, 38.021404086769536], [128.7303922685072, 38.0213210255338], [128.72976185474997, 38.021507016027265], [128.72912080676497, 38.02305826523458], [128.72843064607207, 38.02210092714234], [128.7275710138919, 38.0222461063211], [128.7273929720709, 38.02100462501823], [128.72745417934766, 38.02230644728187], [128.72571113885405, 38.023359755552775], [128.72579635525963, 38.024180414991584], [128.72537084705635, 38.02397994035367], [128.72536785394666, 38.023753594552375], [128.72465388008803, 38.023975433616876], [128.70873651909682, 38.03567160155271], [128.69825616176385, 38.04445692993121], [128.68696925944354, 38.05501705871471], [128.68179184107535, 38.06051688762269], [128.68126829450497, 38.061498531774895], [128.68184368902794, 38.06179818708859], [128.6806260422489, 38.0621319512849], [128.68050232246077, 38.06427990537617], [128.68009925658768, 38.064519173541136], [128.6794272501036, 38.06404483801676], [128.67855867620796, 38.06444301416247], [128.6762886899945, 38.066731155100925], [128.6755540914932, 38.06841175206145], [128.67589727503, 38.06956409839348], [128.67497157158488, 38.07113361199876], [128.67682911665972, 38.07197871121891], [128.67685515096312, 38.073195123875955], [128.67625622850915, 38.07376556583743], [128.67738401713686, 38.07406280727203], [128.67616857747964, 38.076254453303186], [128.67814008567765, 38.077857370153374], [128.67773543339487, 38.078024190660194], [128.67584836239382, 38.07662957568312], [128.67546207528386, 38.07695520903836], [128.67627181460372, 38.077600873969224], [128.67544566042704, 38.07697134306812], [128.67513850529696, 38.0772319655975], [128.67595086587932, 38.07786701071099], [128.67512291258095, 38.07724519389897], [128.6743840869546, 38.07764359654096], [128.67331354995838, 38.07724662948042], [128.67359432198145, 38.07758752967362], [128.67297993587667, 38.078601603958624], [128.67413137847282, 38.07933012728816], [128.67342101482356, 38.08003735490051], [128.67480465495578, 38.08089462665013], [128.6779035730954, 38.078978811590936], [128.67914790605056, 38.07888518433327], [128.6791357112586, 38.07705881879254], [128.67958335592544, 38.07725076327375], [128.6795196562548, 38.07876286490877], [128.68041361385326, 38.07869817969988], [128.6803871317797, 38.07912640096659], [128.67813504874343, 38.07929242332466], [128.67534391475408, 38.08073332376264], [128.67480008936587, 38.08128236958208], [128.6755179664477, 38.08227905156295], [128.6743475043849, 38.08402682665835], [128.6723183584471, 38.08320448172941], [128.67093502886232, 38.08373402952125], [128.66964579952653, 38.0851594310599], [128.6694383895976, 38.086276845109786], [128.66801818165195, 38.08683557061494], [128.66716549552712, 38.08828965645277], [128.6671447126771, 38.08940667491884], [128.66769715917997, 38.08952515769747], [128.66683307076292, 38.08979604672732], [128.66622271024332, 38.089500241595815], [128.66567514647548, 38.09037814246624], [128.66482564427662, 38.090626656747766], [128.66687767283284, 38.09040975040486], [128.66830294370808, 38.08956742666681], [128.66834595303465, 38.089900733869634], [128.6671759752363, 38.0905892093978], [128.6658653675792, 38.09062811143678], [128.66568104630784, 38.09158529189045], [128.66462118747523, 38.09091557954398], [128.66270951330318, 38.091841355931], [128.6495163716844, 38.10363186338262], [128.64721000488566, 38.106459057035316], [128.64631923261214, 38.10676091478538], [128.63539699322965, 38.11657931309525], [128.63256743145948, 38.120135286199606], [128.63233654210168, 38.121947004328256], [128.63115375879005, 38.12240490546388], [128.6311981928544, 38.122492649322886], [128.63207007202618, 38.12217198512521], [128.6325894011212, 38.121829723048705], [128.63374532746803, 38.12276514212591], [128.63278130613608, 38.12216079471723], [128.63211482152462, 38.1226448756858], [128.63243456702776, 38.123597177324015], [128.6329715098703, 38.123752280603746], [128.63448854699004, 38.122513488529734], [128.63467930527713, 38.12277201285446], [128.63313375229487, 38.1243078353743], [128.6323894480903, 38.123884426509875], [128.63143030895264, 38.12458340783489], [128.63165385699216, 38.12492008214898], [128.63063504345163, 38.12562234636382], [128.63078980705703, 38.126213421585284], [128.6303127564557, 38.12612017379513], [128.62986352825448, 38.12670130168736], [128.62986896518518, 38.12814758931078], [128.62916731083365, 38.12901085642666], [128.62623810647278, 38.12817685766074], [128.624940520037, 38.128883834270766], [128.62355970519994, 38.1307947416761], [128.62360342342166, 38.13167383213732], [128.62421369303257, 38.13203051545653], [128.62262610462952, 38.13170758936481], [128.62259213602087, 38.13304116841717], [128.62368095215916, 38.133119437175026], [128.62515866293748, 38.132145473606585], [128.6236783588138, 38.13346225034005], [128.6224474976021, 38.13336455315024], [128.62132983341056, 38.13388728087058], [128.62121685797473, 38.13509395720371], [128.6187898906318, 38.13624487434466], [128.61273213698126, 38.14350627970893], [128.60974641749928, 38.14808135667844], [128.60863517393645, 38.151030329045014], [128.60938968982296, 38.153554047276096], [128.61107221242005, 38.15350625142037], [128.6089360437453, 38.15429751099051], [128.61019687163764, 38.15574254625361], [128.61161822937615, 38.15457765532986], [128.61221552742407, 38.153295033497564], [128.6118454817619, 38.154650186809384], [128.61026148850166, 38.15635677037884], [128.60916674172634, 38.16127797522596], [128.6087181560863, 38.161281389431856], [128.60916328568857, 38.16134677312794], [128.60925193047441, 38.16259395006538], [128.60969169521056, 38.162717808762096], [128.60913588141594, 38.16283403296374], [128.6092616804677, 38.163597575219654], [128.60999778041554, 38.16354688585295], [128.61029598798746, 38.162572879203566], [128.61063404570805, 38.162723836868395], [128.6102945094193, 38.163791628084404], [128.6090580162075, 38.16389819353412], [128.6079150956385, 38.16833389953069], [128.61004651803103, 38.169232677512355], [128.61034212914515, 38.17010478503313], [128.60998136882557, 38.170171692397524], [128.60981929431387, 38.169404165230105], [128.6084704435997, 38.1688837871005], [128.6077980257503, 38.17133408723524], [128.60892275020242, 38.17136905289868], [128.60911999942266, 38.17031208257427], [128.6091147871853, 38.1716699465649], [128.60780476810953, 38.17153423492244], [128.60778605606123, 38.172869841506085], [128.60654012771852, 38.173127311564386], [128.6061055238566, 38.17375622085899], [128.60713885326737, 38.17448140084336], [128.60799680825173, 38.17365740741762], [128.61046823406872, 38.17364520863829], [128.61116556704587, 38.17037587937038], [128.61160937140895, 38.16969742134853], [128.61208430174548, 38.16992761196087], [128.61142235837045, 38.17050211674413], [128.61067851699266, 38.1733445724903], [128.610867118251, 38.176888751763435], [128.6095920454609, 38.17700020582996], [128.60930135774055, 38.17864753556979], [128.60963257998023, 38.179309075210426], [128.61066677328, 38.17908882550763], [128.61074421013635, 38.17789426375819], [128.61099799219343, 38.17898678368926], [128.61411618764515, 38.17987448734062], [128.61466193690356, 38.18044563159466], [128.61446298908794, 38.18123286445382], [128.61480591751013, 38.18111097211357], [128.6138444943353, 38.181661244191076], [128.61165580000352, 38.18190262066278], [128.61067121619078, 38.18303425511492], [128.6095139472586, 38.183336563609714], [128.6039191055598, 38.19102513180609], [128.60379510323125, 38.19202823170743], [128.604922530569, 38.19263719929843], [128.60543972848504, 38.19228886639418], [128.60493438083518, 38.19308967439013], [128.60447108444683, 38.19311251068181], [128.6048749531891, 38.19272018083927], [128.60367378602714, 38.19210339040932], [128.6028675813558, 38.19238959885122], [128.59774027410978, 38.19788720341284], [128.59711194464492, 38.20071521986563], [128.60071903828128, 38.20181209340104], [128.60069197967647, 38.20217172098011], [128.59803619112398, 38.201332854238025], [128.59775216683175, 38.20193340580929], [128.59774818771245, 38.201293046206956], [128.59701899758556, 38.200894468728045], [128.5951089873479, 38.201036139428574], [128.59341897938936, 38.20059426382616], [128.59349539296102, 38.19155317787912], [128.59173280547995, 38.19154892911677], [128.591728369529, 38.192299830332324], [128.59056085383895, 38.192399352534444], [128.5833564651047, 38.19208220726981], [128.58325598031112, 38.19279870301884], [128.58222384037958, 38.192875777573555], [128.58198218913486, 38.19411029265136], [128.58306183715055, 38.194557156891904], [128.58292955060793, 38.19726664187535], [128.58434321773092, 38.198550237638436], [128.58348601103324, 38.19939533616122], [128.5834989836454, 38.19940282453923], [128.5835333462005, 38.19941259565311], [128.58456675311726, 38.19968985932147], [128.58580058982488, 38.200015085089], [128.58584547162647, 38.2001848096299], [128.5903119690375, 38.20123522467123], [128.5923256628372, 38.20139689123706], [128.59221182851726, 38.203992329196744], [128.59449801092478, 38.20690783422659], [128.59450785520212, 38.210673001558234], [128.60058501200555, 38.210589115220294], [128.6002477291636, 38.21136538346361], [128.60138629111094, 38.21133633560506], [128.6010139682726, 38.21033212242354], [128.60181536802315, 38.21028128853638], [128.60279768898906, 38.20741691433238], [128.60219396337018, 38.20534266552694], [128.60289778645594, 38.20331276805563], [128.60353007330716, 38.20338200384476], [128.60271204748284, 38.205516075452465], [128.60308672473215, 38.20740566767686], [128.6019275780557, 38.211278101708636], [128.60224170777192, 38.21215138313196], [128.60180896695636, 38.21208651170249], [128.6014100724394, 38.21276481680613], [128.60231360299295, 38.21331012821825], [128.60206816237306, 38.21463785895267], [128.60106973892363, 38.213703668401656], [128.60042032511012, 38.21480423307708], [128.59950163159021, 38.215057982329284], [128.5986195125427, 38.21457174915251], [128.59716121943282, 38.215398817360025], [128.59546408399402, 38.217362841559044], [128.59582005807187, 38.218482163514466], [128.59645179741037, 38.21858922789755], [128.5967828727822, 38.21800402045488], [128.5962840848788, 38.21916477069738], [128.59537245835133, 38.21947237590651], [128.595492140356, 38.21868516676565], [128.5941056679271, 38.21848451926401], [128.59231040886036, 38.220367347511434], [128.59272717790992, 38.2219651167889], [128.59401422662708, 38.22171222675398], [128.59307123432995, 38.22219586548988], [128.59255656236942, 38.22357699229538], [128.5922046682684, 38.22346403204764], [128.5927284980262, 38.2221578315639], [128.59027066061307, 38.22114507407097], [128.59210646885626, 38.222457597948825], [128.59081466542625, 38.22215245425944], [128.58977095472764, 38.22355547257825], [128.5898317116663, 38.22447417496839], [128.59085186797444, 38.22477740938463], [128.58954889258257, 38.22469179681867], [128.58867610716365, 38.22684326309698], [128.58988350584033, 38.2270467740119], [128.59156964410838, 38.224641178979624], [128.59190777343582, 38.22473566081678], [128.5902425803291, 38.227128036271885], [128.58738682880966, 38.227329561398705], [128.5861927341354, 38.23017666017092], [128.58493301797367, 38.23077170704977], [128.5780813555915, 38.23781681481588], [128.57762717742426, 38.23904034536296], [128.5752585015052, 38.24131982231065], [128.57533780073342, 38.24199874726079], [128.57455244412458, 38.242118081050414], [128.57219751277913, 38.2453405675825], [128.57098345857133, 38.24880825698403], [128.57172975333648, 38.24964172592975], [128.56988449545946, 38.24868682236682], [128.56908064616388, 38.24945574159406], [128.56933523698635, 38.249797941797496], [128.5682404945807, 38.24945487085418], [128.5680055497997, 38.250292341629674], [128.56848871247698, 38.2509198117242], [128.56766069150768, 38.25076406450627], [128.56753959879373, 38.25182368944242], [128.56857696748335, 38.25195354089277], [128.56983742553638, 38.25044185316058], [128.57070264255944, 38.25031676068631], [128.5685680732676, 38.25252211143776], [128.56895216514874, 38.25278567895454], [128.56843071432147, 38.25300010989748], [128.56664738330238, 38.252368532019], [128.5666169758899, 38.253414590088425], [128.56536569826005, 38.25301916708641], [128.56353315711613, 38.2542809191068], [128.56025628990594, 38.25785288962434], [128.56011957479902, 38.25925166429723], [128.56113229682046, 38.25993049850699], [128.5615050443989, 38.25934996633856], [128.56143440427763, 38.260409347505586], [128.56098844783938, 38.26117985388561], [128.55976541534994, 38.261327325082874], [128.5590815649568, 38.26217567456717], [128.5588366743705, 38.26377121906847], [128.5595042149474, 38.26477879471525], [128.55918838465422, 38.2645884964436], [128.55871368405732, 38.26403575891511], [128.5593347328259, 38.2647836631026], [128.559971121307, 38.2648965730371], [128.5600462104961, 38.26592203186213], [128.55872099693718, 38.266721514858915], [128.55822784739485, 38.26629307334582], [128.55753134901153, 38.26669435293574], [128.5568862062306, 38.26807553750675], [128.55714513627152, 38.2688944257924], [128.55668936003553, 38.2689162169173], [128.5569099234896, 38.269018219370544], [128.55723454023686, 38.26899250846447], [128.55755222495148, 38.27007758364165], [128.55859425421914, 38.270034509959885], [128.55763767408612, 38.27051509457314], [128.5588265491604, 38.27126191597374], [128.5581583161508, 38.27197557096735], [128.5574265083122, 38.27076702125311], [128.55569295998686, 38.27098063774987], [128.55544648417916, 38.271291093313685], [128.5574079493431, 38.272355387462376], [128.55695777549428, 38.27331685722124], [128.55582911333116, 38.273356439845465], [128.55583397465347, 38.27379042788202], [128.5564503633888, 38.273977430294224], [128.55863638637823, 38.273379353180694], [128.55966023655478, 38.27085350850767], [128.560242174133, 38.27111368333158], [128.55898661434824, 38.273724265686816], [128.5568617752599, 38.27419865481839], [128.55633646987403, 38.2749100690679], [128.55385882544968, 38.275011275418436], [128.5531149924559, 38.278299107699134], [128.5535991689453, 38.2795974434035], [128.55407880016875, 38.27951349495887], [128.55394965708624, 38.28071740073545], [128.5530404437265, 38.281224369478615], [128.55312290214505, 38.28196646863471], [128.55253811561852, 38.281888151022514], [128.55274680420172, 38.282439638218186], [128.5520166504929, 38.283581409098446], [128.55116478564133, 38.28438632280735], [128.55036571664044, 38.284493829807076], [128.54860282173163, 38.2863968583648], [128.54882182670238, 38.28755711414432], [128.5481235370523, 38.28772931486757], [128.54820943029756, 38.288928328642655], [128.54909549766867, 38.28937801352772], [128.54796525974498, 38.28944611232009], [128.54779327016195, 38.289952131637506], [128.54908564839204, 38.29001660889894], [128.54974655303232, 38.28917816149281], [128.54985342050162, 38.28958974122005], [128.54897425483833, 38.29030399333737], [128.54760006828673, 38.29025192877101], [128.5470861182387, 38.29124932636636], [128.54791894933584, 38.294091835243435], [128.54954380900006, 38.29503926110061], [128.5492795255614, 38.29525108445805], [128.55029166354404, 38.29611286656883], [128.55101105108787, 38.2951258014297], [128.55124296843604, 38.29571245607754], [128.55236754604763, 38.29527229570502], [128.55209131685663, 38.295740148817956], [128.55118821679375, 38.29611580335604], [128.55110013381886, 38.29641552185482], [128.5497607476939, 38.29666175279666], [128.5498634357848, 38.29695650959451], [128.5490845589365, 38.296668315916264], [128.54795495603068, 38.29702905005549], [128.54691158785312, 38.2989288849547], [128.54769575457337, 38.30107323242001], [128.5485769180968, 38.30175060223282], [128.54976271546434, 38.30150808156229], [128.54897926286125, 38.301835603452155], [128.5493475130969, 38.30229989786819], [128.54838256403454, 38.30264782592578], [128.54879960887757, 38.30307167222719], [128.55024024721325, 38.302740008403134], [128.55023646650324, 38.30094503935265], [128.55060783206017, 38.30090348264398], [128.55034789243643, 38.30299001651957], [128.55109856984654, 38.30305465506055], [128.5512044541705, 38.30353376877138], [128.5487094356082, 38.304125846392374], [128.54781194477957, 38.30592291617436], [128.54335923170967, 38.30687538850895], [128.54312931090365, 38.308982577185645], [128.5441210017498, 38.31001737848802], [128.54423382839613, 38.31109098434757], [128.54276060068216, 38.31158253518969], [128.54147761001238, 38.31147728071362], [128.53803686261384, 38.31330503743998], [128.53460246125547, 38.316102278771794], [128.53263562535037, 38.31883675332885], [128.5304622238105, 38.319619023274946], [128.53042156619335, 38.31987145704688], [128.53070393817325, 38.320019915292924], [128.53058246269526, 38.32020791831448], [128.52854406941168, 38.32132878891598], [128.5278455678981, 38.323816730993784], [128.52904183818848, 38.32541544488885], [128.52826235490667, 38.32645409976578], [128.52893627881951, 38.32573758794332], [128.52923589748212, 38.325099612145245], [128.5299642505507, 38.324942079998664], [128.5285013599745, 38.32677694089807], [128.52959736253263, 38.32697225427596], [128.53058440301407, 38.32480946811254], [128.53100154994397, 38.32487006297835], [128.53022351879207, 38.3261425755532], [128.53083285575727, 38.32765767763228], [128.53003028214545, 38.32825546171668], [128.52949635585267, 38.32809200138449], [128.52953730881765, 38.32840382307607], [128.52876927695644, 38.328155829299824], [128.5281064990561, 38.32889217605374], [128.52891227024412, 38.33316688823568], [128.5252867607304, 38.33471851415263], [128.5220020196971, 38.337049373201204], [128.51482908121912, 38.34441577779892], [128.512753303615, 38.34725069936152], [128.51234705293123, 38.34869810717821], [128.51321729494234, 38.34976082720476], [128.51373421238242, 38.34980533056966], [128.51387429861845, 38.349301227096575], [128.5138182893244, 38.35074707753818], [128.51372723210804, 38.35002289725318], [128.51255419133065, 38.35004193530429], [128.51220610764378, 38.35045183409558], [128.51284077457427, 38.35191472259575], [128.5139973887113, 38.35277955405077], [128.5113606424025, 38.35324285554936], [128.51136518542455, 38.35395231723776], [128.5131197117279, 38.355124536780785], [128.51494881988248, 38.35350466493337], [128.51508728280504, 38.351744302026205], [128.51523987801312, 38.35359186518665], [128.51267393507572, 38.35606089281886], [128.51366598006467, 38.356104261832876], [128.51320604047393, 38.356741330318755], [128.51269604566485, 38.35653386739076], [128.5131180605569, 38.35633785444335], [128.51186086417056, 38.35590696869043], [128.51020902284068, 38.35647684034917], [128.50751310382262, 38.360822924096155], [128.50654034955235, 38.36090316292346], [128.50747031667078, 38.361053925624994], [128.50685926281017, 38.36382381553147], [128.5074184881555, 38.36379366249104], [128.50733873322045, 38.36458230624046], [128.50818488629082, 38.36575420082016], [128.51019877452399, 38.3668034454954], [128.51008723090084, 38.36640322070048], [128.51113463807368, 38.36590389144271], [128.51040615018934, 38.36642090273241], [128.51068161712328, 38.36715428683049], [128.51167833461514, 38.368067892350446], [128.5124283782719, 38.368004719267866], [128.5118832879068, 38.36551866630526], [128.51224239678442, 38.36529079045506], [128.51301091435997, 38.36775478937719], [128.5137190039024, 38.36762331889984], [128.5141107231364, 38.3680704575105], [128.514119803417, 38.36850946912758], [128.51283411418663, 38.368626858803246], [128.51178860966306, 38.36973301556176], [128.51089606315722, 38.36987935247424], [128.51226706123546, 38.37147361278182], [128.5119695207493, 38.372450838624786], [128.51146519097693, 38.3728437867747], [128.5111848112402, 38.37254668269951], [128.51080167321783, 38.37320688788218], [128.50960466194536, 38.37267528420417], [128.51003008448757, 38.37293770437892], [128.50928347336327, 38.373072305169494], [128.50860187814968, 38.37413161486558], [128.50882320463703, 38.37544109336015], [128.50761501861646, 38.37541186226934], [128.50754470094756, 38.37578064287533], [128.5063875070457, 38.37544247471059], [128.50410290854214, 38.37687984430313], [128.49523626885613, 38.38556850289578], [128.48170939570946, 38.40000052752036], [128.48120000126377, 38.39984858487049], [128.4788002555633, 38.40151824083354], [128.47732190017246, 38.400750509720275], [128.47596601905988, 38.404605721580026], [128.4761928671804, 38.40515451898132], [128.47133033805613, 38.4103135774562], [128.4644225129679, 38.41958395944766], [128.46280653090233, 38.42261680897], [128.4627719545865, 38.423648491602044], [128.46355995848032, 38.42417655339316], [128.4627769645492, 38.42372290090629], [128.46193827415047, 38.424750225793545], [128.46318475368943, 38.42525347715155], [128.46459820474132, 38.42404413233941], [128.46316137726575, 38.42532632005192], [128.4612388878009, 38.42459986796187], [128.46005007966056, 38.427118077470496], [128.45884065542415, 38.42810900847682], [128.4566910781342, 38.431567843437215], [128.45376754718836, 38.438288377121474], [128.45472851625743, 38.43798267830037], [128.45465965118527, 38.438345685158346], [128.45545012115093, 38.43845487234129], [128.45490305614865, 38.43901558401405], [128.4552765765126, 38.440089034876145], [128.45471348628274, 38.44013132678187], [128.45462342426566, 38.44080529720634], [128.45517838956138, 38.44080496302498], [128.45523253122968, 38.44133714674617], [128.45468341793705, 38.4413417150908], [128.45491488567563, 38.44216222089018], [128.45543136732996, 38.44202509156539], [128.45566629800615, 38.44247244380769], [128.455353580788, 38.44302394867017], [128.4560600661232, 38.44385055206418], [128.45832191669083, 38.443965271566135], [128.45518259577025, 38.443990472703526], [128.45526222748205, 38.44528465464677], [128.45896941497583, 38.447976659472275], [128.4594975211863, 38.447633644236554], [128.45906501638163, 38.44805527014538], [128.45992710013746, 38.4486024917455], [128.46150285627868, 38.44878426842377], [128.46329765879875, 38.446978108829185], [128.46231528589834, 38.44633772720852], [128.4619462980711, 38.446516536676164], [128.46220852015335, 38.446268129059305], [128.4589290234381, 38.44324089468355], [128.45926807228324, 38.44300965245504], [128.46039287431293, 38.44450603705579], [128.46442196177023, 38.4469516222991], [128.4646050353647, 38.44791971649711], [128.46552934002847, 38.448082270355755], [128.46656374475336, 38.449014010156176], [128.46696729185805, 38.45008714609929], [128.46546941056096, 38.45133297072408], [128.46508479935898, 38.45310434866961], [128.46098085189703, 38.45491989175644], [128.46028375106997, 38.45593956206917], [128.46038515957588, 38.457367621867554], [128.4556221904347, 38.46067623676919], [128.45541858952086, 38.46240934534909], [128.45264262200936, 38.46378139843298], [128.45150057805256, 38.46566936670874], [128.45004801464228, 38.4664992924489], [128.44921240065642, 38.467928034928114], [128.45046005457053, 38.469286657663744], [128.44948835225236, 38.47052215161363], [128.44962169418386, 38.47127830488621], [128.4448758774488, 38.47351221104569], [128.44398613834056, 38.474375765806506], [128.44199307720257, 38.47441591848241], [128.43920651461454, 38.47681661657583], [128.4374608895374, 38.48155544366291], [128.43933839927078, 38.48507822327214], [128.43830164316458, 38.4862800591514], [128.43876746513513, 38.48644746558105], [128.44001129463695, 38.48540031997141], [128.43809698390365, 38.487477844726], [128.43544024870823, 38.486803992291634], [128.43262509871641, 38.4882878146808], [128.43000204460947, 38.49082256377524], [128.42900998728027, 38.49273950145686], [128.42972063804604, 38.4963152527652], [128.42652102848416, 38.498350675280456], [128.42685263316193, 38.499960625200096], [128.42770982440976, 38.50035695212414], [128.42671264618505, 38.49998735192828], [128.42636041964914, 38.49924574608754], [128.42519502898912, 38.499415654468784], [128.42453063942534, 38.50016745850143], [128.42494256095722, 38.50133451694171], [128.4263544784658, 38.50120835854224], [128.42703177396538, 38.50225300241191], [128.42896112226302, 38.50237543767971], [128.4290839098623, 38.5004530163941], [128.42972932972802, 38.49960616129999], [128.42902297264646, 38.50317180334302], [128.42994130193844, 38.50405274560405], [128.42663091364554, 38.50373990787794], [128.42431333438074, 38.504112226765734], [128.42211336191858, 38.505051607491254], [128.421950087646, 38.505865639924465], [128.4212580685178, 38.50588591497336], [128.42024332457515, 38.508878575535284], [128.42121798286695, 38.510183726286414], [128.41883166444956, 38.511294719842965], [128.41839675163683, 38.51243981928379], [128.4188001456801, 38.51354209488787], [128.42080207825916, 38.514066397578766], [128.41933344079825, 38.515310234529416], [128.41897901747086, 38.517033817033116], [128.4193374846448, 38.51806828582569], [128.41735809290253, 38.51936380626578], [128.41839513372716, 38.52048128620697], [128.4193841946834, 38.520826179288996], [128.42105517995034, 38.52022004505592], [128.4229151895933, 38.52036492514805], [128.42331497921813, 38.52119876356956], [128.4229468795867, 38.522276457181526], [128.42399768976864, 38.522836438557434], [128.42294018730237, 38.52359604999537], [128.42110203530876, 38.52313208816496], [128.4187738207095, 38.52348436937337], [128.41789494093308, 38.52417686629509], [128.41671550615519, 38.52716274768784], [128.41697359064227, 38.52937298928398], [128.41462944037633, 38.52930648355255], [128.41382345299533, 38.530271589974205], [128.41186778877525, 38.531158091458416], [128.4117073149628, 38.53349529556397], [128.41244271719452, 38.534229768715484], [128.41234293188597, 38.53497881022254], [128.41029122475433, 38.53792573473711], [128.40719003164656, 38.540129150998524], [128.4060079361852, 38.54190865731956], [128.4055488346914, 38.54432465445503], [128.40455605481912, 38.54451568004932], [128.40511903150565, 38.54512417496889], [128.4076884907064, 38.545716089098256], [128.4085861800475, 38.547286187378916], [128.41050568405623, 38.547157741633626], [128.4077992893208, 38.54931611155023], [128.4074087480526, 38.55070633083339], [128.4083365987939, 38.551023676929134], [128.4096035682518, 38.550402888271904], [128.41104188959557, 38.55180597318084], [128.40983315859683, 38.553080386174884], [128.41097271744974, 38.554837211031504], [128.41084011738366, 38.555881256375045], [128.41017894934345, 38.556244004749686], [128.4090322486465, 38.55610458645322], [128.4078975564235, 38.55490273238707], [128.40453736049065, 38.555365342791525], [128.40433091142654, 38.557785763512015], [128.404856703858, 38.55841905720841], [128.40643755261897, 38.55897713117229], [128.4066194183428, 38.55965741107371], [128.40532358721396, 38.55905481548143], [128.40374821119573, 38.559914806801885], [128.40323723157664, 38.56498537620304], [128.4025137090397, 38.566251100882596], [128.40189790639673, 38.565874014764624], [128.40194520149532, 38.56473183283556], [128.40152395721697, 38.565264898452234], [128.401065227514, 38.5649308467049], [128.40039684090905, 38.565398149183515], [128.3981863267584, 38.56549518292754], [128.3957314784236, 38.567879459207255], [128.39374668239728, 38.56885385920672], [128.39454374611176, 38.569337326127446], [128.3937973883574, 38.57174557681158], [128.39447295172172, 38.57286204730853], [128.39401072342926, 38.5733001525088], [128.3931607307175, 38.57246557409261], [128.39121090418922, 38.57274089588064], [128.38790625511425, 38.57568111533512], [128.3866170251745, 38.576163548688626], [128.3818447577883, 38.581450593928516], [128.37985919062783, 38.58280027743489], [128.3775227778478, 38.5870185975456], [128.37411328941334, 38.58870338829978], [128.3699611305717, 38.59338910152354], [128.36834397987016, 38.594237150380636], [128.368881504578, 38.594811906200825], [128.36762638952473, 38.59678280430762], [128.36811933092685, 38.596432895522476], [128.36810869782354, 38.596937439502845], [128.36672692117514, 38.59815104569025], [128.36548680135235, 38.60085697830788], [128.365720114474, 38.60243449554962], [128.36519457268278, 38.60277927315347], [128.36393434326126, 38.60265802014031], [128.36346428393713, 38.60297200358732], [128.36363458155012, 38.60364022283028], [128.3629054980362, 38.603191098773635], [128.36009954646477, 38.60489280693541], [128.3608773665582, 38.60589425366222], [128.3594890522727, 38.60805286295383], [128.36017762842138, 38.608351033702554], [128.35715799005047, 38.61357533263314]], [[128.98191615064763, 37.74382897339144], [128.98098061778435, 37.744538221088476], [128.98123702905153, 37.74497316328227], [128.98268942249592, 37.744394524709044], [128.98191615064763, 37.74382897339144]], [[129.19010653563942, 37.43874205262153], [129.19168660099598, 37.43781128330643], [129.18829194899536, 37.438149943638685], [129.1880041781219, 37.43744085392674], [129.1872529933234, 37.43748925897449], [129.18776793574528, 37.43857513691788], [129.19010653563942, 37.43874205262153]]]}}