{"type": "FeatureCollection", "properties": {"source": "국가데이터처 SGIS 행정구역 통계 및 경계_20250630 (2025년 2분기 기준), 이용허락범위 제한 없음"}, "features": [{"type": "Feature", "properties": {"code": "32010", "name": "춘천시"}, "geometry": {"type": "Polygon", "coordinates": [[[127.58317865006657, 38.08108564500731], [127.58565576091493, 38.080200904118044], [127.5877790672853, 38.08035419041207], [127.58890487767965, 38.08088178561584], [127.59683797472145, 38.07989676287888], [127.59816761099967, 38.07685681653602], [127.60472638381849, 38.0726482401602], [127.60776133269627, 38.07167402123475], [127.60819665813584, 38.068348854045446], [127.60540225749729, 38.06105075717433], [127.60817317110916, 38.06026396737628], [127.6096007872602, 38.05915805095144], [127.61167734810857, 38.05651638313505], [127.61167215932429, 38.055419563339825], [127.61252396045975, 38.056720040355685], [127.61404330212793, 38.05745087222399], [127.61725378285654, 38.05752109053061], [127.62365828777205, 38.05155213393594], [127.62627603244971, 38.05077811004235], [127.632892935712, 38.05004540872414], [127.64119857217426, 38.051982487008864], [127.64116082318635, 38.05292245426568], [127.64537551213947, 38.056447006755285], [127.64804226162927, 38.056293589156034], [127.65048389108296, 38.05552618479802], [127.65199396177019, 38.05450573700064], [127.65326494148093, 38.05212510679813], [127.6533198732395, 38.0509319568204], [127.65185385775638, 38.047342953348284], [127.64889681948844, 38.04457266938799], [127.64810509346918, 38.03339965297038], [127.65075959521104, 38.02701366725983], [127.65412265314453, 38.0238264017828], [127.65549350991672, 38.02413973321915], [127.65473868390748, 38.025766961461365], [127.6549046534925, 38.02728434936888], [127.6560212564082, 38.027315013729186], [127.66032630002398, 38.02887430980602], [127.66072382224215, 38.02966459659786], [127.66196188059342, 38.0293640082913], [127.66537056695991, 38.030389301857895], [127.66603424244039, 38.03155615883744], [127.67093684932993, 38.034838037451124], [127.67403480599245, 38.0356094941109], [127.67843932653652, 38.03589419023395], [127.68158518662938, 38.03415305450513], [127.68263789543059, 38.03426802299986], [127.68322411916907, 38.03488089582772], [127.6872289617471, 38.03433170735114], [127.69001064250999, 38.03529574862216], [127.69371675186311, 38.03536378975333], [127.69630021277344, 38.03686713607259], [127.70021937011532, 38.03820033465287], [127.70457144024829, 38.03654657273906], [127.70942900215563, 38.03232852182447], [127.71352750668521, 38.02393158772433], [127.71550075267174, 38.024020693951144], [127.71653111637829, 38.02483031596214], [127.7170497377091, 38.024545626339915], [127.723258629929, 38.0246754775978], [127.7253892755891, 38.02509593935833], [127.72552020315861, 38.02603263201474], [127.72850567675411, 38.02928729533978], [127.7289218800216, 38.03246714861406], [127.72982188791059, 38.03291934213693], [127.73208630122038, 38.03301875162983], [127.73275736261301, 38.03564407896422], [127.73374753775585, 38.03581443256733], [127.73531450932775, 38.03717516177289], [127.73620036764898, 38.03719778220816], [127.73802534385776, 38.038297000787296], [127.7447331600161, 38.03769707920376], [127.7456241276203, 38.039104448739145], [127.7472477338333, 38.039457899026175], [127.74756106743703, 38.03809695635113], [127.7502215871772, 38.035443513554675], [127.75367433594165, 38.034748612634424], [127.75829530446244, 38.03475303336065], [127.75900619133894, 38.034240006068444], [127.75911207270465, 38.03294259456365], [127.76091472986376, 38.03058131709536], [127.7609338877611, 38.02985089819333], [127.7635773280294, 38.029471751786964], [127.76451731196025, 38.02878490894125], [127.76958237833809, 38.02823701514669], [127.76999583316831, 38.02785143300326], [127.7709763976943, 38.02632081690861], [127.77119250269975, 38.024796317457664], [127.77178023747213, 38.024606942721384], [127.77304471045927, 38.02205783561287], [127.77368552708248, 38.02177322542744], [127.77440506582258, 38.01892165664104], [127.77516802607634, 38.01857992898016], [127.77469987379088, 38.01659765086996], [127.7736100762073, 38.01563353464471], [127.77337061433046, 38.01431246767792], [127.77382011111948, 38.013572188506295], [127.77510186482176, 38.01394410998171], [127.77915619550535, 38.013656671800995], [127.78018826617782, 38.01185057924404], [127.78065560656312, 38.00961043311873], [127.78555176966124, 38.00275977009352], [127.78554395524746, 38.001524461741404], [127.78670442646506, 38.00051334148301], [127.78648991471358, 37.99928110152369], [127.7878525421112, 37.99828184988125], [127.78667173322687, 37.99541135843666], [127.78755259376383, 37.99727850240903], [127.78820556526018, 37.99429384672836], [127.79046558494188, 37.99428686466371], [127.79464173929199, 37.99570613558363], [127.80316562873264, 38.00050195354718], [127.80810895467637, 38.000738139427845], [127.81163285861285, 38.00324854681016], [127.81323534832832, 38.00366683049188], [127.82031207977688, 38.003884664450226], [127.82495565568533, 38.00115377246184], [127.82710008745786, 38.00078344117212], [127.82715943256495, 38.00163409571341], [127.8289569982058, 38.003197755280844], [127.82852231097122, 38.00586634162241], [127.83037515971913, 38.00837750519473], [127.83356954037568, 38.00880370190318], [127.83512698198349, 38.009621782774204], [127.8398091242863, 38.01382524851158], [127.84423369605325, 38.014415516830255], [127.84740067821704, 38.01431648586431], [127.84984801188995, 38.01670847223655], [127.85222958166507, 38.01696857680266], [127.85810009285606, 38.01882318970418], [127.85500881265833, 38.023131952432834], [127.85415051449377, 38.02526147272172], [127.8541541814254, 38.026406702497354], [127.85559357591839, 38.02862315738418], [127.85081475397189, 38.03084947826805], [127.84918649351165, 38.036263769325906], [127.85009889374278, 38.03778334977238], [127.84996101912267, 38.03996422324196], [127.85175288254946, 38.04217197129765], [127.8512228480301, 38.04254376730331], [127.85167742652764, 38.043774419247534], [127.85120093942041, 38.04554614675504], [127.85304989662114, 38.04830384962845], [127.85341448426365, 38.050517960891824], [127.8551598534907, 38.05230904671788], [127.85913266135776, 38.0499775110707], [127.86724595555891, 38.050245183596125], [127.86802287939337, 38.04964852880977], [127.8705837736215, 38.04926223364007], [127.8723306916992, 38.04844554195507], [127.87484022519466, 38.049225060189215], [127.87899704883544, 38.04734362307882], [127.88266005860426, 38.04803186938054], [127.8882741454395, 38.05017065048675], [127.89039440225855, 38.05012479591613], [127.89503373887413, 38.0510943985892], [127.89778941093458, 38.05086396511107], [127.89946548292248, 38.04992438737808], [127.90266929925603, 38.05065070670475], [127.90276629085669, 38.04895037502678], [127.90403653277727, 38.04616504941295], [127.90371307434613, 38.04185425111843], [127.90263236291193, 38.04060946700736], [127.90186133796985, 38.038224919173224], [127.90275395885435, 38.03763419126078], [127.90254525983691, 38.03474871671518], [127.90404152205029, 38.033345653091175], [127.90370417011563, 38.0319873272702], [127.90406646897831, 38.0303308553731], [127.90748501577029, 38.02711456143719], [127.90983805704603, 38.025626839447824], [127.91026697021184, 38.02462269428952], [127.91337952125555, 38.02286100451769], [127.91514968020265, 38.02217131227357], [127.91626792348217, 38.02220401026593], [127.91825170846913, 38.02106835241184], [127.91993926058193, 38.020980580614214], [127.92223476209809, 38.02010593711731], [127.92491447104113, 38.020012816420916], [127.92668388787504, 38.01891619075395], [127.9291962456057, 38.01882657737524], [127.93136665157148, 38.01789389754028], [127.93448601329898, 38.015497320138266], [127.934466141655, 38.01381787903268], [127.93819692443127, 38.01421896040076], [127.9404290867678, 38.01505080997749], [127.94333212388965, 38.01672125862934], [127.94492692512391, 38.01837484613221], [127.94714390199204, 38.02257939505512], [127.94642886396682, 38.02914191173802], [127.94701221493631, 38.0313294871041], [127.94991909781291, 38.0361905606583], [127.95175152717052, 38.038200789403994], [127.95542737578133, 38.0386817168307], [127.96300642701235, 38.03486158780017], [127.9661082963642, 38.03205300932099], [127.96901957411428, 38.03089820224871], [127.97778405455738, 38.029570694916885], [127.98543059754208, 38.02685582047594], [127.98685758890262, 38.02551254266132], [127.98755244111605, 38.024036580010055], [127.98713026957296, 38.02009789614372], [127.98397357921661, 38.01451854427006], [127.98382080118854, 38.01029691467267], [127.98568941546938, 38.0071960323855], [127.98938052739975, 38.00379687694937], [127.99332547684132, 38.00162463553438], [127.99579151887112, 38.001738647276746], [127.99797421163498, 38.002734245740754], [128.00064653430084, 38.00527825658901], [128.0059057677373, 38.01373839806204], [128.00773542311245, 38.01573791671321], [128.01295729982775, 38.01900893236004], [128.02143109728664, 38.01974626215097], [128.0249422403545, 38.01952544373775], [128.0296082593919, 38.01465092732767], [128.0244167453299, 38.01108506538719], [128.02494195530383, 38.00957545331509], [128.02422613751827, 38.008583104131475], [128.01958795426447, 38.00736576877426], [128.01996672839337, 38.00614431858594], [128.01878207889857, 38.000569645726], [128.0163429295861, 37.998843276217194], [128.01650216725668, 37.99769692764686], [128.01530044868358, 37.99664143228582], [128.00886520128378, 37.99612579015783], [128.00663577317866, 37.99644581498145], [128.004881560622, 37.99540281355191], [128.00343073808705, 37.99563308615688], [127.99960210962034, 37.991379942954154], [127.9973221155521, 37.99050400153652], [127.99649256327356, 37.99029425008551], [127.99478730805902, 37.99082892846101], [127.99156474602417, 37.991041345459934], [127.98805096691105, 37.988794151808825], [127.9854517274815, 37.989407979313384], [127.98362339835049, 37.989067968298876], [127.98416541930526, 37.986713523186644], [127.98230219611602, 37.98516292609333], [127.98179276099683, 37.98350024392144], [127.98368540161715, 37.980777272543264], [127.98475434595656, 37.98003946390336], [127.9842827166957, 37.97702569661405], [127.98486401120296, 37.97530350991751], [127.9837083292076, 37.97430416500093], [127.98236726161828, 37.971985706127775], [127.98402588260215, 37.970405427924305], [127.98449946159154, 37.965994971861534], [127.98355326262383, 37.96509297380285], [127.98397197438723, 37.96377135776507], [127.98171599770518, 37.96216265038071], [127.98162888702663, 37.96063861158434], [127.98026928928972, 37.95955196696548], [127.9800044344949, 37.95859105578483], [127.97751228404668, 37.95706531035721], [127.98061750857809, 37.95602459354762], [127.98369693902967, 37.95345333254946], [127.98728459214534, 37.95181522859529], [127.98749539182141, 37.94867298785779], [127.9896408018944, 37.9452073667041], [127.9937346927665, 37.9435558012808], [127.99330274877542, 37.941941487256926], [127.99511006470107, 37.941200178900516], [127.99480228539599, 37.9361349474076], [127.99314986271163, 37.93328796360537], [127.9924085014024, 37.930145285949585], [127.98677452664161, 37.9247176495185], [127.98363428047988, 37.92342154704485], [127.98505056686115, 37.91618814676594], [127.98447260128401, 37.915404686498675], [127.98447715543787, 37.91393082666085], [127.98632862433702, 37.91230780436317], [127.98596504216363, 37.91182323210895], [127.98321908075282, 37.910874319469215], [127.97964277743579, 37.90815577329258], [127.97785135192085, 37.90499495925768], [127.97593487678593, 37.904086855137386], [127.97105031231573, 37.89869163489308], [127.97140484427919, 37.896089321306405], [127.97001383676573, 37.89266437502611], [127.97197793231068, 37.88759355403735], [127.97309968676757, 37.886993357884094], [127.97232916516313, 37.884718447032036], [127.97277545788666, 37.8824836138429], [127.967511493715, 37.88029942965762], [127.96577824465724, 37.87780235541895], [127.95753708021915, 37.873781126761344], [127.95769536224263, 37.87311260057249], [127.95678390032123, 37.8724989392933], [127.95576275856465, 37.87015414964319], [127.95366205948406, 37.86791944749505], [127.95291524009725, 37.86488490640266], [127.95062545695295, 37.86400387985805], [127.95005030824193, 37.86321120699963], [127.95004063467309, 37.8616256786145], [127.94822096213872, 37.86020252151563], [127.94588438234776, 37.8542465428124], [127.9446915992631, 37.85301367955625], [127.94296862074411, 37.84774895422352], [127.9455978576668, 37.84578333431291], [127.9459735503079, 37.84492501980721], [127.945335767131, 37.844050326382195], [127.9460615542471, 37.842750853481895], [127.94609918002479, 37.841079633749516], [127.94436021071112, 37.83942490045581], [127.94472525699283, 37.838791337024134], [127.94412363976254, 37.838353864544644], [127.94164579787376, 37.83816138967399], [127.9370536216785, 37.835581072494406], [127.93550707615373, 37.83207132772767], [127.9352275888835, 37.828511816747124], [127.93401458002145, 37.82709066021426], [127.93278683654283, 37.826356826417026], [127.93180715764737, 37.82646676951518], [127.92927312254713, 37.82770581788105], [127.92643405490429, 37.833150263070245], [127.92535734372125, 37.837014920560364], [127.92446868103306, 37.8383161204578], [127.92228044019573, 37.83905679418234], [127.92098534527535, 37.840225158949195], [127.91848511995276, 37.844218257887405], [127.90768516237725, 37.84906095020025], [127.90567278066393, 37.84941370274141], [127.90665767522303, 37.85257792294927], [127.90795990451632, 37.85334832625873], [127.90882157242214, 37.854557079869835], [127.90831713897097, 37.855437673402406], [127.90618700397945, 37.856861172324784], [127.90067754542738, 37.85876798960468], [127.89603610732716, 37.859388376538945], [127.89496081242186, 37.86100242315441], [127.89066711256316, 37.86312335616845], [127.88805581710315, 37.86204674853944], [127.88644947604806, 37.86206276974212], [127.88074957247215, 37.860690470217946], [127.87651069759994, 37.85648801248975], [127.8780596816594, 37.85421631379189], [127.87881155634796, 37.85204457430629], [127.8781983134237, 37.84949136963167], [127.87737774808794, 37.848437769700475], [127.87735788733463, 37.84750969111105], [127.8753258809049, 37.84581641766524], [127.87357212640897, 37.845615450076565], [127.87272435378279, 37.844624234033574], [127.87175586214207, 37.841031092414724], [127.87184316347754, 37.83927703194067], [127.87118907815717, 37.83850651218467], [127.87160181402257, 37.83743727884934], [127.8693056761183, 37.836556397019045], [127.866961376535, 37.83683519410475], [127.86630524247977, 37.836370686827706], [127.86293613039902, 37.83622645524404], [127.86167551895171, 37.83665065947168], [127.86106567100198, 37.836194515276965], [127.85796737790932, 37.83589218812156], [127.85463393688825, 37.834804867162845], [127.85180162445813, 37.83555622210591], [127.84826111537302, 37.83562987612167], [127.84456286516689, 37.83743995456769], [127.84244244096375, 37.8377811293678], [127.83927709668168, 37.83980515111457], [127.83632999635896, 37.840009632251785], [127.83307343887792, 37.84221769589783], [127.83226963223471, 37.84363809721519], [127.82917412685302, 37.844080793739], [127.82787032467701, 37.84349506134376], [127.82519212777795, 37.84369766776907], [127.82225742622879, 37.845679346697565], [127.81934268166313, 37.84369535927814], [127.81943694535845, 37.842136097610215], [127.81547972438749, 37.84098978172595], [127.81421650479032, 37.83871776264922], [127.81533011748739, 37.837647829970365], [127.81433743714534, 37.836958999182706], [127.81452782145917, 37.83606323868871], [127.8136275900099, 37.83327996155428], [127.81841540852827, 37.82937455909877], [127.81722284295047, 37.828222043479165], [127.82079264529227, 37.8253044486183], [127.82203589712005, 37.824622353557075], [127.82558066917936, 37.82433802252201], [127.82621708120797, 37.821628817647195], [127.82760569598402, 37.820464496933106], [127.82774641676531, 37.819239098094165], [127.82710410855425, 37.81768443106108], [127.82501290476375, 37.81569225411249], [127.82510390715082, 37.811777089130715], [127.82715778005395, 37.808640997303925], [127.82648996736782, 37.80551777129838], [127.82684226145825, 37.80385421551988], [127.82554459756093, 37.802925207341765], [127.82520312822528, 37.802083819524846], [127.82508141123499, 37.80112376812219], [127.82571149161475, 37.80041410464822], [127.82488916194515, 37.79825255968335], [127.82837306815658, 37.795359537419905], [127.83001549789944, 37.79473199890549], [127.83324208673686, 37.792431029460445], [127.83700422114227, 37.791110459195316], [127.83732777716062, 37.79041810684669], [127.84072040727638, 37.7896921032002], [127.84231071695416, 37.79005859873546], [127.84323603731356, 37.789690492513614], [127.84406853733091, 37.787895917203635], [127.84466949123158, 37.7838371428731], [127.84659916537132, 37.78077367744284], [127.84972043500085, 37.7791948844349], [127.84983614169946, 37.777679647728995], [127.85181370590475, 37.77718873992592], [127.85183754926614, 37.77611224206996], [127.8544506983452, 37.7735234495722], [127.85608036347064, 37.77101521581679], [127.85644650348576, 37.769361043110756], [127.8573965524705, 37.76852078427658], [127.85612610848801, 37.766945769723996], [127.85625736558275, 37.76540815834947], [127.85485963370141, 37.76339709920532], [127.8509497717022, 37.76073605884027], [127.84976282363736, 37.76039408889523], [127.84813511554043, 37.75843697392183], [127.84619514236003, 37.75748266774196], [127.84170874814363, 37.75696573417258], [127.84030776021291, 37.756187114672215], [127.84059704310879, 37.755018902852235], [127.84286218826433, 37.75291596431518], [127.8452444137536, 37.75217396079248], [127.84462274836334, 37.75110516947544], [127.84480898235067, 37.7494556936025], [127.84134695207054, 37.747513829911306], [127.83970410191561, 37.747406997645825], [127.83598611047374, 37.74566923560808], [127.83324974741069, 37.74188473283877], [127.83232121465987, 37.741338524422446], [127.83151909891193, 37.74208632198972], [127.83103165764894, 37.741201771531564], [127.82834990240761, 37.740879661086126], [127.82837724001037, 37.74136062441867], [127.82710420637714, 37.741274948988575], [127.8253724137738, 37.741956859636645], [127.82441581521066, 37.74393800202307], [127.82279967148136, 37.744923979073434], [127.82181436358792, 37.744955896124395], [127.82042814374721, 37.7467651592014], [127.81716631000613, 37.74781259130163], [127.81627593820689, 37.74855216689954], [127.8139004669804, 37.74837177165354], [127.81210796173539, 37.74709041987991], [127.81098906698816, 37.74716623871583], [127.81036523137671, 37.74659786675779], [127.80944038309086, 37.74707325637436], [127.80670853776968, 37.74632727787965], [127.8063067205378, 37.7425854945626], [127.80461088368365, 37.74212181605603], [127.80371836641687, 37.7426670511125], [127.80268792921488, 37.74189840428873], [127.80175517842808, 37.74183661237704], [127.80117885222657, 37.74109330222361], [127.80168488865694, 37.73919366804744], [127.8007558787353, 37.73759601894876], [127.80102208969417, 37.73713164445352], [127.79643084419425, 37.73618122803851], [127.79486092723522, 37.73500566118104], [127.78748962869975, 37.736680959991354], [127.78718178358655, 37.73760815967202], [127.78772610573175, 37.73886078408425], [127.7864809192752, 37.73992656275483], [127.7818131054299, 37.74232027090957], [127.77940161971229, 37.740670874341276], [127.77755526136535, 37.74074413743502], [127.77598739515275, 37.740189387144895], [127.77556715331092, 37.73915663261564], [127.77146381202864, 37.73771553023664], [127.76402821025671, 37.73783115271659], [127.76346149636801, 37.737328317047776], [127.75941867709544, 37.736331808881445], [127.75472254753825, 37.7324588520708], [127.75127382696013, 37.73419938715992], [127.75042127859886, 37.7384260119345], [127.74904429236125, 37.74025831471898], [127.74645263541073, 37.74192034617814], [127.7445870903643, 37.741428161091015], [127.74299480988998, 37.74163780066002], [127.74180043933644, 37.74029164156398], [127.73993197365293, 37.73928557391818], [127.73635106804447, 37.73743990824936], [127.73440392364587, 37.73717695441582], [127.73324672670154, 37.73609118947745], [127.73112722593409, 37.735383004529545], [127.7289957382341, 37.73308272225393], [127.72730483021212, 37.73210830498252], [127.72586250719182, 37.73190122706756], [127.72174941981916, 37.73337666235518], [127.72110315192711, 37.733008690019595], [127.72083445425153, 37.731398204359394], [127.7178019420364, 37.73078938637387], [127.71731168446087, 37.72964900034693], [127.71539131558038, 37.72933969294334], [127.71509297554157, 37.7278386037647], [127.71176592419772, 37.72758446544651], [127.71074943624413, 37.72678114664891], [127.7095358821519, 37.72318550059485], [127.70792601513816, 37.722706106342606], [127.70748559743717, 37.72122978433916], [127.70495031650918, 37.72087920798639], [127.70302055252354, 37.71939513087326], [127.7010433770491, 37.71907832184675], [127.70098411899144, 37.71654531426905], [127.69943085192904, 37.71627888261823], [127.69816719541737, 37.716907172393036], [127.69664856475033, 37.71636486347041], [127.69492470572781, 37.717149550664196], [127.69332479048136, 37.71712601029069], [127.69218867831124, 37.716628419764795], [127.69067654460696, 37.71697455567531], [127.68987501795233, 37.71634238483538], [127.68746032351177, 37.71628156119167], [127.68732056380178, 37.71559624794155], [127.68303674030746, 37.7128126556968], [127.68312849305872, 37.71244048354228], [127.68243059285294, 37.712567558283], [127.68158535526457, 37.711714840103525], [127.67952385032693, 37.71136971105561], [127.679589222407, 37.709248163939144], [127.6804820834477, 37.707983659095106], [127.6841501281641, 37.707348428348546], [127.68274020285455, 37.70527313377781], [127.68413823021994, 37.701916041077105], [127.68228397798826, 37.69845556365482], [127.68104731702702, 37.697618054473125], [127.67973377909861, 37.69747949073239], [127.67811218848327, 37.69617285614398], [127.67782878830825, 37.69514599020444], [127.67360975946391, 37.696111885901914], [127.67270792766784, 37.69694843094798], [127.67126936386984, 37.696615654122674], [127.6703281358683, 37.69569301409856], [127.66696465486858, 37.69746918949688], [127.65838616403757, 37.70004501831499], [127.65272060006156, 37.69952320286241], [127.65102542505855, 37.698243341085075], [127.65097621569663, 37.694672734402715], [127.65216272240745, 37.68592214826725], [127.65153517950235, 37.68379653331991], [127.64950289358433, 37.68024922804166], [127.64693870025116, 37.67908951226577], [127.64522658904986, 37.67887897291327], [127.64388078338231, 37.67928527203075], [127.64261330528508, 37.68033586306119], [127.64132308067845, 37.683920235071625], [127.64192677806996, 37.691051402487965], [127.64148651936779, 37.694633393697345], [127.63987152671558, 37.6970916195725], [127.6381843198063, 37.698492433149184], [127.63561784299314, 37.69828327800835], [127.63007626870498, 37.69696827094816], [127.62609271333751, 37.69476998472975], [127.62334575156163, 37.691215871502344], [127.62369531974188, 37.68396893279553], [127.6229988545257, 37.681190619264385], [127.62110188912175, 37.67911150337247], [127.61857208744037, 37.67772574972909], [127.61265801317359, 37.675644919021174], [127.60939100219406, 37.67575837600119], [127.60787876051215, 37.676863635493234], [127.60793830388168, 37.68766018595101], [127.6103256108537, 37.692227277579406], [127.61058009117498, 37.69483761020415], [127.61048482656169, 37.69841714867237], [127.60956093317444, 37.70065657345439], [127.60753040256147, 37.70236025400882], [127.60706114207892, 37.70380841818835], [127.60493857448716, 37.70462537381002], [127.60176709914015, 37.7046826637057], [127.59616561328092, 37.70319433865885], [127.59479184068847, 37.704071807521515], [127.59197962322217, 37.709411411795585], [127.5916400916804, 37.71137549854555], [127.5921370096167, 37.71517728842688], [127.59434668649303, 37.71803264636632], [127.59457753116094, 37.719736537509526], [127.59348477148022, 37.72122465473426], [127.58920524571916, 37.72540368124543], [127.57366477352917, 37.73266296474535], [127.57216628498568, 37.732961353331525], [127.56754803614393, 37.73268573749444], [127.56505131892058, 37.72836271040865], [127.56426463975394, 37.72783575383203], [127.55660217147503, 37.72922660040253], [127.55374855720132, 37.72879430901745], [127.55122919650373, 37.727564182890234], [127.5492749788597, 37.7239314527045], [127.54251138107331, 37.7198639000194], [127.54017197216068, 37.71945792174229], [127.53388721186971, 37.72192918172066], [127.52962300440086, 37.726423008595305], [127.52720486875596, 37.72685951700513], [127.52470484690495, 37.72646830348813], [127.51342508812627, 37.71759159706028], [127.51186206738338, 37.71568243388198], [127.50950535019396, 37.71692889249244], [127.50706717235315, 37.720593879127925], [127.50614812847596, 37.72415265501075], [127.50711198278113, 37.731359255052226], [127.51121495886579, 37.73643451220686], [127.5168714668772, 37.74026740462441], [127.53407555572885, 37.74860216436286], [127.54208577347222, 37.754664570649005], [127.5434377418701, 37.75644449391262], [127.5448800887333, 37.76007459259264], [127.54498749996824, 37.76363171598461], [127.54092423131718, 37.770875141577164], [127.53361570459563, 37.778111996150166], [127.53061643187706, 37.78172759059166], [127.52567834416341, 37.785345284548775], [127.52225808426101, 37.78894762152416], [127.5208144979218, 37.79254312323736], [127.52304977354844, 37.796169690020484], [127.53308723397025, 37.80691897362895], [127.53735446199047, 37.81054056891607], [127.5366281481395, 37.814120604448945], [127.53494038576899, 37.81771062423393], [127.53202920001044, 37.82028160266492], [127.52780176235571, 37.82163282464947], [127.52563891132552, 37.822872534614525], [127.52459197418624, 37.825001432516935], [127.52480260370425, 37.82967186626552], [127.52561877467913, 37.832924001645154], [127.52731687591029, 37.836457969634964], [127.52944297832215, 37.8397230778266], [127.53703115354924, 37.84501955322517], [127.54045866863662, 37.84655240009795], [127.54965192502563, 37.846537848081184], [127.55042660280944, 37.85072442503659], [127.55008811247339, 37.851931006366584], [127.55119040921052, 37.85223978263146], [127.5521374413, 37.85329621376714], [127.55413469558877, 37.85397021165115], [127.5561059358679, 37.85561523103774], [127.55852807965721, 37.856452648976145], [127.56323901062864, 37.85587956739556], [127.56387729474822, 37.8580300386491], [127.56683763359302, 37.85922283616549], [127.56588710775095, 37.86123647505327], [127.56859548494869, 37.86697281308174], [127.56986221744124, 37.86721784207515], [127.56980341446726, 37.86823335787243], [127.57186705814749, 37.868908097067596], [127.57224450454194, 37.86993275636664], [127.5736312205031, 37.87048573955119], [127.57457725777842, 37.87235056921979], [127.57548488631096, 37.87234952753915], [127.57788654401125, 37.87401436786937], [127.58004544385389, 37.87457755578733], [127.58061463332096, 37.87430644933818], [127.58489782147282, 37.87632281681122], [127.5866419399203, 37.875892694473166], [127.58777895804884, 37.87634961074014], [127.59059741788147, 37.87570742563131], [127.59423716910884, 37.8760174344579], [127.60059299141895, 37.87436668934207], [127.60321197119335, 37.87420074395367], [127.60365825347768, 37.87452814351935], [127.60445774038261, 37.87585573716073], [127.60584941432928, 37.87649219800233], [127.60671243259979, 37.87949856127848], [127.60808920979679, 37.88181756216509], [127.60882528748246, 37.88217272394866], [127.60909529813487, 37.88351793882147], [127.60744324523529, 37.887539236007534], [127.60740254655606, 37.88966028853051], [127.60836512413834, 37.89208698226403], [127.6090104919189, 37.89332355158267], [127.61021115607086, 37.89390999132512], [127.61118179883785, 37.89721080624996], [127.61441267227798, 37.90000350113876], [127.61581756053012, 37.90472997432455], [127.61714123613154, 37.90636189406792], [127.61648510823508, 37.90713054987587], [127.61697061023206, 37.90836001989302], [127.61658384163985, 37.91190492508471], [127.61389562927043, 37.91960915470395], [127.6121384146847, 37.92092433816622], [127.61204541987698, 37.9240555210912], [127.61658396838367, 37.92826564776415], [127.61597044591852, 37.930909115428946], [127.61260583966465, 37.937768270493535], [127.6131541083841, 37.939218722418694], [127.61267180070263, 37.94047575622529], [127.61010409049281, 37.94175119192896], [127.60896809746893, 37.94307043447747], [127.60373629231864, 37.944490650427994], [127.60252068571516, 37.94633332915042], [127.60175789793344, 37.948101616499414], [127.60266135411212, 37.951708272535235], [127.60244460645895, 37.95499867616589], [127.60041756673189, 37.95653680973233], [127.5934435465522, 37.957536360857816], [127.59026887626024, 37.95973222826636], [127.58574075238612, 37.96152228659694], [127.58169544841682, 37.961655198802724], [127.57934164085812, 37.961142840479184], [127.57786758232989, 37.961400644177004], [127.57653433168413, 37.96298236095359], [127.57443010371053, 37.963698998953866], [127.57133062074631, 37.963999529058924], [127.56189121334042, 37.96276979063733], [127.55838459281509, 37.963144555492256], [127.55631866707944, 37.96460648144715], [127.55066336347184, 37.96611192842686], [127.54737625353566, 37.966458312092236], [127.5452252474455, 37.96773180343928], [127.54430871989297, 37.96938893931664], [127.54466163013329, 37.975704143432694], [127.54616484801755, 37.9763050305854], [127.54716574859218, 37.9782812709529], [127.54588207914799, 37.98157725206388], [127.5461079212907, 37.983908450782714], [127.54461550955408, 37.98609753516516], [127.54364251463815, 37.99118260941574], [127.53987715459209, 38.0005677567701], [127.54174178794051, 38.00735851604589], [127.54355760981642, 38.01167086000619], [127.54347670696406, 38.01353921493342], [127.54476050449821, 38.01952743929885], [127.54843187124948, 38.020190888124745], [127.55293352588203, 38.01979964596784], [127.55636063302357, 38.02081366107499], [127.55999228402666, 38.02077112613887], [127.56385494295897, 38.021990913936115], [127.56498117704538, 38.024176694989464], [127.56427390429717, 38.025910384743625], [127.56517319409447, 38.027292633359714], [127.56538504111923, 38.029717027791904], [127.56667020771197, 38.03077139382233], [127.56694938093196, 38.03192096667004], [127.56993953865629, 38.03287811198738], [127.5706356275833, 38.03394203919628], [127.57406193244579, 38.03551466229444], [127.57720829246013, 38.039092221329796], [127.57864335222308, 38.0397670581129], [127.57780222255579, 38.0428835169102], [127.57397550939832, 38.047116196310306], [127.57410653128399, 38.05091060960523], [127.57541725305977, 38.052415769388716], [127.57916842137865, 38.05415415725702], [127.57956938083932, 38.05576789037615], [127.57690524255895, 38.057658503555885], [127.57727362262575, 38.06018485296707], [127.57622113881143, 38.062267151799766], [127.56973493448683, 38.06669817031506], [127.5665960380768, 38.06644190563483], [127.56565374144688, 38.06771191864843], [127.56417227352087, 38.07168100768841], [127.56426733448785, 38.07516478325186], [127.56669666499232, 38.079288543107005], [127.56547802382562, 38.08172372489127], [127.56558570289259, 38.083013466442694], [127.56610868444405, 38.083859200381795], [127.57157382764835, 38.08483873156102], [127.57558236887266, 38.084805987670386], [127.58255085165835, 38.0819589692689], [127.58317865006657, 38.08108564500731]]]}}, {"type": "Feature", "properties": {"code": "32020", "name": "원주시"}, "geometry": {"type": "Polygon", "coordinates": [[[127.93423046535496, 37.503759088457215], [127.93766335229391, 37.50148599295181], [127.93966718154633, 37.50115193790149], [127.93868126913867, 37.499347691987516], [127.9380582278033, 37.49626147554358], [127.93570602251181, 37.49477351029965], [127.93573496050126, 37.49241611244372], [127.93395300851166, 37.49176348261416], [127.93246341225726, 37.49046487873683], [127.93288532399872, 37.48705082518771], [127.93574250893836, 37.48550393417656], [127.93846239662224, 37.48250638398091], [127.93774743561134, 37.4814686103496], [127.9386476157587, 37.48027726494002], [127.93751308361426, 37.47876896111569], [127.93696850413014, 37.47629081956636], [127.93752898684589, 37.475908541337695], [127.93847215329744, 37.47607224889011], [127.93901114208442, 37.47555413221304], [127.93932077356544, 37.47347550498608], [127.94196691440064, 37.46810439534635], [127.94162281646366, 37.46688828078088], [127.94255712244134, 37.46629718475427], [127.94371758942411, 37.46444742263832], [127.94433657321804, 37.462348561097976], [127.94718220694158, 37.46014491135875], [127.94857769870858, 37.45838021799968], [127.94930219638714, 37.45444194017137], [127.95240771630567, 37.454640831208316], [127.95466047604582, 37.4555478746774], [127.95805008115522, 37.45303491877641], [127.96055713503003, 37.45313848966368], [127.9616083668461, 37.453734169927515], [127.96358300479895, 37.45354607906448], [127.9647687330253, 37.452564496155176], [127.96497737188487, 37.45088455183614], [127.96884061560921, 37.45230909374327], [127.97345268539082, 37.456219195518294], [127.97426991232396, 37.457633758819675], [127.97633905080326, 37.457618677431135], [127.97629056695328, 37.458291426278606], [127.97703265573341, 37.458484642159576], [127.97839505647593, 37.458059789228], [127.98270958708086, 37.46019143918486], [127.9831828041521, 37.45940253843032], [127.98578102150081, 37.45846643937653], [127.98788823947866, 37.458901608354736], [127.98940251919892, 37.45850914653956], [127.99208850851063, 37.45711380773263], [127.99249622052635, 37.45640144377512], [127.99423490373457, 37.456158231353164], [127.99750907079418, 37.45686356726938], [127.99973553353209, 37.45633038138826], [128.00262326844094, 37.45684203019588], [128.00483885472923, 37.45568322523904], [128.00711952391427, 37.45287506128499], [128.00667258393403, 37.4524388032878], [128.0074787415869, 37.450927034817816], [128.00696665777238, 37.44979223278045], [128.00811830260088, 37.44926662434629], [128.0120199662269, 37.44977109157962], [128.01300168390807, 37.44798356484234], [128.01374248147982, 37.44755742469146], [128.01423927353522, 37.44524611766522], [128.0157437833731, 37.44533767564083], [128.01640444195712, 37.44585681842351], [128.01765549120117, 37.44566700195383], [128.01817954400178, 37.446136629690685], [128.0194074274621, 37.445878574568965], [128.02010576644207, 37.446726505731405], [128.02094411273404, 37.446258098500024], [128.0235115241505, 37.44722783755266], [128.0233404646246, 37.44768458658171], [128.0239290329247, 37.447987797520824], [128.02741388965666, 37.44858602581724], [128.03107189493986, 37.44764141636974], [128.032400458422, 37.447773991337534], [128.033577648062, 37.446371441405525], [128.03716667139273, 37.44635440676176], [128.0385203157505, 37.447103197897896], [128.04001340447118, 37.44605631626175], [128.04177737176255, 37.44557709301646], [128.04154121920172, 37.44384874431484], [128.04272246637, 37.44331690834056], [128.04676745126872, 37.443976635486536], [128.04760329633206, 37.44306433462148], [128.05378418372135, 37.44371222059883], [128.05410344526538, 37.44336250473768], [128.05893183022732, 37.445131196201594], [128.0598094093254, 37.44450786352762], [128.0591895195856, 37.443117201012704], [128.06114893437655, 37.44286455237413], [128.06113574717267, 37.44212897660506], [128.06209800156978, 37.44178051039721], [128.06261451052788, 37.44077354736262], [128.06238144383084, 37.439196414343655], [128.06140037494032, 37.437858261222026], [128.06244699888165, 37.436787143033875], [128.06216670568364, 37.435765375848234], [128.06440263431796, 37.4357292352368], [128.0678466216931, 37.43403790206439], [128.07117876210236, 37.430848495573805], [128.07262231515114, 37.430642562878745], [128.07361543967983, 37.43096212384238], [128.07506220295076, 37.43053623248563], [128.07529919142326, 37.430072622102834], [128.07653083103247, 37.43015884906989], [128.08219690022977, 37.427078805164804], [128.08423595006275, 37.426727346445695], [128.0836093208547, 37.424422658983936], [128.08604677798962, 37.422033874786756], [128.0858999587177, 37.42071417671373], [128.08857829540418, 37.414292978487], [128.09125261164712, 37.411621759657486], [128.0939175585057, 37.41033496093125], [128.0960456490745, 37.41024320388576], [128.09744830852992, 37.40631690951288], [128.09625694342583, 37.405406984061024], [128.0953913919516, 37.40542203256754], [128.09458427368477, 37.4041870047926], [128.0921335057281, 37.403408619841876], [128.09091805494137, 37.4022657366747], [128.08905443031617, 37.40215590924649], [128.08840684712024, 37.40127891255065], [128.08745475953302, 37.40096725355366], [128.0862678020681, 37.401181718160096], [128.08447630889017, 37.400514809244854], [128.08350022302983, 37.40101195461574], [128.0817432653254, 37.40110151183236], [128.0787149506733, 37.39999897897516], [128.07848515765792, 37.39895988116867], [128.07714051438617, 37.39811733269927], [128.0765495055677, 37.39688893338907], [128.07553296668084, 37.39682694088811], [128.07451194080534, 37.394568002164526], [128.07180407922547, 37.39185415027175], [128.07327522516243, 37.38999524440412], [128.07400280346113, 37.387193364937815], [128.07556337951982, 37.38476205685721], [128.07631147370566, 37.38461870975665], [128.07648102545173, 37.38277720529397], [128.07615292937373, 37.38080254831258], [128.07446802711837, 37.37965193092671], [128.07529156781052, 37.37705837614808], [128.07487457208723, 37.37554963873914], [128.07678598980408, 37.373741026192555], [128.07529204844656, 37.37152299934113], [128.0727890493095, 37.369860302270574], [128.07328650004962, 37.36879686775813], [128.072679500786, 37.36741543001884], [128.07016221657742, 37.36694547504775], [128.06711785603417, 37.364972492261636], [128.06547706087562, 37.36441232103586], [128.06004287778964, 37.366014430390294], [128.05704907239863, 37.36412885889511], [128.0555586550141, 37.36399883078712], [128.04965055134957, 37.36600702777238], [128.04871059221333, 37.36495107265068], [128.04727944918884, 37.36451718170895], [128.0468642186718, 37.36349683310862], [128.04615998702965, 37.36340930126004], [128.0456342099014, 37.36146134673479], [128.0457976555227, 37.35925560064013], [128.041879259265, 37.35652439732313], [128.03918951613844, 37.3559640764414], [128.03823670591368, 37.354568587138104], [128.0382778872641, 37.353178183092226], [128.03689115112562, 37.350511870121046], [128.03685632502697, 37.34661486351518], [128.0383377110325, 37.34503840501435], [128.039391668107, 37.344694672785124], [128.03940296168867, 37.343517096517544], [128.03774620305745, 37.3409249647383], [128.0377463052497, 37.33759582662962], [128.03439347694305, 37.334165362492726], [128.03367509309498, 37.33248143848833], [128.03435894442393, 37.33100320253387], [128.03483105176122, 37.330920804920034], [128.03560394765248, 37.32768063971557], [128.0371370061081, 37.32763231656457], [128.0383801128938, 37.32167379205642], [128.0393676678818, 37.32096067933928], [128.03971294033764, 37.31955999563682], [128.0408486701238, 37.3183458003869], [128.04203663403004, 37.318314240730984], [128.042761549362, 37.317760226551], [128.043173577012, 37.316757918948426], [128.04512928806966, 37.31511806253999], [128.0454212149275, 37.314024724800866], [128.04756561403534, 37.31240034511622], [128.04830597926002, 37.31103528032542], [128.051977344832, 37.30845605223237], [128.05495117671407, 37.30910563701846], [128.06218934591976, 37.309264814152186], [128.06811481964456, 37.30849724421623], [128.07364974172356, 37.30438800342255], [128.07653880233477, 37.30388399325736], [128.0778047934929, 37.304127013948175], [128.07932523576295, 37.30345348309234], [128.08122054331253, 37.30338721177259], [128.08342431429978, 37.3017503826129], [128.084931259291, 37.301984935251284], [128.08685771852154, 37.300950006728115], [128.08819690455454, 37.300867891028744], [128.08889803372344, 37.301805233173205], [128.09368075515889, 37.30053022030625], [128.09813535889487, 37.30125824329063], [128.10011098259437, 37.30080632233492], [128.10168169174048, 37.29953710938436], [128.10451887315503, 37.30091285740048], [128.10575683193568, 37.299982876072214], [128.10773029874107, 37.29934079501166], [128.10879768891553, 37.29832002202828], [128.1089476907346, 37.29670022412458], [128.10740842853951, 37.293605649035925], [128.10726749136685, 37.291344370538525], [128.1078584566833, 37.289682718175946], [128.1091274671486, 37.288481830870396], [128.10853617081824, 37.28617436169544], [128.1089642803986, 37.28383961224188], [128.11007449121158, 37.28320725992478], [128.11043518509084, 37.28243043635123], [128.1098855841073, 37.28065811069943], [128.11042225704696, 37.27924332326983], [128.11309337226297, 37.278281802768305], [128.11420286176147, 37.27830263310695], [128.11544882842622, 37.27651427790246], [128.11459281224714, 37.273486278829715], [128.11554963759662, 37.27247690228489], [128.11661852650406, 37.272258484089285], [128.11739923128752, 37.272638549346375], [128.1214084381056, 37.272221720550014], [128.12384313439435, 37.27463160531166], [128.12555470151435, 37.27522099468597], [128.1274142886911, 37.27434484869274], [128.1286184449166, 37.27471659661418], [128.13136766252487, 37.2744809069284], [128.13680193516794, 37.27180479377955], [128.14256027329142, 37.27104215181208], [128.14599113840444, 37.27211724886689], [128.15020452870633, 37.27256099697217], [128.1524570189883, 37.272245176549816], [128.15710016898157, 37.27323494412433], [128.15853915178687, 37.27317330643119], [128.15935338668453, 37.273864446063655], [128.16341471198467, 37.273916722623945], [128.16466596802638, 37.275392471800885], [128.16797466241084, 37.27621190096983], [128.1701640406951, 37.27791963690871], [128.1716349108035, 37.27795465351895], [128.17327791878427, 37.279207662838445], [128.17782944359146, 37.27951839985658], [128.1781072503229, 37.28095355328954], [128.17769075650364, 37.28244713080414], [128.1787462685618, 37.28345530817401], [128.1790937007453, 37.28539937700419], [128.17765013023413, 37.28911957489042], [128.1788211905998, 37.29185958631863], [128.18266656546743, 37.29289118674151], [128.18453403714207, 37.292263808226515], [128.18699560040142, 37.293026687714274], [128.18808836718426, 37.29284370335294], [128.18964027781746, 37.29326258245462], [128.1916232726812, 37.29440126391391], [128.1915631924306, 37.29582258974675], [128.19199375555613, 37.29612881925079], [128.1944570418982, 37.29727866216406], [128.19608292493612, 37.29741993410455], [128.1983720427426, 37.29608982835412], [128.20182057068638, 37.290857949697376], [128.2034507046619, 37.289881885298136], [128.20441005313364, 37.290178408955335], [128.20657084000212, 37.28782546720281], [128.2100709904377, 37.28894190629655], [128.21287654606732, 37.28882031236439], [128.21412035691958, 37.28815352426696], [128.21642778365126, 37.283222065583615], [128.21617473137397, 37.28218797692704], [128.2169164262358, 37.280302109939825], [128.21845526406176, 37.27855866734378], [128.2178481969064, 37.277574956263265], [128.21689443130566, 37.27781732375879], [128.21654736709974, 37.27724622390174], [128.21406839113385, 37.27687746571701], [128.21276220067128, 37.27564044983576], [128.210736748048, 37.275074399476864], [128.21176603890652, 37.273145917818375], [128.2113798141374, 37.267791282144245], [128.21149680625805, 37.2671985386852], [128.21300624154168, 37.26613515139076], [128.21293246139348, 37.263838401124964], [128.21248877966985, 37.263654699262894], [128.2130652723984, 37.262057325341694], [128.21194222316313, 37.260779564502094], [128.21210361329838, 37.25977022762789], [128.20957403163678, 37.25436454721772], [128.20931647109904, 37.25012354475793], [128.20858623903564, 37.24890311779801], [128.20117549557716, 37.24897027040052], [128.1996757802088, 37.24698921825302], [128.1965838045204, 37.245737685544846], [128.19466229794747, 37.24574073154634], [128.19317030530433, 37.24524191263641], [128.18419235532463, 37.238280579768265], [128.17823603186542, 37.2355431985055], [128.17710304027847, 37.23392366252123], [128.1740986104829, 37.23260505724006], [128.1736204242967, 37.23101335490414], [128.17604390705537, 37.22834578518572], [128.17253208394777, 37.22493821669098], [128.1730686548704, 37.21906465019563], [128.17213263764617, 37.21802509538852], [128.1696684069151, 37.21781037574852], [128.16705967375037, 37.21479969942262], [128.16448012364862, 37.21345670860366], [128.16295722491225, 37.21384894218971], [128.16146372858773, 37.21540455461833], [128.15802006717806, 37.21631050748111], [128.15416064942684, 37.21585849340375], [128.1525438646693, 37.21744701480341], [128.15086130507916, 37.220737616632434], [128.14880605197084, 37.22067927485814], [128.1468871173762, 37.22232413489568], [128.14561341352172, 37.221843719328575], [128.1423230792902, 37.224336016138935], [128.14204045420385, 37.228598183382076], [128.14055153620666, 37.22954560171008], [128.13844382007832, 37.22997158406463], [128.1328967108807, 37.22979551446003], [128.12957211775145, 37.23374992776765], [128.12799168665902, 37.233605048146714], [128.1276083653037, 37.23423150379926], [128.12532223909434, 37.23453731627701], [128.1232968655551, 37.23095874383626], [128.12150830017643, 37.2293310688175], [128.12080108660314, 37.22729531861045], [128.12236201500238, 37.225204321719566], [128.11843963302047, 37.22283967023092], [128.1155119532618, 37.22027322124998], [128.11477983597544, 37.218418138857174], [128.1152110239748, 37.21663968704078], [128.11426279846603, 37.21526472254974], [128.11417082304536, 37.21305308104517], [128.1122252364425, 37.21078167843742], [128.11121967130236, 37.21031357682628], [128.11181546027424, 37.20893087129526], [128.11164025216766, 37.20780824029404], [128.109353305185, 37.20661189996973], [128.1086988669206, 37.20566886915689], [128.10633963725897, 37.2048667647781], [128.10317411990178, 37.202860550023736], [128.10000089774505, 37.20169534943118], [128.09926320192093, 37.201870284403846], [128.0964620181957, 37.200503036680466], [128.0954045209177, 37.20044494844872], [128.09506073936828, 37.19991512248017], [128.09256878598146, 37.19928459322234], [128.0882655713007, 37.199412279092186], [128.0856511020586, 37.19702717923856], [128.07754310494252, 37.19370038590137], [128.07648668828978, 37.19388426640884], [128.073916270667, 37.19310622832605], [128.07201515223878, 37.194485345282224], [128.07003366038126, 37.194487185467096], [128.06577404688292, 37.19389313542047], [128.06288279237742, 37.192816190060064], [128.06047463743545, 37.194092953518954], [128.05720336828517, 37.19304234691445], [128.05472990540477, 37.19152533855859], [128.0518241862572, 37.1909100161133], [128.04980922677288, 37.18957888476623], [128.0470325938874, 37.18963974281311], [128.04377181054417, 37.190886803944025], [128.04107353159463, 37.18899052138352], [128.0372030710949, 37.18928064650599], [128.03586953700275, 37.18979234944672], [128.0339069818352, 37.19140903932098], [128.0322177856749, 37.193878713948045], [128.0322359450682, 37.1980361334723], [128.0316172420712, 37.19933670887341], [128.028298045827, 37.202323357101264], [128.02835420693435, 37.20303916750605], [128.02953666638746, 37.20366919274491], [128.03053337779104, 37.20702804031655], [128.032775123791, 37.20871791613638], [128.0330823786863, 37.21080782784525], [128.03687858398877, 37.21275606797955], [128.03888375420868, 37.214706369931804], [128.03875481917322, 37.2160370406085], [128.0360780374736, 37.21860887996885], [128.03343616935302, 37.219518285627906], [128.03284339617193, 37.22012120260897], [128.03204679225666, 37.22134871380435], [128.03212733154697, 37.2238001523672], [128.0267144391154, 37.225089670156244], [128.02583235383287, 37.22596959025867], [128.02301522138993, 37.225633520675274], [128.0211006640639, 37.23030228570839], [128.0199225432675, 37.2365662170771], [128.0199485154669, 37.24137620726926], [128.0192155054305, 37.24437777293913], [128.01825682791406, 37.24571385682659], [128.01659202167917, 37.24689746889839], [128.01391302630674, 37.247044012871314], [128.0125860798147, 37.24768858530355], [128.0108365240272, 37.250027527635325], [128.00900485183044, 37.25065101455109], [128.00796528617352, 37.25212229565109], [128.00565721374159, 37.25231308309681], [128.00126867189434, 37.25360823959455], [128.00040168956247, 37.25343789071939], [127.99900098338101, 37.25486370119228], [127.99536876306243, 37.254306062640914], [127.99423445215733, 37.25357394834581], [127.99277466984984, 37.25482758712571], [127.99031194328566, 37.255511261406646], [127.98694245311273, 37.257841409618585], [127.98545591891148, 37.258137867714424], [127.98188041095507, 37.25679687481439], [127.97989775322556, 37.258334279626], [127.97398795996351, 37.256307569962885], [127.97191483686893, 37.25637836101498], [127.96973771198851, 37.25569959239042], [127.96454757917358, 37.25101025373619], [127.95765061796679, 37.24980473976182], [127.95268360783693, 37.247923636848476], [127.94738154480014, 37.24418329405484], [127.94694342714023, 37.241844178767074], [127.94519120195405, 37.24056211237018], [127.93888141408958, 37.240743161676804], [127.93120481293843, 37.2341576250787], [127.92661817098386, 37.231597229437355], [127.92191480619692, 37.225838132494175], [127.92158334892925, 37.22504528219984], [127.92246110265442, 37.22214706680056], [127.9235022735142, 37.221311164689176], [127.92709700844448, 37.220154054148914], [127.92729208653677, 37.21744808378796], [127.92956450342078, 37.21168523098075], [127.93065337031648, 37.21056619913774], [127.93247275823559, 37.206989539398], [127.93257364260052, 37.20597482592206], [127.93172751593201, 37.20498022713157], [127.93152526284553, 37.20169367867834], [127.93092102290336, 37.201130788976194], [127.93296324467597, 37.19307770686127], [127.93448919114937, 37.19037843052441], [127.9362592980509, 37.18876686608188], [127.93554948758424, 37.18785568147546], [127.93586671281271, 37.18683841067385], [127.9350497975212, 37.18562960592192], [127.93400409756367, 37.1852737793166], [127.93259705645586, 37.182372874031294], [127.93330965539906, 37.17930719786588], [127.93284449934129, 37.177877109352245], [127.93362553282935, 37.17580286086813], [127.93171007046357, 37.17478118115723], [127.93018968924709, 37.17150692611551], [127.92730067974384, 37.16978240247188], [127.9263269909435, 37.16552734914654], [127.9238415235362, 37.163631776664424], [127.92080040133156, 37.1658676865883], [127.91504522166171, 37.16888160958782], [127.91140538262943, 37.16752852195864], [127.90863336348237, 37.16712432211557], [127.90715309552738, 37.16522914096796], [127.90617904378831, 37.16172964743077], [127.90346386091883, 37.16004854249226], [127.9040326844999, 37.158743363944254], [127.9038682966261, 37.15695834086012], [127.90190894897724, 37.15320049418587], [127.90189111936594, 37.15220077513004], [127.898894252274, 37.14980453858862], [127.89542575820195, 37.156093421240115], [127.89145939418002, 37.15813395717285], [127.89056717177597, 37.15920921107475], [127.88838021201148, 37.15964457118238], [127.88656997210352, 37.16107411465753], [127.88015676428579, 37.16224951989466], [127.87904996732465, 37.16179369430432], [127.8750595048155, 37.16376037334053], [127.872050040207, 37.16434397217421], [127.86959331753111, 37.16382531736643], [127.86719754603921, 37.16229393020617], [127.86418771878725, 37.162381202719175], [127.86196495655739, 37.16104554839238], [127.86137186773487, 37.15921852431368], [127.8618184164861, 37.15593780757977], [127.86129919662994, 37.155348305318945], [127.85922681270426, 37.15634150037101], [127.85588320011708, 37.156476866392744], [127.85528886881299, 37.157931520288365], [127.85528623705844, 37.15995095701202], [127.85435108899667, 37.16038427025557], [127.85322522169402, 37.1602817133336], [127.85222553904316, 37.15991749951888], [127.85127522119714, 37.1584629696906], [127.85006532999851, 37.15417684572514], [127.84739138698598, 37.15293593816645], [127.83859087077107, 37.1521446897629], [127.83741080566791, 37.151580307514145], [127.82976369044295, 37.15266651635553], [127.82719017562874, 37.15208669553254], [127.8252015827442, 37.15224413825882], [127.816850634264, 37.14700327001123], [127.81159562952809, 37.146512200530665], [127.80965362596504, 37.14707114757457], [127.80693914901343, 37.1470642775947], [127.80164719987357, 37.14426328335908], [127.79766727694212, 37.14549690399159], [127.79548855554137, 37.14525556358665], [127.79335683419403, 37.145742305833956], [127.78952364487677, 37.14340827721041], [127.78782809886746, 37.14423637652844], [127.78731883790425, 37.1452275076657], [127.77918077207606, 37.14966328840057], [127.7709233777699, 37.15505437696288], [127.76548936312228, 37.15914134305045], [127.76018690421215, 37.16613417043828], [127.75707415615062, 37.16920178678526], [127.75552752179266, 37.1714408347689], [127.75193801231138, 37.18216472819941], [127.75104115137147, 37.18246464428209], [127.74939480068807, 37.189555707844534], [127.75013184472914, 37.19038337532986], [127.74891081558951, 37.19676217972895], [127.74785164747775, 37.200329595770775], [127.74650774152673, 37.200330171535086], [127.74425812169943, 37.20754685678788], [127.74413475474422, 37.211231120380724], [127.74475104849374, 37.21364588353252], [127.74635890795835, 37.21447678102541], [127.7489349606654, 37.218335894038724], [127.74920712569813, 37.221938260390225], [127.7471790895295, 37.22715743865768], [127.74691492960886, 37.22976680795282], [127.74798099217584, 37.23242739002492], [127.74724480766757, 37.23394348822231], [127.74688265264655, 37.239973302817276], [127.74996674005756, 37.24820857753262], [127.75267106000416, 37.25260925355781], [127.7576108376533, 37.25825109144923], [127.75760958422242, 37.25900794118425], [127.75722118515469, 37.25892322642506], [127.75748888719345, 37.26026143408423], [127.75985701976133, 37.26526719029174], [127.7593369465726, 37.266735514087145], [127.76066014105997, 37.26901166558089], [127.7593243892837, 37.27008821077167], [127.7597121076803, 37.2705615725854], [127.75933615356526, 37.271753604738315], [127.76048462303898, 37.272900669857705], [127.75956170953393, 37.273553050829285], [127.75908407529394, 37.277045844583704], [127.7565381656746, 37.27720429876048], [127.75767449472366, 37.278803103290734], [127.75631090138381, 37.27942759013682], [127.75656874173067, 37.28019546426348], [127.7539767980002, 37.28422598133276], [127.75556437119194, 37.28497750256615], [127.75446302773508, 37.28662604796039], [127.7543521607046, 37.287700641273005], [127.75353149788651, 37.288977332807605], [127.75294787667238, 37.2887795756142], [127.75003759407127, 37.291962474711724], [127.75024784290589, 37.29315667762772], [127.74957552575601, 37.29530335794152], [127.74988254881193, 37.29715947132406], [127.75065610854395, 37.29797725801373], [127.75461344700366, 37.29774244176527], [127.75669295249871, 37.2989007694323], [127.75755572742196, 37.30013104956961], [127.75887394896947, 37.300415736517344], [127.75933302347644, 37.301169925330605], [127.76214363657293, 37.30224150365266], [127.76566544500247, 37.30140712782212], [127.76715406407185, 37.301797305896564], [127.76819469784286, 37.301519704334616], [127.76758503659107, 37.3039265376181], [127.76831984890372, 37.30669322189024], [127.76828114167971, 37.3093384863329], [127.7667924659712, 37.31075847753219], [127.76637037740387, 37.31227432903598], [127.76554630397257, 37.31301651293317], [127.7649245188727, 37.31532316377163], [127.76538875670595, 37.31737501894146], [127.76348216706998, 37.31831055441463], [127.76209627155119, 37.32113905886784], [127.76293565941707, 37.322496718403976], [127.76277176966286, 37.32341088762412], [127.76044064479828, 37.32930433847429], [127.7583941556466, 37.330846901731235], [127.76044316830733, 37.33207914504628], [127.76166044397591, 37.3339423089001], [127.76296543705456, 37.33442778486382], [127.76083701650717, 37.33705296657633], [127.76069294222421, 37.34081670315397], [127.75907173470706, 37.34137642921777], [127.75847980076976, 37.34311464611364], [127.75889156637805, 37.34447055206697], [127.75788404137334, 37.34640767269544], [127.7586328104501, 37.348378896013976], [127.75835087991987, 37.35078947174521], [127.76075790783413, 37.35263517397322], [127.75972839625511, 37.35533829935559], [127.76052825290752, 37.35795564756327], [127.7593542186738, 37.35972800838571], [127.76051985540572, 37.360974049735475], [127.76114202722418, 37.364957533784974], [127.75948249165677, 37.367291075290005], [127.76000641985043, 37.368208130778115], [127.76287259333202, 37.36997735995355], [127.76977774835116, 37.36940224661266], [127.77353466543697, 37.36989951581084], [127.77736517286216, 37.371234676996444], [127.7789362977601, 37.37077132155559], [127.77668058195651, 37.37468069319879], [127.7774338944561, 37.37646873599548], [127.77579240824325, 37.37895553813037], [127.77669966730346, 37.3808881493823], [127.77665843678678, 37.38332589980476], [127.77845200783767, 37.38494098984762], [127.77861593500569, 37.385746289069516], [127.77969438888775, 37.38599739560176], [127.78037312974753, 37.386834797544594], [127.78274351166708, 37.38712746412293], [127.78409431562343, 37.38882957440153], [127.7816827004364, 37.39304216720763], [127.7831246170223, 37.39358732335995], [127.78452763428345, 37.395512643650065], [127.78364364112385, 37.398674219682356], [127.78508813191358, 37.39887582218017], [127.7878284553493, 37.40113122092555], [127.78747773808617, 37.40293048138473], [127.78782251372363, 37.405325104177905], [127.7895936891168, 37.40698408308894], [127.78959431733418, 37.408154809010895], [127.7902426971666, 37.408591402216835], [127.79067032037676, 37.412042720560294], [127.79179105056028, 37.41416101142284], [127.79218380897905, 37.41844709380282], [127.79377476936114, 37.42018407202188], [127.79364356402729, 37.42250866341265], [127.79472833251397, 37.42367098968741], [127.79455844439262, 37.424401640559985], [127.79502104073867, 37.42498135830278], [127.79606045907948, 37.42518751454178], [127.79751598506112, 37.42688228292339], [127.7989507065009, 37.42730734804688], [127.80231230492633, 37.427293345627206], [127.80246696424575, 37.42858859274282], [127.80400590320848, 37.428849288477124], [127.80333003313172, 37.43088954705747], [127.80386886836065, 37.43195412600609], [127.80308336688287, 37.43328587790922], [127.80335472421031, 37.43433030812921], [127.80242798379265, 37.434871271468204], [127.80168869061163, 37.43640344001439], [127.80199552490528, 37.4371652270796], [127.80046640122313, 37.438640520626], [127.80258053162622, 37.43954240418392], [127.81050470799752, 37.441385566492265], [127.81032506663209, 37.44188656660964], [127.81343658239186, 37.44526925370987], [127.81481573973615, 37.44486081654155], [127.81729604536368, 37.44598993536014], [127.81983337030466, 37.44657549557218], [127.82058024323403, 37.446282008335466], [127.82091335237563, 37.445384059687846], [127.82187646187924, 37.44546016108755], [127.82363402842806, 37.442942089254075], [127.82509899322788, 37.44254220629113], [127.82519015310747, 37.44145194833111], [127.8262004891614, 37.44116897647169], [127.82658268955235, 37.44028081427917], [127.82889549058373, 37.438860797614744], [127.83068285719555, 37.43837750834119], [127.83173810198289, 37.43660220116919], [127.83318809970221, 37.436109710537465], [127.83450183476828, 37.43399580759215], [127.83883546684852, 37.4342408352432], [127.8400224678588, 37.43382387876007], [127.8397238304462, 37.43259644225544], [127.84081673152062, 37.42925476733142], [127.84246177465215, 37.426332896198346], [127.84396973681278, 37.42432619902566], [127.84490518714101, 37.42381244487064], [127.84578555477114, 37.421195269536966], [127.84566551778315, 37.419275332271134], [127.84741835462638, 37.41806280808294], [127.84821917398659, 37.413345207090806], [127.84955177424418, 37.41056511496415], [127.85126633826209, 37.40858246302731], [127.85121580545065, 37.407763208071515], [127.85014256981366, 37.40645885285825], [127.85052123002862, 37.40504693585179], [127.84945491940817, 37.402442291525794], [127.84763705260814, 37.40078651191711], [127.84965035196095, 37.39820567412916], [127.84978173961187, 37.39693124198159], [127.8509935722205, 37.395331171651], [127.85241304808385, 37.39693514148843], [127.85650229613162, 37.39865244318258], [127.85790874954779, 37.398908047063905], [127.86115867931265, 37.39834499885439], [127.86421884836965, 37.39844181173016], [127.8671624460921, 37.3990504308889], [127.86800411967853, 37.39963046633649], [127.86808135454956, 37.404161575737355], [127.86878439707618, 37.40569063940756], [127.86996071406081, 37.40648079289901], [127.86926406116378, 37.40884254280528], [127.87032542208756, 37.41110550640803], [127.87066507073439, 37.41453323654981], [127.87126045901786, 37.41565423149636], [127.8704416795823, 37.41841924735794], [127.86750319889771, 37.4201332522577], [127.86731952174519, 37.421410895047835], [127.86394398593768, 37.425326125197394], [127.86508670347798, 37.431956911476185], [127.86338787753687, 37.43624981311733], [127.86404763034709, 37.437004645762215], [127.86423414961124, 37.438488489218685], [127.8659477177809, 37.44014363191262], [127.86565275967362, 37.44695044525854], [127.86834172099113, 37.44901286454105], [127.8685715141508, 37.4506861552325], [127.87092580262944, 37.453413176515255], [127.87465156722662, 37.455006069364195], [127.87515165077576, 37.456583308045595], [127.87475692215455, 37.45805144061726], [127.8758519811152, 37.460341405021474], [127.87535042811079, 37.462071045067255], [127.87621052879376, 37.463498362515985], [127.87664979170259, 37.466001798910575], [127.87724846859216, 37.46657202356954], [127.87698724361769, 37.466920827122784], [127.88207622552817, 37.469473039916885], [127.88328997449263, 37.46941246186207], [127.88451933776126, 37.470198113040254], [127.88423002540728, 37.46776538822091], [127.88726178571395, 37.46856568870106], [127.88745251960358, 37.467306551680686], [127.88841350130026, 37.4662153602688], [127.88894980948466, 37.46619387342951], [127.89356561427232, 37.468523331975845], [127.89435809807685, 37.469605562002826], [127.89626603357098, 37.469401926943256], [127.8970822432344, 37.46864961842493], [127.89587015530611, 37.47234660425107], [127.9031076740286, 37.47213421215202], [127.90535039086976, 37.47268046556572], [127.90610784809257, 37.47327184519748], [127.9059894714542, 37.47511608899395], [127.9079069809885, 37.47859181903868], [127.9073982818679, 37.47915122366605], [127.90894309107516, 37.48191493286697], [127.90969318390836, 37.48644218206746], [127.91036130149985, 37.4870812396543], [127.91126885907927, 37.48704046821922], [127.91162709758161, 37.48826049736977], [127.91257528346318, 37.48865355413059], [127.91409982043656, 37.490503985219114], [127.91644812737506, 37.49108046312049], [127.91912583330597, 37.49287374490984], [127.91829527071465, 37.49491188045725], [127.9182079226659, 37.495975981469265], [127.91903709258426, 37.49691386842462], [127.91846114203034, 37.4974958067811], [127.91875385887992, 37.497967669339324], [127.92142394715631, 37.498654447403574], [127.92211488732707, 37.4994956962409], [127.92261780668309, 37.5017143520088], [127.9244627073254, 37.50293371557365], [127.9270460092261, 37.50613277934193], [127.92915351944487, 37.50690993580396], [127.93315948980286, 37.50383258109366], [127.93423046535496, 37.503759088457215]]]}}, {"type": "Feature", "properties": {"code": "32030", "name": "강릉시"}, "geometry": {"type": "MultiPolygon", "coordinates": [[[[129.04464574960923, 37.64279304112296], [129.04454317973514, 37.642745148433534], [129.04459137963894, 37.64282333431022], [129.04464574960923, 37.64279304112296]]], [[[129.04653223608122, 37.645614376059456], [129.046211545083, 37.64557566886078], [129.0463942558852, 37.645847063719835], [129.04653223608122, 37.645614376059456]]], [[[129.05448339297945, 37.65282722585506], [129.0543905111017, 37.652791751704434], [129.05447535944643, 37.652907414848876], [129.05448339297945, 37.65282722585506]]], [[[129.05474340452696, 37.65290086870342], [129.05460028579793, 37.65287617448973], [129.05464899064972, 37.65295327772249], [129.05474340452696, 37.65290086870342]]], [[[129.0541257253355, 37.65313429997693], [129.05404715265018, 37.65310912674556], [129.0540695110292, 37.6531544808655], [129.0541257253355, 37.65313429997693]]], [[[129.05491301677884, 37.6532581292259], [129.05472766267005, 37.65314465297986], [129.0548471001182, 37.65326503308611], [129.05491301677884, 37.6532581292259]]], [[[129.05522853634247, 37.65325509913102], [129.0549810297205, 37.65304586042856], [129.05515175063388, 37.65335039408307], [129.05522853634247, 37.65325509913102]]], [[[129.0559355480527, 37.65550461725236], [129.05576537422638, 37.65540910191112], [129.055791412088, 37.655524865664816], [129.0559355480527, 37.65550461725236]]], [[[129.05636894671784, 37.65556432540028], [129.0561142258426, 37.65561030709218], [129.05636820820683, 37.6556361338412], [129.05636894671784, 37.65556432540028]]], [[[129.05605844168605, 37.656324561628196], [129.0560072152328, 37.65633679163265], [129.0560517770321, 37.656354259481155], [129.05605844168605, 37.656324561628196]]], [[[129.05589490907116, 37.65648791363402], [129.055838737195, 37.65649235434998], [129.05585959487328, 37.656559936675336], [129.05589490907116, 37.65648791363402]]], [[[129.05606886347823, 37.65645660436614], [129.05628632200438, 37.656486908438644], [129.05617702161467, 37.65627275008483], [129.05606886347823, 37.65645660436614]]], [[[129.0568138226561, 37.65789215898629], [129.0564808424515, 37.65786673241816], [129.05678390148913, 37.658038492761804], [129.0568138226561, 37.65789215898629]]], [[[129.05684150936224, 37.66076240197987], [129.0567004613866, 37.66082914360778], [129.05683477063377, 37.66084250272659], [129.05684150936224, 37.66076240197987]]], [[[129.0567848014791, 37.66100722718217], [129.05666169688868, 37.66097431064093], [129.05670382380345, 37.66107925389295], [129.0567848014791, 37.66100722718217]]], [[[129.05648421238322, 37.661208820667575], [129.05634684151667, 37.66113172141087], [129.05637674246594, 37.661352410523065], [129.05648421238322, 37.661208820667575]]], [[[129.0560230648624, 37.66135233344003], [129.05592587067315, 37.66129200590524], [129.0559861460007, 37.66137441647903], [129.0560230648624, 37.66135233344003]]], [[[129.05570575463116, 37.66206900661286], [129.05566983567593, 37.661926759210985], [129.05549916473154, 37.66209406128628], [129.05570575463116, 37.66206900661286]]], [[[129.05560236902022, 37.662674109751066], [129.0560101023525, 37.66263764264545], [129.05559723956398, 37.662451065885705], [129.05560236902022, 37.662674109751066]]], [[[129.0558285585314, 37.66284264221508], [129.0557219793719, 37.662911110783895], [129.05582616373155, 37.662947868495024], [129.0558285585314, 37.66284264221508]]], [[[129.05599493133252, 37.66306630206442], [129.05582787459986, 37.66300929360637], [129.05581164992182, 37.663046269919505], [129.05599493133252, 37.66306630206442]]], [[[129.056183916141, 37.66318355472445], [129.0560946676016, 37.66311230202972], [129.05609717193727, 37.66317229808548], [129.056183916141, 37.66318355472445]]], [[[129.0558580590431, 37.66311814571484], [129.05576310597777, 37.66314844592629], [129.05586165953338, 37.66321903535608], [129.0558580590431, 37.66311814571484]]], [[[129.05573935346996, 37.66324353723583], [129.0555903854093, 37.663156515894734], [129.05571727715255, 37.66329119131321], [129.05573935346996, 37.66324353723583]]], [[[129.05512884662923, 37.66452282119791], [129.05498059618472, 37.66447169571965], [129.055099029798, 37.66466301010619], [129.05512884662923, 37.66452282119791]]], [[[129.05522504695222, 37.66702772663598], [129.0550568518453, 37.66694351967788], [129.05510632659153, 37.66708321086402], [129.05522504695222, 37.66702772663598]]], [[[129.05535200373546, 37.667123396889544], [129.05525170195085, 37.66703837402649], [129.05527406035085, 37.66714051592631], [129.05535200373546, 37.667123396889544]]], [[[129.05611467389548, 37.66764669491276], [129.05595540507565, 37.66761956157892], [129.05600386545595, 37.66770242892857], [129.05611467389548, 37.66764669491276]]], [[[129.0564748265247, 37.66847605593573], [129.05629231332267, 37.66828684700202], [129.056453997738, 37.66880807772561], [129.0564748265247, 37.66847605593573]]], [[[129.05693274612403, 37.66922509016577], [129.0568373618239, 37.669145130138475], [129.05681908343374, 37.669256409765005], [129.05693274612403, 37.66922509016577]]], [[[129.05698525806213, 37.669565545537395], [129.05687835840314, 37.66939855552881], [129.05690547781793, 37.66958612730864], [129.05698525806213, 37.669565545537395]]], [[[129.05713037871857, 37.67050159484014], [129.0569315146531, 37.670285635559424], [129.0569951441777, 37.67061244867359], [129.05713037871857, 37.67050159484014]]], [[[129.057369389356, 37.67103666100379], [129.05732352396464, 37.67094207975106], [129.0572519214532, 37.67098716344445], [129.057369389356, 37.67103666100379]]], [[[129.05727603717804, 37.671247174393336], [129.05715785984316, 37.67115875548471], [129.05722471221418, 37.67127458883836], [129.05727603717804, 37.671247174393336]]], [[[129.0571283421627, 37.67183647833304], [129.05720398696474, 37.671609033600966], [129.05705156268246, 37.671856660089766], [129.0571283421627, 37.67183647833304]]], [[[129.0551605396687, 37.67460207936627], [129.0550947061971, 37.67460783962325], [129.05513419181136, 37.6746281108281], [129.0551605396687, 37.67460207936627]]], [[[129.05514114193326, 37.674646983376476], [129.0550974924612, 37.674650167276596], [129.05512892594362, 37.67466384654792], [129.05514114193326, 37.674646983376476]]], [[[129.05513604691768, 37.6746995937467], [129.0551047099376, 37.67469184166107], [129.05511624836512, 37.67470617986819], [129.05513604691768, 37.6746995937467]]], [[[129.05513521378447, 37.67473898597849], [129.05510207676554, 37.674733435064674], [129.05511353779224, 37.674748410578786], [129.05513521378447, 37.67473898597849]]], [[[129.05521555837015, 37.6747655714202], [129.05517256572952, 37.67473982360637], [129.05516414732003, 37.67475881412775], [129.05521555837015, 37.6747655714202]]], [[[129.0555623425157, 37.675086256427974], [129.05541651441206, 37.67501163474276], [129.0554736207224, 37.6751333295547], [129.0555623425157, 37.675086256427974]]], [[[129.05513583556592, 37.67670215446992], [129.0552567205977, 37.67658941372665], [129.05505522453623, 37.676649978678945], [129.05513583556592, 37.67670215446992]]], [[[129.05409972748072, 37.67680519420344], [129.05395856855876, 37.676764353137685], [129.05404114389418, 37.67683603398981], [129.05409972748072, 37.67680519420344]]], [[[129.0553263541964, 37.67694076331301], [129.05524008830525, 37.67693819160294], [129.05528366547972, 37.67700295058629], [129.0553263541964, 37.67694076331301]]], [[[129.05398755099995, 37.677182845630966], [129.05389688590924, 37.677055939713235], [129.05393203697494, 37.67722701953289], [129.05398755099995, 37.677182845630966]]], [[[129.05331601876514, 37.67793388456018], [129.0531903031233, 37.67770264192442], [129.0532282397907, 37.67802465986679], [129.05331601876514, 37.67793388456018]]], [[[129.0531153553563, 37.67810989862707], [129.05301331326663, 37.678083094671855], [129.05306813844354, 37.678185512165534], [129.0531153553563, 37.67810989862707]]], [[[129.052504022178, 37.67845110190058], [129.05239918063788, 37.678316542387506], [129.05246608440666, 37.67850526753239], [129.052504022178, 37.67845110190058]]], [[[129.0523948325738, 37.678579630873955], [129.05227455789935, 37.67858076729935], [129.05234566837396, 37.678627585016955], [129.0523948325738, 37.678579630873955]]], [[[129.05231911365175, 37.67881715307509], [129.05211135322148, 37.678741516769584], [129.05210406513, 37.67884288671585], [129.05231911365175, 37.67881715307509]]], [[[129.05237185033718, 37.67894462802905], [129.0522765757584, 37.678871512592636], [129.05233524440368, 37.67895824845617], [129.05237185033718, 37.67894462802905]]], [[[129.05262029910392, 37.67889117852218], [129.05251913225544, 37.67882175850731], [129.0525483648765, 37.67896229921226], [129.05262029910392, 37.67889117852218]]], [[[129.0510461672181, 37.680206759278846], [129.05085984497984, 37.680105839789135], [129.0509561933507, 37.680258063389594], [129.0510461672181, 37.680206759278846]]], [[[129.04861052681056, 37.68156034883679], [129.0487634346394, 37.6813210652732], [129.04848789763457, 37.681226934100096], [129.04861052681056, 37.68156034883679]]], [[[129.04772154535573, 37.682448163710596], [129.04761254890127, 37.68236684840026], [129.04769043467041, 37.68254953605684], [129.04772154535573, 37.682448163710596]]], [[[129.0476265510781, 37.68245937309313], [129.0474939826938, 37.682568715699986], [129.0476293622623, 37.682598033905236], [129.0476265510781, 37.68245937309313]]], [[[129.0465845175675, 37.683591148186295], [129.04647342535856, 37.6836008319915], [129.04654045966882, 37.68365684715479], [129.0465845175675, 37.683591148186295]]], [[[129.046353380079, 37.683984785434], [129.0462677806454, 37.68397427826073], [129.0463504892519, 37.68407461535906], [129.046353380079, 37.683984785434]]], [[[129.0460695569827, 37.68406814775531], [129.04600316654825, 37.68413655833143], [129.04608499812812, 37.68410355024967], [129.0460695569827, 37.68406814775531]]], [[[129.04559184227813, 37.68428447721686], [129.0454952337349, 37.68425595531778], [129.04551999720127, 37.684334780718004], [129.04559184227813, 37.68428447721686]]], [[[129.04547181269518, 37.68433317720448], [129.04542403027452, 37.684243187748244], [129.04544870562034, 37.68436400017593], [129.04547181269518, 37.68433317720448]]], [[[129.0454008666329, 37.68436888294184], [129.04535628764754, 37.68432844572082], [129.04538422095246, 37.684399253498434], [129.0454008666329, 37.68436888294184]]], [[[129.04524604268107, 37.68454210188242], [129.04515120041546, 37.684546246870354], [129.04521886212788, 37.68458889075017], [129.04524604268107, 37.68454210188242]]], [[[129.04557071302875, 37.684401522566475], [129.04576849888, 37.68451551062144], [129.04565706929026, 37.68434914337931], [129.04557071302875, 37.684401522566475]]], [[[129.04531577452394, 37.68461597228892], [129.04526010954808, 37.68454222214789], [129.04530180775402, 37.68463368294552], [129.04531577452394, 37.68461597228892]]], [[[129.04364653815975, 37.6852398890861], [129.04354940937168, 37.685289478764965], [129.04366266430767, 37.68528682440106], [129.04364653815975, 37.6852398890861]]], [[[129.04296319218633, 37.68571711854023], [129.04285329869938, 37.68565237747234], [129.04291644695041, 37.68585201183599], [129.04296319218633, 37.68571711854023]]], [[[129.03562319706197, 37.691417830324966], [129.03547844703584, 37.6913753215879], [129.03567476530654, 37.691474945297564], [129.03562319706197, 37.691417830324966]]], [[[129.03087730472862, 37.69398727621182], [129.02979001753346, 37.69499367683525], [129.03023598986977, 37.69534269153176], [129.030201916106, 37.69491662752293], [129.03087730472862, 37.69398727621182]]], [[[129.02918597430266, 37.695464136493534], [129.0287659339439, 37.69560686497715], [129.02845623842617, 37.69610283772653], [129.0288398945027, 37.6959821023285], [129.02918597430266, 37.695464136493534]]], [[[129.02391159824634, 37.69968225215321], [129.02374035634503, 37.69961939859193], [129.023795839134, 37.69973146810886], [129.02391159824634, 37.69968225215321]]], [[[129.01311266030473, 37.71048212994476], [129.01297428227372, 37.71036636989082], [129.01294866955251, 37.710477192436635], [129.01311266030473, 37.71048212994476]]], [[[129.01253678705075, 37.71172806774718], [129.0123691138296, 37.71175150133266], [129.01240213382135, 37.711791365558], [129.01253678705075, 37.71172806774718]]], [[[129.01187366997053, 37.71222643884783], [129.0118598754319, 37.7120213694941], [129.01177799031433, 37.71225229546121], [129.01187366997053, 37.71222643884783]]], [[[129.01175640050366, 37.712529491780856], [129.01182723611257, 37.71245475794967], [129.01174219536787, 37.712494355601585], [129.01175640050366, 37.712529491780856]]], [[[129.01158034738657, 37.71264835740771], [129.01150760926788, 37.71260445993767], [129.01152718914065, 37.712643712651065], [129.01158034738657, 37.71264835740771]]], [[[129.011297093222, 37.713192896994535], [129.01158961047895, 37.713066498157275], [129.01157036732542, 37.712946003875615], [129.011297093222, 37.713192896994535]]], [[[129.00760935223136, 37.716764650482496], [129.00740088248227, 37.71670537886163], [129.00746213596372, 37.71678520189015], [129.00760935223136, 37.716764650482496]]], [[[129.00335985535776, 37.720659121893014], [129.0036519163036, 37.720474594042024], [129.00335928165393, 37.720463250637145], [129.00335985535776, 37.720659121893014]]], [[[129.00215294301998, 37.721853569661924], [129.0019519531658, 37.721842581536755], [129.0021208475677, 37.72197493239927], [129.00215294301998, 37.721853569661924]]], [[[129.00034373596029, 37.72284692857536], [129.00036495647853, 37.72276665232238], [129.000270300649, 37.7226992501213], [129.00034373596029, 37.72284692857536]]], [[[128.99441052742182, 37.72878112584629], [128.99426026485438, 37.728691447383525], [128.99425345381636, 37.72874099815514], [128.99441052742182, 37.72878112584629]]], [[[128.9937620409805, 37.72963172693082], [128.99357464490637, 37.72960194872304], [128.9936291334977, 37.72967700318289], [128.9937620409805, 37.72963172693082]]], [[[128.99384407985332, 37.72989669760442], [128.99367209807124, 37.72973535201987], [128.99379125043697, 37.729917230829194], [128.99384407985332, 37.72989669760442]]], [[[128.99291693670284, 37.73051334346932], [128.99276269777434, 37.73033953639559], [128.99283556813873, 37.73061267929749], [128.99291693670284, 37.73051334346932]]], [[[128.99213512461475, 37.73115270320973], [128.9923763058423, 37.731085074667874], [128.99222853433898, 37.73086046425359], [128.99213512461475, 37.73115270320973]]], [[[128.99246369940528, 37.73130706076382], [128.99239879196588, 37.731266405185565], [128.99245036697266, 37.73133379134508], [128.99246369940528, 37.73130706076382]]], [[[128.99277548026825, 37.73129387253793], [128.99270027906016, 37.73120951953801], [128.99271266366455, 37.731339159440466], [128.99277548026825, 37.73129387253793]]], [[[128.9912899108767, 37.73263640291609], [128.99133820539788, 37.732239894501255], [128.99127759764974, 37.732204625675365], [128.9912899108767, 37.73263640291609]]], [[[128.9914726356163, 37.732718074899516], [128.99140642633103, 37.73265125384572], [128.99144761781977, 37.73274531915324], [128.9914726356163, 37.732718074899516]]], [[[128.9905799138999, 37.73474676737506], [128.99048293442888, 37.73471402745777], [128.99050965604235, 37.734835319070555], [128.9905799138999, 37.73474676737506]]], [[[128.99067597888435, 37.73492811383612], [128.99055891898772, 37.73489284850442], [128.99058200298253, 37.73499276871666], [128.99067597888435, 37.73492811383612]]], [[[128.99053655380698, 37.7350134955615], [128.99047253245686, 37.734959189990924], [128.99048048743214, 37.735029024848274], [128.99053655380698, 37.7350134955615]]], [[[128.9905110241277, 37.73515041420797], [128.99044182961188, 37.73507378150615], [128.9904525910051, 37.7352023083462], [128.9905110241277, 37.73515041420797]]], [[[128.98954591557532, 37.73923760897756], [128.9894543108047, 37.739184751077346], [128.98946689305566, 37.73925739706751], [128.98954591557532, 37.73923760897756]]], [[[128.98951634020526, 37.73971597666885], [128.9892720191115, 37.73971440495765], [128.98942594929818, 37.73980956961788], [128.98951634020526, 37.73971597666885]]], [[[128.9895375044522, 37.74000367566503], [128.9894311988382, 37.73991544373899], [128.98947427500133, 37.74001047356882], [128.9895375044522, 37.74000367566503]]], [[[128.98958541203498, 37.740198984460676], [128.98949661225362, 37.74010437396845], [128.9895007230212, 37.74023349136229], [128.98958541203498, 37.740198984460676]]], [[[128.98885190808718, 37.74027594844197], [128.9886963399895, 37.740047809450665], [128.98880535789004, 37.740350897097834], [128.98885190808718, 37.74027594844197]]], [[[128.92089410928062, 37.794615096667876], [128.92078486889093, 37.79457842656623], [128.92078088388598, 37.794620363016996], [128.92089410928062, 37.794615096667876]]], [[[128.91016470760906, 37.807551788488645], [128.910380962053, 37.80728446022945], [128.91005783912274, 37.807330467947814], [128.91016470760906, 37.807551788488645]]], [[[128.91276796831326, 37.81039235979215], [128.91266434747527, 37.810088507798696], [128.9132647979341, 37.81001356811741], [128.9126526897018, 37.80972936952942], [128.91222511649823, 37.8100331156743], [128.91276796831326, 37.81039235979215]]], [[[128.91289730323385, 37.81051162814629], [128.91280104466742, 37.81036690646667], [128.9128264653508, 37.81051030410206], [128.91289730323385, 37.81051162814629]]], [[[128.91265081568957, 37.81069561538681], [128.91246346462688, 37.81040205396255], [128.91233002519536, 37.810538589388074], [128.91265081568957, 37.81069561538681]]], [[[128.9126376822651, 37.810880105645985], [128.91255680724274, 37.81085903106108], [128.91255420953397, 37.81091371584005], [128.9126376822651, 37.810880105645985]]], [[[128.89989167516248, 37.81277640935449], [128.8997461932222, 37.812721489421065], [128.89974106420428, 37.81273551256395], [128.89989167516248, 37.81277640935449]]], [[[128.8998757517837, 37.81298798530638], [128.89978551451702, 37.81299528727737], [128.8998479865296, 37.81302920689249], [128.8998757517837, 37.81298798530638]]], [[[128.87787585412832, 37.83810112824193], [128.87827614743023, 37.837979216102894], [128.8778954075284, 37.83785438058619], [128.87787585412832, 37.83810112824193]]], [[[128.8793808772906, 37.84166078406512], [128.87933571961196, 37.84162520182268], [128.87929274153745, 37.84170053238658], [128.8793808772906, 37.84166078406512]]], [[[128.83626220101377, 37.88670918556087], [128.83709708855525, 37.88437025731237], [128.8359187098093, 37.8866891205628], [128.83626220101377, 37.88670918556087]]], [[[128.83451511556294, 37.89460246298297], [128.83438858227424, 37.89456982427343], [128.83442590094327, 37.89462335692502], [128.83451511556294, 37.89460246298297]]], [[[128.83537875193255, 37.89512879099802], [128.8352749788873, 37.89508657072212], [128.8353570463114, 37.89518069936575], [128.83537875193255, 37.89512879099802]]], [[[128.83457952580164, 37.89567191207401], [128.83483697357968, 37.895574141774766], [128.8346411833572, 37.89543762629624], [128.83457952580164, 37.89567191207401]]], [[[128.83471363035838, 37.89581755837301], [128.83460827181625, 37.8957970944388], [128.8346548756052, 37.895842845802406], [128.83471363035838, 37.89581755837301]]], [[[128.83505530530604, 37.89666520391615], [128.8349948424601, 37.896655775999754], [128.83500817587625, 37.896692581217245], [128.83505530530604, 37.89666520391615]]], [[[128.83517586318231, 37.89772682067238], [128.83509684584345, 37.897742054091594], [128.83510663813968, 37.897770879280884], [128.83517586318231, 37.89772682067238]]], [[[128.83506924135943, 37.8978486222284], [128.8349953820232, 37.89784442029931], [128.83500812731575, 37.89788070224734], [128.83506924135943, 37.8978486222284]]], [[[128.83383000452682, 37.90186989303217], [128.83374962509964, 37.90178547777683], [128.83375654194288, 37.901869995612216], [128.83383000452682, 37.90186989303217]]], [[[128.83368242738393, 37.90199769022454], [128.83359871109565, 37.90192563990631], [128.83357065202054, 37.901969908859286], [128.83368242738393, 37.90199769022454]]], [[[128.83097070034668, 37.905435502546254], [128.83092283375873, 37.90539425230007], [128.83094561152356, 37.90545279998494], [128.83097070034668, 37.905435502546254]]], [[[128.83049415834157, 37.905777783547755], [128.8306813217342, 37.905745416193106], [128.83052538062395, 37.905685141328696], [128.83049415834157, 37.905777783547755]]], [[[128.83087781101392, 37.905724733152496], [128.830704413794, 37.90555289983933], [128.83079622578373, 37.90533246270845], [128.8305742092752, 37.90562577134867], [128.83073656299362, 37.90571495314724], [128.83069562796308, 37.90590325516702], [128.83087781101392, 37.905724733152496]]], [[[128.83035721870777, 37.90617175328079], [128.8306098087455, 37.90607950854092], [128.83054855934918, 37.90585287030388], [128.83035721870777, 37.90617175328079]]], [[[128.8299110730907, 37.90634067644496], [128.8299860634393, 37.90619166079339], [128.82982090159823, 37.90633561924399], [128.8299110730907, 37.90634067644496]]], [[[128.83026755863224, 37.90629666718668], [128.83013677008998, 37.906168514170815], [128.8300915342953, 37.90642647309245], [128.83026755863224, 37.90629666718668]]], [[[128.82932223946557, 37.90671140230577], [128.82926638973586, 37.90670028274638], [128.82925676994665, 37.906743955752745], [128.82932223946557, 37.90671140230577]]], [[[128.8291110346864, 37.90669716532931], [128.82928025825962, 37.90663329882921], [128.8292636716624, 37.90660118378537], [128.8291110346864, 37.90669716532931]]], [[[128.82948914977268, 37.90691518251495], [128.8297808592004, 37.906485693596075], [128.82938890322663, 37.90690527115155], [128.82948914977268, 37.90691518251495]]], [[[128.82899880521026, 37.90687403576138], [128.82908975014405, 37.90700190461946], [128.82916640952092, 37.90686093677533], [128.82899880521026, 37.90687403576138]]], [[[128.8100024872713, 37.917534294459344], [128.81846580096695, 37.912258016431586], [128.824345564224, 37.90757907343795], [128.82807627883253, 37.906860959519626], [128.82874304611263, 37.90714539008691], [128.8291319478363, 37.906387343593174], [128.82958494067074, 37.906144844126246], [128.82999715142438, 37.906098337807556], [128.83008917508982, 37.90621608084954], [128.8311840789978, 37.90449643120355], [128.8320324997272, 37.903873581211165], [128.83049342588407, 37.90493331953947], [128.82956814988594, 37.90456536678762], [128.82965846322017, 37.90392156162451], [128.8308675300833, 37.903732869404685], [128.82934472671116, 37.90352767057383], [128.83008367401257, 37.90215026911154], [128.83162393450203, 37.9017732922039], [128.83158066336426, 37.90087326064706], [128.8327434250322, 37.90041800567856], [128.83376864016253, 37.900590394775605], [128.8344467732287, 37.899543738018124], [128.83412985322232, 37.89888773155112], [128.83484392842843, 37.89738656537018], [128.8339447753969, 37.89629395851569], [128.83443989424686, 37.89561506490805], [128.83435977304455, 37.894336520103735], [128.83263949572725, 37.89133329980579], [128.8333825988143, 37.887605331427636], [128.83425139996586, 37.88625026525041], [128.83500488781473, 37.88591947883018], [128.83392833339167, 37.88599409576903], [128.83300430380086, 37.887636957493775], [128.8323607945906, 37.89140066890604], [128.83322738264465, 37.893516375889774], [128.83300644960136, 37.894477355090736], [128.83165530803407, 37.8944041562404], [128.8295089572816, 37.89271189385308], [128.83078115203054, 37.89201814400399], [128.83078144557518, 37.8915203949578], [128.82957400752395, 37.89155175331357], [128.82946456483162, 37.88909788646482], [128.82888732240534, 37.8890719117042], [128.8289879878124, 37.88794406498535], [128.83036155364928, 37.88790390846105], [128.83028437578974, 37.88588204797017], [128.83134223588684, 37.886047030827946], [128.8317717950844, 37.88711399005074], [128.83210660820262, 37.887112018124796], [128.83180552341113, 37.885784674645706], [128.83064357413832, 37.88573431360253], [128.83014256143895, 37.88451246685103], [128.83161223264796, 37.884858685124335], [128.83168379203659, 37.88472613841737], [128.83023576507458, 37.88417293383964], [128.83135849786976, 37.88311198637392], [128.8335139950675, 37.884300720583035], [128.83164438046992, 37.88312600410222], [128.83205514132928, 37.882017803907836], [128.83274796375898, 37.881375675911315], [128.8335649898021, 37.881670011071144], [128.8330782913168, 37.8808361994259], [128.83368288524358, 37.880650270926836], [128.83387482365094, 37.879861988107685], [128.83433422449485, 37.87998789298968], [128.83446899305477, 37.87924562244666], [128.83499788260022, 37.87928169007329], [128.834802374681, 37.87888574770239], [128.83686069799012, 37.876665845044236], [128.84530472019983, 37.86940081820536], [128.84710480466254, 37.86861999312436], [128.8482534928694, 37.86882551703045], [128.84800673500405, 37.86972094976537], [128.84842069594416, 37.86940240230863], [128.84848570155643, 37.868249199369735], [128.8496865083772, 37.867481319555026], [128.85042271232246, 37.86595815688594], [128.8492919678878, 37.8674018198953], [128.84833672731858, 37.86737147319612], [128.84873534215697, 37.86648293826312], [128.84946751904607, 37.866397170786115], [128.8487183118004, 37.86570937196309], [128.84877836229094, 37.8644418367265], [128.85133801149462, 37.86170417471459], [128.85995009360454, 37.85411740304773], [128.86042858608954, 37.85413435034971], [128.87040715386112, 37.84615637466796], [128.87598572850337, 37.84129226976567], [128.87697429562334, 37.84081111906681], [128.8779150013506, 37.8411852903448], [128.87706581502005, 37.840710451700666], [128.87743705422648, 37.83945216857523], [128.87707048408666, 37.8385960349053], [128.8791274671851, 37.83629655934584], [128.8791718378703, 37.834747966154666], [128.8798451194508, 37.83383323435369], [128.87878407044195, 37.834579621267785], [128.87871490223333, 37.8360915039472], [128.87723676145637, 37.83732220678602], [128.8759313554165, 37.837453251395736], [128.87566234628488, 37.83488407852297], [128.87691530219544, 37.83476232594672], [128.87776037507743, 37.83396666102055], [128.87680977817578, 37.834405523688574], [128.8754650096098, 37.83438954239311], [128.87622396133602, 37.83373832200521], [128.87671410416618, 37.834310525741834], [128.87720838103647, 37.83411201171009], [128.87675737569512, 37.83306683851261], [128.87736761593686, 37.83200836815307], [128.87899313151829, 37.832430165141496], [128.87787535252934, 37.83194449580558], [128.87793380541274, 37.83140733516233], [128.8814051266787, 37.82718152656289], [128.88873558486074, 37.82156309424609], [128.89679059357448, 37.81446420193951], [128.8980780418898, 37.8141374273087], [128.89787978665805, 37.81473432072298], [128.8981999286501, 37.814582722476025], [128.89870290839585, 37.81407673591909], [128.89835638858713, 37.81422039325119], [128.898184853211, 37.81366077720029], [128.89966678376967, 37.81291043238422], [128.89966411111, 37.81217397956437], [128.90282585272917, 37.809536119354014], [128.9088444218901, 37.80566251993139], [128.91432910860868, 37.79992036980159], [128.9180190400058, 37.797361036140586], [128.91840367767037, 37.796933831570655], [128.9179870510439, 37.796913180046246], [128.91804581534987, 37.79641378293004], [128.91955188793304, 37.79493652464617], [128.9203463883819, 37.79480058638236], [128.92220602366348, 37.79271796051938], [128.94668120830354, 37.77358167095932], [128.949806806251, 37.77187371590128], [128.95115447064816, 37.773090467971336], [128.9546532989811, 37.77319919740343], [128.95713785430843, 37.771253026972886], [128.95665237615978, 37.77083905417952], [128.95448908676948, 37.77283803661259], [128.9518075116074, 37.77273199054915], [128.9511598451971, 37.772126301826], [128.952008297758, 37.771505435656316], [128.95162048545262, 37.77118177299233], [128.9533546885769, 37.769853811978294], [128.95446934860146, 37.769853925266546], [128.95487301695772, 37.77116787848463], [128.95545705294003, 37.77108570612227], [128.95461625825763, 37.76923258004984], [128.95138152014724, 37.76895258525959], [128.95140737448799, 37.767379068981626], [128.95479680263125, 37.76726915108167], [128.95507764674574, 37.767043215178525], [128.95402413795222, 37.76703340051229], [128.95432131985774, 37.765622022921], [128.95837066940058, 37.76175801167353], [128.96236862790042, 37.75868083882454], [128.96315438778174, 37.7587770499798], [128.9630574846567, 37.75832391364696], [128.96387032223262, 37.75764223335366], [128.96509828976897, 37.757801201536694], [128.96491839323713, 37.7568305087362], [128.9690698310891, 37.753103533084705], [128.97331389818538, 37.75063348193838], [128.97907887511718, 37.7458005678397], [128.9804825021949, 37.74486389578476], [128.98195845704623, 37.745310372458995], [128.98304735286368, 37.7445741485277], [128.98261424545964, 37.74348627305339], [128.98400696098594, 37.74242861423408], [128.98551213798467, 37.74176606924821], [128.9871064654453, 37.74293750389367], [128.9882012654268, 37.742956261903686], [128.9864876858678, 37.742315351265006], [128.98754257604708, 37.74152553547405], [128.9867372633635, 37.740492584130955], [128.98800466423828, 37.739659169795246], [128.9888148470313, 37.74001501547219], [128.98910991552634, 37.74042387555268], [128.98942324806862, 37.73886926532024], [128.98882507391508, 37.73704503747263], [128.98969414926694, 37.737058340394], [128.9921584232669, 37.73600637541336], [128.99181409468025, 37.735726601848576], [128.98985577206193, 37.73678294540853], [128.98896352251322, 37.736774774368534], [128.9890025413817, 37.73608933604761], [128.9898947082388, 37.73535040671817], [128.990886713357, 37.73579023317951], [128.98990911890917, 37.735083206577244], [128.99054069697135, 37.734630861080014], [128.99056948329473, 37.73324660595167], [128.9925642964913, 37.73007704442533], [128.9934495421127, 37.729116554088144], [128.99403167816158, 37.72927547915569], [128.99393445906287, 37.72853749221374], [128.9949635690982, 37.72688482257261], [128.99620004361682, 37.72642600230005], [128.9959983050086, 37.72551807109804], [128.99764148621398, 37.724386076050706], [128.99924515027823, 37.724386074673504], [128.99910664308305, 37.723232360139484], [129.00144478130773, 37.72191693647084], [129.00368532529168, 37.71965683305059], [129.00414416863168, 37.71977253075936], [129.00661391776933, 37.71682018221463], [129.00762547259953, 37.71646376965952], [129.00898798916194, 37.71417469636334], [129.01099472983984, 37.71348104687249], [129.01177631444264, 37.7117343714176], [129.0122295990054, 37.71184018116416], [129.01289374977625, 37.71102060214094], [129.0127478985818, 37.71067157771404], [129.0133833944552, 37.709686839220346], [129.0131634887271, 37.70852565930591], [129.01413600231473, 37.707372920417825], [129.02721796602412, 37.69623407986909], [129.03405174658474, 37.69132120770531], [129.03497348516612, 37.69112682922649], [129.03504535955906, 37.6913011640975], [129.03554262183962, 37.69155569748542], [129.0351461216864, 37.69060878963466], [129.03643936045867, 37.68910013395354], [129.04084054199774, 37.6862861011698], [129.04226926222236, 37.68590222357781], [129.0438728124541, 37.686754889952084], [129.04261774922736, 37.685871843648954], [129.04273441734307, 37.68533695267689], [129.04412723275922, 37.684556896484004], [129.04550984421525, 37.68541696383548], [129.04572289163937, 37.68473751257692], [129.0449053496175, 37.68494507789693], [129.0446151010335, 37.68465101233162], [129.0451872517361, 37.68472453469573], [129.04509860830444, 37.684491379126726], [129.0452143557922, 37.68430241746808], [129.0457457311797, 37.683903026145295], [129.04622437135154, 37.68406697921088], [129.04626523130207, 37.68295381542331], [129.0472505688289, 37.68265055006733], [129.04773934753817, 37.68142844670279], [129.04844736035287, 37.68115562022589], [129.04893591039166, 37.68118792660639], [129.04967548824146, 37.679898965652036], [129.05236664793208, 37.67839903356604], [129.052328601833, 37.6779752921267], [129.0529039859999, 37.67812695843659], [129.05285193947316, 37.67750075618268], [129.05347677836494, 37.67736783347209], [129.053744094288, 37.676652370390684], [129.05529499600812, 37.67653841877563], [129.0556694321099, 37.675498584556955], [129.05535359128584, 37.67553250151002], [129.0548117088106, 37.67408741049346], [129.05515191549037, 37.673465793190516], [129.05611991066013, 37.673186278246746], [129.05781525346993, 37.6734551210028], [129.0569901439653, 37.67282582839588], [129.0568891220403, 37.67042882076715], [129.05637477659766, 37.669868028555705], [129.05674127267326, 37.669330867723986], [129.0560118517929, 37.66807227651785], [129.05514053775883, 37.66782836170966], [129.0553985947491, 37.66734629569788], [129.05499546481755, 37.66698817348492], [129.05508025967654, 37.66662287748535], [129.054691622865, 37.66662657966984], [129.05585333357578, 37.66493395704226], [129.05462438587818, 37.6660963935681], [129.05316293812703, 37.66545565185283], [129.0534379984045, 37.6648278778998], [129.05504050354781, 37.66497300119774], [129.0548616134171, 37.663886267101475], [129.05553633694961, 37.662761427516394], [129.05510433346456, 37.661441702414955], [129.0560166842917, 37.66119778176561], [129.05623446996296, 37.66070329216125], [129.05620956509543, 37.66122853268994], [129.05626882389652, 37.661194382555166], [129.05657291819188, 37.66047402851404], [129.0560796404189, 37.659438892352114], [129.05698357236088, 37.658790003644604], [129.05539517196266, 37.65697502095772], [129.05578901702017, 37.65642820984161], [129.05527788282564, 37.6557735798057], [129.0557616177143, 37.65506555052602], [129.05460951884126, 37.654436816537846], [129.05425300512766, 37.653238105955886], [129.05266250497888, 37.65279263458906], [129.05261366141352, 37.65021845721716], [129.05076667758001, 37.6476793971484], [129.05037551224788, 37.64800193439636], [129.05230015069057, 37.65019432226021], [129.05139591439965, 37.65019402415072], [129.05218985457685, 37.65028702995256], [129.05219244844835, 37.65207839185606], [129.0498817194811, 37.65208717642877], [129.04936381579324, 37.65119374061585], [129.0481662600033, 37.65067183930967], [129.04786253536753, 37.6500883056166], [129.04834521433733, 37.64948823470218], [129.04991152228587, 37.64864003180745], [129.0480245269615, 37.64943919422332], [129.0464632405675, 37.64781217147584], [129.04565140775094, 37.64605475995769], [129.04556126265058, 37.644283190954155], [129.04412329992593, 37.64287308676926], [129.0444890756114, 37.638772639211524], [129.0475029233289, 37.632668486625604], [129.05152448208332, 37.626955527936005], [129.05322260894238, 37.62621108306374], [129.0579065137641, 37.62618481982113], [129.06453444708026, 37.62291530321826], [129.0641384971375, 37.62258936260981], [129.0575706008663, 37.62584531238255], [129.05392877336746, 37.62575233816538], [129.05418820735485, 37.621366394641], [129.0593919040861, 37.6203476967344], [129.05939162964643, 37.62184459153927], [129.05957136328897, 37.622326680051415], [129.0595522241948, 37.62035582033182], [129.05999364420327, 37.62286652249659], [129.06009107412348, 37.618294296856945], [129.06164681594345, 37.6177842362366], [129.0616903652509, 37.61727370740788], [129.06233708832485, 37.61788984761545], [129.06192145684932, 37.616992862811024], [129.06312540326252, 37.61567113303699], [129.06343675107004, 37.61431795153852], [129.06884857088338, 37.609440686669735], [129.07487543862612, 37.604862255734446], [129.07313922222198, 37.60384482431699], [129.06873665957394, 37.59890469855725], [129.06517733117164, 37.59867451659624], [129.063306423093, 37.597829756492764], [129.0613077665586, 37.59808621839982], [129.0572440742853, 37.59694688011883], [129.05567238086982, 37.59711022247022], [129.0550146502855, 37.59470321351886], [129.05572246731245, 37.59377231898996], [129.05704885418098, 37.593555257194254], [129.05865162139438, 37.59164542362384], [129.05963998144023, 37.589946720566395], [129.0596059132142, 37.58853018661076], [129.05791951030778, 37.587552346051666], [129.0570160223384, 37.586125340956734], [129.0563921225479, 37.58350520387644], [129.05668685960052, 37.58235009258715], [129.05598740568004, 37.5812519952229], [129.05511500588818, 37.58099045138236], [129.0538718994234, 37.57888666834524], [129.05312465458954, 37.578686278106964], [129.05102750189099, 37.576403623498585], [129.05184784624842, 37.57439570561898], [129.0510917282455, 37.571624965842226], [129.05139030713212, 37.57082760471027], [129.0504137958957, 37.5696402504795], [129.05059172118945, 37.56709876674516], [129.04878855813874, 37.56474030037524], [129.04919148464666, 37.56311743038715], [129.0488980973442, 37.55994452265118], [129.0482221006329, 37.55829531688098], [129.04892482866754, 37.55593418935824], [129.05030697202963, 37.553941870538864], [129.04980948865764, 37.552651321655766], [129.0474420998343, 37.549777309444686], [129.04783874709528, 37.547874441352356], [129.04700791924495, 37.54659585194386], [129.0445073326108, 37.54614904021974], [129.04248918486905, 37.54743190258506], [129.04057941213722, 37.5471797345276], [129.03912147164993, 37.54954907615756], [129.03806941136224, 37.54972487512143], [129.03572729584744, 37.54779973535102], [129.03398333944608, 37.547273505555935], [129.03302694515085, 37.54761230442787], [129.0311666312212, 37.54727974259569], [129.0258607397135, 37.5455190593001], [129.02224325879487, 37.54036513844604], [129.01855762905564, 37.5382782418663], [129.01738432395115, 37.53852940467293], [129.01596774499754, 37.53976466034553], [129.01338676957187, 37.539297166714654], [129.01055511557234, 37.539855496370414], [129.00833537618723, 37.54116458142476], [129.00496493212998, 37.541806250811256], [129.00340546614908, 37.54166154428382], [129.00265157661067, 37.542820093366146], [128.99847741758347, 37.54280069787069], [128.99557734569578, 37.54163610819859], [128.99120754088804, 37.53882937246078], [128.98904997520975, 37.53652687537522], [128.98764498349516, 37.53387132953671], [128.98568499696862, 37.53410585428611], [128.98069362562165, 37.533082430567674], [128.97641369450108, 37.534246107084975], [128.97337881384757, 37.53373577529209], [128.97217164318127, 37.5352555764282], [128.97216189787474, 37.53634915346673], [128.9711947986644, 37.536837962019234], [128.97000473641032, 37.536766597084615], [128.9682904530155, 37.53856760200321], [128.96830616057665, 37.539623028015875], [128.96642970096957, 37.54031359364574], [128.96504113869858, 37.5419359954343], [128.96278210668137, 37.543155355902435], [128.9612346569259, 37.5487469329875], [128.95954326622387, 37.54840058702976], [128.95972998567171, 37.546023733564255], [128.95838982008382, 37.54457108671132], [128.95686253961568, 37.543816874172556], [128.9572443808664, 37.5432216167314], [128.95512602472746, 37.5414386541273], [128.95340586106872, 37.54154058347119], [128.9512641542564, 37.540918912725544], [128.94924733934585, 37.53967467495625], [128.9456329795521, 37.54122038604278], [128.94393677295602, 37.540692874770336], [128.9428198645826, 37.539217792065465], [128.94045861818128, 37.53813981351626], [128.9372591633128, 37.537770604739535], [128.93437617744667, 37.53814158735664], [128.9337181605879, 37.53889106342889], [128.93276084945083, 37.53885239812737], [128.93197522921164, 37.539384084734245], [128.9314075035686, 37.54230680297773], [128.93084591216493, 37.542781054035096], [128.92970226675325, 37.54249654317595], [128.9280586191973, 37.54308754207114], [128.9263467745696, 37.54464355018208], [128.92476409135264, 37.54723848573488], [128.91979292705793, 37.54766902259431], [128.919066652531, 37.54849553983521], [128.9175142185366, 37.54883238634285], [128.91621543431992, 37.54801397093725], [128.91454877174854, 37.55027231532247], [128.91483915311002, 37.551202252206686], [128.9144560728465, 37.55192970952439], [128.91292029662668, 37.55285291757113], [128.90574016184976, 37.55262016410384], [128.90447205054784, 37.55546593875999], [128.90520512630712, 37.55781578910055], [128.9049006911118, 37.55984651075166], [128.90545457624313, 37.56139212120024], [128.90482279584165, 37.56333071738066], [128.90417092585253, 37.56356362949658], [128.90446221871463, 37.56578293141552], [128.9057293273452, 37.56709999408648], [128.90406577750474, 37.57144109622137], [128.9013863789455, 37.57150255716782], [128.90101747121307, 37.57189220031179], [128.90123025855675, 37.57398890941219], [128.90043039869965, 37.574846618683026], [128.89933955989247, 37.57924881804184], [128.89954759835246, 37.580699518104744], [128.89821208941382, 37.581807930084615], [128.89868624474423, 37.58400177768116], [128.89751607665877, 37.58502110577736], [128.89776326591794, 37.586690476996154], [128.89593765131227, 37.586473187299866], [128.89445483393064, 37.58775002252828], [128.89263230971153, 37.58841040802066], [128.89024671920535, 37.58854574494725], [128.88879025023104, 37.59222962531474], [128.88448000345255, 37.592915853801685], [128.88249305693716, 37.59243602914483], [128.88186388564628, 37.59115135405979], [128.8793432051872, 37.59012510295704], [128.8777095341444, 37.58849378794143], [128.87606086158837, 37.58930767800664], [128.87353914630467, 37.58967455765014], [128.8730917365322, 37.58808346552802], [128.87142891286933, 37.585831212242134], [128.871843146004, 37.58486916817051], [128.87093087004826, 37.58451792925527], [128.8693762970228, 37.580108611531124], [128.8685572534586, 37.579068410452535], [128.8675398570461, 37.57912025117215], [128.86662961404667, 37.57833821968379], [128.86588487429574, 37.57643171434496], [128.86379348458598, 37.57521562767965], [128.8619466473594, 37.57046341505137], [128.8625663769322, 37.56844809649678], [128.86255009755956, 37.56465288725518], [128.86126828776005, 37.56377954610534], [128.861274743241, 37.56300103741482], [128.85879283671966, 37.56122149451294], [128.85942211118862, 37.55940450615327], [128.85918381078912, 37.555903601693764], [128.8617724511244, 37.55447352648893], [128.86202693310565, 37.55362974441891], [128.86089114159367, 37.54901942917663], [128.8591573928745, 37.547775374115716], [128.85916243043488, 37.54571343027435], [128.8598684644736, 37.54509930073606], [128.86010929306494, 37.5439764544176], [128.85992949473476, 37.542416840740344], [128.85933751807676, 37.541770775706695], [128.8595764411635, 37.54092723685213], [128.8567176529442, 37.537246255258076], [128.8555143414331, 37.53729358808808], [128.85528279107092, 37.53366756145849], [128.85543806709245, 37.53398492972629], [128.85589408249342, 37.53301355887859], [128.85359179490203, 37.52930263164124], [128.8536607950175, 37.527246997416], [128.85474711964042, 37.52623617594069], [128.85425502948704, 37.52420482762623], [128.85333132070812, 37.52398650427681], [128.85256899225493, 37.5231752831234], [128.8510419244255, 37.523142344117325], [128.84815451631445, 37.5214375926079], [128.8501180426765, 37.51977966365798], [128.84849956944873, 37.5171119402385], [128.8490756224048, 37.51554750698648], [128.8431131712254, 37.512566130911395], [128.84202978498735, 37.51322123829104], [128.8404182987379, 37.512029592867684], [128.83873054826955, 37.51193452945701], [128.83396385069602, 37.513138911354524], [128.83196137775911, 37.512082443074846], [128.83049060668833, 37.510089234813584], [128.82077513315576, 37.507131559376795], [128.81695813867324, 37.50431423744534], [128.8137542261895, 37.50329593331592], [128.8144972683997, 37.506317367658454], [128.81216050048081, 37.507992262691616], [128.8116857652054, 37.509933055090166], [128.81086304007368, 37.51000591014625], [128.8102310393685, 37.510821315126925], [128.80857655472468, 37.51159015444428], [128.80801125535348, 37.51306300699889], [128.8001094308088, 37.516430460374345], [128.79761736628598, 37.51844976681168], [128.79823915005468, 37.521209110302436], [128.79723312327855, 37.52284206088651], [128.79762497019473, 37.52557759340264], [128.79714433024358, 37.52667271471502], [128.7981499077226, 37.52744990529432], [128.79606576680766, 37.52963385868604], [128.79369660214152, 37.529780761532535], [128.79332686959754, 37.531258752752926], [128.79202871607626, 37.53276293220073], [128.79199220255467, 37.53530198894557], [128.79296252012796, 37.537174049215146], [128.79210145538636, 37.53824395537002], [128.78982639401164, 37.53969253678469], [128.7878114777485, 37.5401045152207], [128.7870249978611, 37.540986313147194], [128.78549739676149, 37.540915664130694], [128.7809310666105, 37.54349437232492], [128.77736236215253, 37.544171682560005], [128.77414466189117, 37.542773004393155], [128.76703111827962, 37.54363155309657], [128.76200711848014, 37.54150336206223], [128.7589150340288, 37.542260566093425], [128.75732780411255, 37.54311552974034], [128.75653790395558, 37.5442145236075], [128.7519619014729, 37.54525231880763], [128.74868676285942, 37.546903280890255], [128.74782977752747, 37.546559266621195], [128.74598032045668, 37.54701932074294], [128.74451358425932, 37.54616543961536], [128.74236635739518, 37.54589391510285], [128.73922611365862, 37.54767016523739], [128.73764869581677, 37.5475145986954], [128.73494132421445, 37.5447216671821], [128.73241357126795, 37.54389306521498], [128.72773130964546, 37.53895775720773], [128.72726211937382, 37.53783653298213], [128.72289244581356, 37.534887701363395], [128.72236889179868, 37.531334568410266], [128.720856638234, 37.52918179625491], [128.71978185353717, 37.52871293753273], [128.71715917001086, 37.53100780131569], [128.71413071201678, 37.53161285005162], [128.71006651215058, 37.53152449572467], [128.70709668174467, 37.53219186616535], [128.70588533449722, 37.53294385974212], [128.70424693414202, 37.535064886216325], [128.70164799099257, 37.53536922672422], [128.69900814133302, 37.536645656460266], [128.6967312432866, 37.53888780529942], [128.6960039324995, 37.540290677699495], [128.6940541056711, 37.54124516584852], [128.69356736026546, 37.542641761327], [128.69269329943756, 37.54312444298365], [128.69136016671882, 37.547376025439554], [128.6897672019674, 37.54930081763799], [128.68904520268472, 37.55254870993845], [128.68775877535305, 37.55432214506628], [128.68349685025373, 37.557148677158814], [128.68416966336892, 37.56179612246186], [128.6835765516152, 37.563414631802125], [128.67887822954881, 37.56706083353724], [128.67918289048734, 37.570441312114056], [128.68035519697222, 37.57188182856323], [128.68069829289593, 37.57337862281964], [128.68143520021644, 37.57382505321728], [128.6815267334301, 37.5797558094108], [128.68267855193494, 37.58200710519679], [128.68281318221605, 37.58552286494886], [128.6842709903293, 37.59114473066449], [128.68371992836657, 37.5922201345943], [128.68395611547407, 37.593847080965645], [128.6919716903901, 37.592037741538775], [128.6931819400911, 37.59250265560342], [128.6953311037738, 37.59210527514924], [128.69892306950064, 37.59351591189731], [128.7017929509041, 37.59198476324591], [128.70327825569808, 37.59082204299876], [128.70344242587504, 37.589999591637905], [128.7083305644177, 37.58863059826923], [128.71207334025584, 37.58863636806961], [128.71207131374254, 37.59086636035972], [128.71312259326774, 37.59184658904735], [128.71634589564806, 37.59338224866885], [128.71665242868306, 37.60426858654314], [128.72020578230337, 37.608864009442044], [128.72302467689192, 37.61131636819412], [128.72449479113953, 37.61036841786039], [128.73397463555435, 37.60905846409365], [128.73551536333147, 37.6090870656171], [128.73656019966174, 37.60974989523454], [128.7359159101376, 37.612223266349915], [128.73710404368603, 37.61402499461521], [128.73619644169298, 37.61803710727117], [128.73641785138614, 37.61927958672128], [128.73595150071927, 37.61975743433815], [128.73630146002154, 37.6257385991269], [128.73564637846187, 37.626534239738056], [128.73583484802552, 37.62870398217228], [128.73293069555632, 37.6328149276449], [128.7317199695721, 37.63406295343335], [128.73007023345696, 37.63448549435977], [128.72869766975376, 37.63680423411231], [128.72898017984411, 37.63870065493641], [128.73064338627918, 37.64033586323334], [128.73105536726007, 37.643308611748466], [128.7337695508325, 37.64683510089193], [128.73176781450866, 37.649784157465], [128.7329195533969, 37.652007877190144], [128.73347034503954, 37.65489693840759], [128.7366761783397, 37.65664086048195], [128.73929616499532, 37.65747556375303], [128.74140617671904, 37.65757732820228], [128.74366769385645, 37.65882824183714], [128.74364982776603, 37.66029129078039], [128.74466139765337, 37.6617228007126], [128.74479247073893, 37.66290578291609], [128.74598132900877, 37.6636187561502], [128.74575931807482, 37.66502767247676], [128.74727100296096, 37.666487228230906], [128.74949219779793, 37.666576784224], [128.75188634836525, 37.66757670280487], [128.75246651196858, 37.66977972227634], [128.75613025750786, 37.67033306358186], [128.75839606504024, 37.67139275054874], [128.76062281700578, 37.67127650371401], [128.76237639677257, 37.67240371154722], [128.76502822203213, 37.672917269432645], [128.76418094206772, 37.676700904202534], [128.76339788680005, 37.67793158547619], [128.76395458818382, 37.680701354873385], [128.7607116370699, 37.68283636082375], [128.76119392955775, 37.685902792971426], [128.7610012981323, 37.68638565224413], [128.75927203830466, 37.68654206873987], [128.759306120769, 37.68969598929121], [128.75863720499717, 37.69138916444847], [128.75913124373636, 37.69265792539688], [128.75858494683075, 37.69417332731868], [128.75723337981483, 37.69475987694581], [128.75456059119645, 37.69964516167802], [128.75438865761186, 37.7008599296742], [128.75525356392592, 37.703672680796146], [128.75393291264078, 37.70539973169008], [128.75399083276045, 37.70683574183596], [128.75493536611094, 37.707551950723705], [128.75337990227194, 37.70859501643455], [128.7531826685147, 37.71070765803372], [128.74888555715876, 37.71296389867326], [128.74782565542216, 37.71409667678914], [128.74690867499436, 37.71834682681312], [128.74848023205035, 37.71995326418206], [128.74523739082585, 37.722324083805006], [128.74455470981943, 37.72343942288572], [128.74567157723874, 37.72676789736006], [128.744026956207, 37.72879270071297], [128.7440053653418, 37.730034231274885], [128.74499584911234, 37.73176359007276], [128.7441677681304, 37.73563122553373], [128.7437991433781, 37.74143204638847], [128.7417685574556, 37.742030952427285], [128.73966325740497, 37.74162736028155], [128.73595751438017, 37.74429697328648], [128.73586283179387, 37.7450553770473], [128.7341070064866, 37.74571461277863], [128.7318835387487, 37.74769904513036], [128.7278724457663, 37.74862017577236], [128.7241486845475, 37.750377286978285], [128.72313388212226, 37.75132280987311], [128.72331830749445, 37.75245717405415], [128.72277829567196, 37.753114237129736], [128.7233656703858, 37.75388828173057], [128.72236344485464, 37.75513399581023], [128.72022651197275, 37.75596469711185], [128.7180558223956, 37.75607262773758], [128.71757692804402, 37.757521259526236], [128.71358936549967, 37.761693367107], [128.71358050726084, 37.762525676285414], [128.71009825673167, 37.76372677590809], [128.7105329626697, 37.764725773778785], [128.7115325508715, 37.76504599711059], [128.70890013483114, 37.768049681016194], [128.7061067935201, 37.76878097007613], [128.70407222593278, 37.768378264030915], [128.70326873765183, 37.76892503184394], [128.70323408910608, 37.769935058221606], [128.69837196365705, 37.771333671029105], [128.6967568028788, 37.76983896896158], [128.69596928207517, 37.7708240759852], [128.6952821790246, 37.7703511495882], [128.69097271293543, 37.769720490844556], [128.68956202977577, 37.770831879316916], [128.68821829411752, 37.771004547403564], [128.68721514218743, 37.77233866671803], [128.68485368501382, 37.77305117290739], [128.68198847809612, 37.7725225583122], [128.67984191253558, 37.773032306808936], [128.67697005634506, 37.77095024032508], [128.67617584601456, 37.77103783132516], [128.67363116196307, 37.76985386237336], [128.67084765158117, 37.76687658377016], [128.66737568444702, 37.769794962818565], [128.6657835523271, 37.77029548757998], [128.66062766786837, 37.77051628168537], [128.658437579453, 37.77198820250725], [128.65748316640142, 37.771302885627264], [128.65569525214758, 37.77142512119423], [128.6514150565236, 37.77377615196823], [128.65038655185305, 37.77379252263057], [128.6476929599731, 37.77621100165435], [128.6450552317173, 37.77710815051175], [128.64333213049625, 37.77718566812833], [128.6423680705959, 37.778643863201715], [128.64091909716393, 37.77908996665151], [128.63947247048745, 37.78020604580359], [128.63898396704604, 37.78243656188426], [128.6366925558329, 37.782259218167496], [128.63386437269955, 37.78027093565989], [128.6304712757055, 37.772945725240795], [128.62958641812705, 37.772559046905776], [128.62706158927696, 37.772736919678515], [128.62562019131582, 37.77054573300056], [128.62362524571253, 37.769586202057916], [128.62261131543423, 37.77044698381829], [128.61959660196166, 37.769283501796394], [128.61810938790092, 37.769730420216085], [128.61612230567627, 37.7693714247041], [128.61470046412413, 37.7705758323973], [128.61402582676874, 37.770539174751704], [128.61175070651413, 37.767675686302326], [128.6107536113798, 37.76720791450129], [128.61040139230184, 37.766206275591166], [128.607998563651, 37.767000015930115], [128.60669234213242, 37.76837335069426], [128.60244492600447, 37.76934833566453], [128.60166659435268, 37.76993011677717], [128.59879264778667, 37.774501327413404], [128.5991113106468, 37.777261265947004], [128.6000002142342, 37.77934006414667], [128.6009917593214, 37.780105010977294], [128.6008458128457, 37.7810354556526], [128.601410531505, 37.7813332373444], [128.601031945536, 37.787169228160366], [128.59998695864007, 37.78871939656904], [128.60028400621204, 37.78961453695348], [128.59978637345438, 37.79161023633009], [128.6015871807071, 37.79376898104472], [128.60088869473043, 37.79544901297881], [128.6012496041757, 37.797904594793536], [128.60068450077554, 37.79956930057819], [128.60093954342037, 37.801738899148134], [128.599740935528, 37.802887156669165], [128.59880501582202, 37.8030377898538], [128.5981494540934, 37.80437799376044], [128.59996419436982, 37.80881603194019], [128.59794868080925, 37.81003335738495], [128.59699572811562, 37.811573224069846], [128.59191854880297, 37.816037837773415], [128.58549638269415, 37.818540947947405], [128.58177017594755, 37.822803670860324], [128.58135702809693, 37.824815886516475], [128.58048396901626, 37.82614933768434], [128.58036123304112, 37.82800112399732], [128.5812503436207, 37.830981473118435], [128.58230036929777, 37.83241720534889], [128.5815682201845, 37.83536750791205], [128.58200043401933, 37.83617642270887], [128.58160610581768, 37.8377255630971], [128.58352438572862, 37.84075006655088], [128.58303303133079, 37.84212738581186], [128.58605715961812, 37.84514317713987], [128.58610738964444, 37.84622944212066], [128.5849258786034, 37.84815432021986], [128.5858220689363, 37.85078065624153], [128.58737447701898, 37.85219803361869], [128.5873913473495, 37.85570327055012], [128.5882619305706, 37.85672893328016], [128.5887787909829, 37.859918604270874], [128.58878752567958, 37.861004580153896], [128.58801738176203, 37.86203321538534], [128.58978760569047, 37.86319594263095], [128.59197157155728, 37.86559736341548], [128.59486489530727, 37.86612099261701], [128.59769870936913, 37.86595845518386], [128.60117529167894, 37.87070803974205], [128.60517783959867, 37.87091482855438], [128.6057373427043, 37.87038217242987], [128.60698067973667, 37.8703508671587], [128.61029108896702, 37.87144018457544], [128.61180401739182, 37.871100256334486], [128.61552497108514, 37.87200588914764], [128.61907963936238, 37.87176735531837], [128.6207661777588, 37.872351397805915], [128.62150678535136, 37.87422258222874], [128.62351167876, 37.874955347945836], [128.62319876863828, 37.87806422065785], [128.62501211548704, 37.87912615914155], [128.6235612630002, 37.88051967494043], [128.6243560017635, 37.88164547981486], [128.6255921525623, 37.88239471213178], [128.6267655852955, 37.88251927738818], [128.6284814688376, 37.88498782620635], [128.6347960071781, 37.88761671868235], [128.63570218677003, 37.889144870507394], [128.6388259281372, 37.89178907950917], [128.63742590712454, 37.89199519345357], [128.63903085293472, 37.89199539455175], [128.64293829533938, 37.89488588751736], [128.64537635486542, 37.89365654952937], [128.64513479970705, 37.89297021338815], [128.64777278799033, 37.890928961753076], [128.65388719234716, 37.890781058631546], [128.65650508184228, 37.89161640857074], [128.65976497929051, 37.891772930408], [128.66418558224632, 37.89078382004329], [128.66483182018752, 37.890503589163316], [128.66607782955563, 37.88810042326657], [128.66669742996066, 37.885882055407144], [128.66918378623566, 37.8858167306812], [128.67133287788903, 37.88646724506083], [128.67207602096525, 37.8875858535666], [128.67634011150795, 37.889819307202515], [128.68165831205425, 37.89032849054177], [128.68282874680818, 37.88990583037795], [128.68663891043317, 37.892464629452384], [128.69124269229465, 37.892914067118475], [128.69349351923344, 37.89418936817504], [128.69441333719465, 37.89534187917646], [128.70216530675071, 37.89840529109774], [128.70448241194578, 37.897870409739895], [128.70750437918323, 37.89796909696111], [128.70881193000872, 37.89728604318792], [128.71336940108742, 37.89875463992309], [128.71325939743352, 37.899680438586394], [128.71567283448542, 37.90153847766729], [128.71752635320627, 37.90213726609543], [128.7186081820806, 37.90348315481907], [128.71920075543008, 37.902793816213794], [128.72331091035005, 37.901890899955674], [128.7251675526103, 37.90257482066729], [128.72704821025323, 37.9026733800815], [128.72909951761542, 37.90101389206814], [128.73241064654252, 37.89987691703937], [128.73503895520085, 37.90113571514382], [128.7354274694269, 37.90253754191557], [128.7363806672593, 37.90341448195245], [128.7388809336128, 37.90378324537687], [128.74094051540453, 37.90345104499248], [128.74221022804102, 37.904051591884574], [128.74466042762822, 37.90420872657756], [128.74604531049343, 37.90614891577226], [128.74694411910565, 37.90951343556679], [128.74860910491554, 37.909543337023734], [128.75219089801405, 37.91075352199169], [128.75263943047412, 37.91168765032507], [128.75369958900689, 37.91225178357176], [128.75694984555054, 37.91231622197503], [128.7582389675058, 37.91074783722285], [128.7599879420024, 37.91006579509239], [128.76242491480457, 37.909822162577264], [128.76392218263112, 37.91032785676056], [128.76485127926492, 37.90995360362376], [128.76880486370277, 37.91065267558105], [128.7703526693879, 37.90974970505566], [128.77143979045064, 37.91081181973441], [128.7731431610532, 37.911063187895756], [128.77384912649174, 37.91026123889609], [128.7755351400523, 37.91011562700017], [128.77681968919188, 37.910799743276094], [128.77831798244898, 37.9134106439716], [128.78077795205698, 37.91345623773532], [128.78301219174813, 37.914690627116], [128.7849852763134, 37.91448113650158], [128.7866701164044, 37.913284231326635], [128.78829869003465, 37.91302417330484], [128.78970102982404, 37.913327163373815], [128.79314928237847, 37.91220554276154], [128.7948413407543, 37.91244072216846], [128.79603041427882, 37.912139963437944], [128.797230447954, 37.91302163506435], [128.79839954770958, 37.91268905853191], [128.80079232857923, 37.91314203816164], [128.80342880044506, 37.91300907742144], [128.80574653716334, 37.91552346281089], [128.8100024872713, 37.917534294459344]], [[128.98191615064763, 37.74382897339144], [128.98268942249592, 37.744394524709044], [128.98123702905153, 37.74497316328227], [128.98098061778435, 37.744538221088476], [128.98191615064763, 37.74382897339144]]]]}}, {"type": "Feature", "properties": {"code": "32040", "name": "동해시"}, "geometry": {"type": "MultiPolygon", "coordinates": [[[[129.16086850045457, 37.47813634557678], [129.1607272789434, 37.47807769904001], [129.16081049395592, 37.478185256574456], [129.16086850045457, 37.47813634557678]]], [[[129.16114853106097, 37.478710264807354], [129.16102277941303, 37.478695208253], [129.1610905770384, 37.47878377538566], [129.16114853106097, 37.478710264807354]]], [[[129.161291770535, 37.47886630438591], [129.16114407595805, 37.478847584670646], [129.16123626550305, 37.478922781725565], [129.161291770535, 37.47886630438591]]], [[[129.16071601439444, 37.47931083540705], [129.16056146232998, 37.47925752508033], [129.16072204911111, 37.47943651837167], [129.16071601439444, 37.47931083540705]]], [[[129.16056806274733, 37.47940351474398], [129.16050470131478, 37.47944460664392], [129.1605855955553, 37.47948752084582], [129.16056806274733, 37.47940351474398]]], [[[129.15950776162154, 37.47959367779196], [129.15941283136598, 37.4795589633145], [129.15949788106198, 37.47961454853545], [129.15950776162154, 37.47959367779196]]], [[[129.15872429378715, 37.4798050085936], [129.15863618479852, 37.47978316068189], [129.1586961977648, 37.47984247510084], [129.15872429378715, 37.4798050085936]]], [[[129.15152085298357, 37.487830750552845], [129.15076474617277, 37.48847150503089], [129.15079799847697, 37.488661494967104], [129.1515017698821, 37.48840189653171], [129.15152085298357, 37.487830750552845]]], [[[129.14432732399692, 37.491545608924206], [129.1442076673434, 37.4915165179628], [129.14422109929893, 37.4915634169705], [129.14432732399692, 37.491545608924206]]], [[[129.14385786354882, 37.495956680342395], [129.1437742210886, 37.49592357820725], [129.14378312254343, 37.49594861598132], [129.14385786354882, 37.495956680342395]]], [[[129.1283549971145, 37.51308120619523], [129.12821118769884, 37.51305244055013], [129.12827264191043, 37.513272039249365], [129.1283549971145, 37.51308120619523]]], [[[129.1281618434807, 37.51455689920124], [129.12794794793083, 37.51449036663931], [129.1281234799952, 37.51467902743662], [129.1281618434807, 37.51455689920124]]], [[[129.1276169761617, 37.51488473352803], [129.12782160461484, 37.514822883308184], [129.12783133433936, 37.51475827055686], [129.1276301646844, 37.514790473623236], [129.1276169761617, 37.51488473352803]]], [[[129.12584425409912, 37.51695399012753], [129.12575780968646, 37.51693975419754], [129.12579169063736, 37.51697467696653], [129.12584425409912, 37.51695399012753]]], [[[129.12267341750052, 37.52193374075846], [129.122448439714, 37.52194676879232], [129.12258263951495, 37.522039072205764], [129.12267341750052, 37.52193374075846]]], [[[129.12329728396503, 37.52302943101878], [129.12320424366595, 37.52299853299004], [129.12321259156178, 37.523053215379676], [129.12329728396503, 37.52302943101878]]], [[[129.12372599494094, 37.52349083522405], [129.12367377302505, 37.52344827261807], [129.1236992093867, 37.52350645213207], [129.12372599494094, 37.52349083522405]]], [[[129.1245729532454, 37.52403054705427], [129.1243323886877, 37.52399458031622], [129.1244776971996, 37.524095519639836], [129.1245729532454, 37.52403054705427]]], [[[129.1247038184131, 37.524357472420945], [129.12459767102158, 37.524336859993674], [129.12470836729975, 37.52437134253858], [129.1247038184131, 37.524357472420945]]], [[[129.12487924215645, 37.524811121046], [129.12482904286918, 37.52482973538132], [129.12488892697877, 37.52485318786044], [129.12487924215645, 37.524811121046]]], [[[129.12549595534242, 37.525589474912465], [129.1254330994241, 37.52554665304741], [129.12542338336618, 37.52555468281306], [129.12549595534242, 37.525589474912465]]], [[[129.12548380820976, 37.52569832788367], [129.1254277465577, 37.52559314926381], [129.12538272617462, 37.525595540912654], [129.12548380820976, 37.52569832788367]]], [[[129.12538093441952, 37.52580925989166], [129.1252799176336, 37.525746296277994], [129.12529946848576, 37.525802139219344], [129.12538093441952, 37.52580925989166]]], [[[129.12433618247186, 37.52750740103914], [129.12416614058665, 37.527504337129464], [129.12428242015247, 37.52756061698861], [129.12433618247186, 37.52750740103914]]], [[[129.12266073778906, 37.527661783262836], [129.12255782070426, 37.52761224531496], [129.12254368990963, 37.52761919631152], [129.12266073778906, 37.527661783262836]]], [[[129.12248743260798, 37.52773908822581], [129.12239269183243, 37.52770810124302], [129.12247934345143, 37.527773243893655], [129.12248743260798, 37.52773908822581]]], [[[129.12273223041262, 37.527727571172505], [129.12258566837744, 37.52769195473373], [129.1227491636477, 37.527774226027354], [129.12273223041262, 37.527727571172505]]], [[[129.12240215480404, 37.52803020077425], [129.12235668629472, 37.52796663631676], [129.12234771266193, 37.52801439976077], [129.12240215480404, 37.52803020077425]]], [[[129.12189181073916, 37.52906805050706], [129.1216978470709, 37.529035544592325], [129.12171131154616, 37.529107341245016], [129.12189181073916, 37.52906805050706]]], [[[129.12162240401346, 37.52936022440417], [129.1215503451875, 37.52932308952949], [129.12156514743629, 37.52936698799303], [129.12162240401346, 37.52936022440417]]], [[[129.12053573003382, 37.53071728325955], [129.12047801056138, 37.53070427795951], [129.1204695468565, 37.530718252022496], [129.12053573003382, 37.53071728325955]]], [[[129.12047218046123, 37.53087718605559], [129.12030089054522, 37.53094754837647], [129.12029674238045, 37.53104161568047], [129.12047218046123, 37.53087718605559]]], [[[129.12020355946362, 37.53099648183507], [129.12009643415433, 37.53100266276464], [129.12011427298236, 37.53105297551995], [129.12020355946362, 37.53099648183507]]], [[[129.11936180729637, 37.531623980967], [129.11933039418005, 37.5315773403814], [129.1193193406739, 37.53159915756909], [129.11936180729637, 37.531623980967]]], [[[129.11918852965073, 37.53165551167886], [129.11917624338224, 37.53161236612784], [129.11913407720488, 37.53163430264379], [129.11918852965073, 37.53165551167886]]], [[[129.11908405087092, 37.53183464571468], [129.11906934940876, 37.531767626234696], [129.11902432922722, 37.53177397836599], [129.11908405087092, 37.53183464571468]]], [[[129.11900832212544, 37.53188085213821], [129.11898766795284, 37.53184168054484], [129.11896393053644, 37.53185503928089], [129.11900832212544, 37.53188085213821]]], [[[129.11897846613093, 37.53203216176647], [129.11892395060588, 37.53204248797352], [129.11899414144787, 37.53206989741648], [129.11897846613093, 37.53203216176647]]], [[[129.1161219368665, 37.5351547188346], [129.11603840837202, 37.535134798661815], [129.11609607331977, 37.535184476737854], [129.1161219368665, 37.5351547188346]]], [[[129.11626659218462, 37.53519205732846], [129.11615051918275, 37.535199740670606], [129.11620537023927, 37.53525789127646], [129.11626659218462, 37.53519205732846]]], [[[129.1160529571862, 37.53525209332337], [129.11601093750053, 37.535223484524636], [129.1160434825356, 37.53526931375805], [129.1160529571862, 37.53525209332337]]], [[[129.1156460922218, 37.53539557205375], [129.11566522303661, 37.535328519982976], [129.11558286888246, 37.535337430305006], [129.1156460922218, 37.53539557205375]]], [[[129.1157632272504, 37.535416630527855], [129.11572080451035, 37.53541937594829], [129.11577916554646, 37.53548022578174], [129.1157632272504, 37.535416630527855]]], [[[129.11549599360467, 37.53556880114028], [129.1155882458437, 37.53552230864476], [129.11551501545915, 37.535432281745244], [129.11549599360467, 37.53556880114028]]], [[[129.1154376699737, 37.53560724065058], [129.1153999789742, 37.53552411508723], [129.11538145904296, 37.535621171884365], [129.1154376699737, 37.53560724065058]]], [[[129.11554157174464, 37.535630565944324], [129.1155395575394, 37.53557236257925], [129.1154827458216, 37.535637020940285], [129.11554157174464, 37.535630565944324]]], [[[129.1153528108757, 37.53567967491668], [129.1152590609815, 37.535635256984676], [129.11528151770395, 37.53574479629213], [129.1153528108757, 37.53567967491668]]], [[[129.1196330819027, 37.55278024906601], [129.11959867257752, 37.552705141083564], [129.11958305818047, 37.55277912747407], [129.1196330819027, 37.55278024906601]]], [[[129.12040702886137, 37.55347323065627], [129.1203583036997, 37.553434447537505], [129.1203512416178, 37.55347635055358], [129.12040702886137, 37.55347323065627]]], [[[129.1203026957611, 37.55354893065567], [129.12033690130744, 37.55349591738555], [129.12023068418316, 37.55352800934186], [129.1203026957611, 37.55354893065567]]], [[[129.12085021031493, 37.55473831887534], [129.12072667496852, 37.55469825950216], [129.1208360447899, 37.554796266426756], [129.12085021031493, 37.55473831887534]]], [[[129.12125039481714, 37.555371578270346], [129.1212029962646, 37.55531468532209], [129.12116117256573, 37.55534527184274], [129.12125039481714, 37.555371578270346]]], [[[129.12137586646023, 37.556220324132646], [129.1213025305917, 37.55619348777445], [129.12133186442207, 37.556242039747254], [129.12137586646023, 37.556220324132646]]], [[[129.12182210590157, 37.55757203681381], [129.1217569872765, 37.55754633520441], [129.12178833337708, 37.557612888287586], [129.12182210590157, 37.55757203681381]]], [[[129.1219331807384, 37.55771270306788], [129.12181083848674, 37.557679159067725], [129.1218571245177, 37.557754094104155], [129.1219331807384, 37.55771270306788]]], [[[129.12191688556518, 37.55830464653291], [129.12180673816053, 37.55820617374073], [129.12190596448139, 37.558339598007], [129.12191688556518, 37.55830464653291]]], [[[129.12218109562443, 37.55833012483928], [129.12206386663175, 37.55827546452567], [129.12208831932418, 37.55834914390676], [129.12218109562443, 37.55833012483928]]], [[[129.122261057115, 37.55857394080321], [129.12208360994993, 37.558445012992905], [129.12217729829098, 37.55863907986616], [129.122261057115, 37.55857394080321]]], [[[129.1174711116339, 37.575489576681065], [129.11730596982034, 37.575502823540496], [129.11744637396114, 37.57559489202651], [129.1174711116339, 37.575489576681065]]], [[[129.11711083950652, 37.57634096832136], [129.1170068689682, 37.576259325373265], [129.11694142792973, 37.57637699671397], [129.11711083950652, 37.57634096832136]]], [[[129.11707973855465, 37.57648362624521], [129.11685542211242, 37.57646155889844], [129.11683772448347, 37.576516923447635], [129.11707973855465, 37.57648362624521]]], [[[129.11662251567492, 37.57681108560316], [129.11676065601736, 37.57672069653317], [129.11672291055473, 37.57670391388676], [129.11662251567492, 37.57681108560316]]], [[[129.11652009704346, 37.576992259645564], [129.1164441041802, 37.576949104425516], [129.11649458221495, 37.5770293517788], [129.11652009704346, 37.576992259645564]]], [[[129.11649505787324, 37.57715336433186], [129.11638541898756, 37.57713901101102], [129.11639276703684, 37.577197821365964], [129.11649505787324, 37.57715336433186]]], [[[129.11646708183932, 37.57748459720816], [129.1163767674966, 37.57747136984433], [129.11640505933215, 37.57753881854243], [129.11646708183932, 37.57748459720816]]], [[[129.11612076308108, 37.5776187812451], [129.1160194183981, 37.57759504903616], [129.11599726814413, 37.577663863577], [129.11612076308108, 37.5776187812451]]], [[[129.1161300863259, 37.57815458361224], [129.11637722894443, 37.578168730302195], [129.11639177141612, 37.57812892877406], [129.1161300863259, 37.57815458361224]]], [[[129.1163110523806, 37.57828067933141], [129.11626989311756, 37.57823917572569], [129.11624917517844, 37.578245494312306], [129.1163110523806, 37.57828067933141]]], [[[129.11590594423788, 37.57839477484982], [129.11614078981307, 37.57836147763472], [129.11623773406865, 37.578321791409614], [129.11605809064403, 37.57827353298126], [129.1159052714111, 37.57831744406994], [129.11590594423788, 37.57839477484982]]], [[[129.0749999646062, 37.60476573923453], [129.08200786318477, 37.59982219906533], [129.10034148081564, 37.58851592906218], [129.10936696733026, 37.58199149150845], [129.1107739214896, 37.58139061527844], [129.11265445166995, 37.582706807028224], [129.11406571719905, 37.58261819190948], [129.11509777358467, 37.582055113414405], [129.11493542592484, 37.58178325431523], [129.11306753318777, 37.582487535401036], [129.11216802877397, 37.58221018489942], [129.11257567491248, 37.58187866317819], [129.11209394720467, 37.582192144230866], [129.1114421325533, 37.58157892336328], [129.11225047807037, 37.581046562242044], [129.1126585002287, 37.581434970353875], [129.11253528720613, 37.5808746162396], [129.1136596015778, 37.58006138453673], [129.11333113396864, 37.58177317180134], [129.11392255216214, 37.58158136834607], [129.1141542759176, 37.57969117492321], [129.115473886044, 37.57868013879816], [129.11625060424137, 37.577008989212686], [129.1168928552498, 37.5763207610025], [129.1170620482343, 37.57396931356674], [129.11637416040338, 37.57078432800891], [129.11677074342703, 37.57000927603296], [129.11816727877311, 37.57006748548067], [129.11711279868686, 37.56971777644985], [129.11711503479148, 37.56930864267914], [129.1201838822411, 37.566341292896155], [129.1195460573391, 37.56381169948395], [129.12270123143875, 37.5605622457321], [129.1221596868594, 37.56052405664548], [129.1199773897258, 37.56237501162057], [129.11996691690618, 37.56138371108776], [129.12038459804884, 37.56161238216885], [129.12054884971863, 37.560715329011735], [129.12116967156152, 37.56078371593162], [129.12181988045978, 37.56020920286314], [129.120883707919, 37.560341358947596], [129.12032997608665, 37.55969699980677], [129.1207950787015, 37.55860492446701], [129.1217401378993, 37.55825043689189], [129.1217316115297, 37.55760823298045], [129.12118479129788, 37.55603777295026], [129.1213502645946, 37.55573655977279], [129.11909439983197, 37.55221172409584], [129.11778469154666, 37.549517270528646], [129.1181247917065, 37.5436911470314], [129.12056407996556, 37.53919089629985], [129.12000584676642, 37.539359408657134], [129.1172214807449, 37.54514202396274], [129.11707454123538, 37.54901105838346], [129.11622364901768, 37.55024013949741], [129.1170814570208, 37.55169692670419], [129.1138801137871, 37.55165906169908], [129.11296794828425, 37.55041225475145], [129.11375421811596, 37.550098859890745], [129.11291990805552, 37.5503474170386], [129.11183270888833, 37.54887116746535], [129.1142129033249, 37.54837253092655], [129.11396234433766, 37.54776441871], [129.1118569905331, 37.54853444176697], [129.1119779531392, 37.547394383878746], [129.1124234748735, 37.54739981759972], [129.1124502350918, 37.544422531373534], [129.11377831128374, 37.543722986583596], [129.11378565192481, 37.543297929782135], [129.1152588591853, 37.54339260164611], [129.11526195316335, 37.54297643713493], [129.1137896090932, 37.542961423642865], [129.11377951999782, 37.54049983808139], [129.11681917233517, 37.54062427274435], [129.1156394707899, 37.54008267925979], [129.11546925073984, 37.5362991779153], [129.11433611467885, 37.53713844543657], [129.11448786875542, 37.536593934954155], [129.11505356887304, 37.535678958756456], [129.1159552045587, 37.535033959942425], [129.11637202333688, 37.53509300661844], [129.1170972655398, 37.53299331042307], [129.1195906328153, 37.530976147111524], [129.12026667585894, 37.530889751833946], [129.12034767080993, 37.52988346397863], [129.12158871026978, 37.52926744105672], [129.12205149476398, 37.528233387819085], [129.12237976245328, 37.52858865488518], [129.1221739802812, 37.527759613486744], [129.1224466542904, 37.52759604498891], [129.12333535629466, 37.527432072379746], [129.12402362705927, 37.527802482996286], [129.12404711395868, 37.52584869159592], [129.12479839960417, 37.52585653953851], [129.12585412039192, 37.52525947051362], [129.12552929804264, 37.5246931227073], [129.12553784066466, 37.52520091849328], [129.12451510374976, 37.525699750494745], [129.1247500898204, 37.524699173550474], [129.12305387071316, 37.523117082789405], [129.12221789042144, 37.52173545240881], [129.1229266772955, 37.51912071077056], [129.1242554226326, 37.517216873149316], [129.1254193825671, 37.51721753207855], [129.12528018571226, 37.516840702170136], [129.12672519763618, 37.51595122076947], [129.12602867287322, 37.51563364421066], [129.12626196850277, 37.51492745737179], [129.12775037795095, 37.51464375185044], [129.1273212181815, 37.513903141596515], [129.1279491005291, 37.51377415865847], [129.12796202054344, 37.513125873892825], [129.1351004883592, 37.50491869717004], [129.14526346172116, 37.499239674482176], [129.14979929890947, 37.49752894690156], [129.14944997094017, 37.49725331331768], [129.1454926425134, 37.49880619016494], [129.13558899823408, 37.50406731800438], [129.13122457865822, 37.50139803653371], [129.13253484411928, 37.499854530314906], [129.13320469308786, 37.500175682082315], [129.13362562229815, 37.49982451853496], [129.13316319474433, 37.49938660284691], [129.13367285797133, 37.4988243195266], [129.13741163816715, 37.500640033832575], [129.13766428059503, 37.499984143468815], [129.13457539735663, 37.498500445946846], [129.13618221208395, 37.496423676804696], [129.12440957295757, 37.49068833031977], [129.12677106031273, 37.48762167415236], [129.14194643712156, 37.49504159663727], [129.14361130221343, 37.494441829918834], [129.14352303691985, 37.49528907181478], [129.14379282368694, 37.49558148007627], [129.14372577247116, 37.494451619897994], [129.14465641999087, 37.49690239984549], [129.14492899326518, 37.49663041286611], [129.14385261546764, 37.49419333669616], [129.14133862649268, 37.49288495630438], [129.14358900027224, 37.49135720764251], [129.14404209125556, 37.49159425921497], [129.14492658759437, 37.49106659374731], [129.14578912119197, 37.4911199435747], [129.14624951668128, 37.491597923367145], [129.14535608091535, 37.492843457268265], [129.14639865269174, 37.49164724852938], [129.14674996034915, 37.491778705929654], [129.14591156592553, 37.493060531331366], [129.1463794826712, 37.493241555016105], [129.14640297718924, 37.49424445041269], [129.1472919103218, 37.49151545263039], [129.15654081521365, 37.48311120518803], [129.15933973423407, 37.48479745449221], [129.1607259418027, 37.48668414164414], [129.16450151366928, 37.489433615555384], [129.165206416532, 37.49086896636784], [129.16474102964165, 37.492211631197726], [129.15711190929244, 37.49939276356509], [129.15742708688575, 37.4996181695584], [129.16486326956712, 37.492447666336275], [129.16544879728013, 37.49128730999877], [129.16477325199807, 37.48936391829115], [129.16145883419824, 37.48704421132945], [129.15953351521037, 37.48468027614122], [129.15757510715898, 37.48370020579359], [129.1578930411982, 37.483377734059545], [129.15754047455007, 37.48367815733412], [129.156629033039, 37.482602994211874], [129.15807751211304, 37.48105271111428], [129.15814794335824, 37.479972850855084], [129.15883804529096, 37.47929340906215], [129.16042374720044, 37.47929924218604], [129.15965527393442, 37.47740067347483], [129.16077946132344, 37.47584081571445], [129.1586769270878, 37.47565463086601], [129.15817405719622, 37.47638364171207], [129.1568878724783, 37.474794621189034], [129.15517272829945, 37.47419447915766], [129.15499615954235, 37.47278056785387], [129.15352155686705, 37.47134133756474], [129.1540068988393, 37.47082577108961], [129.15179476090086, 37.46834653010947], [129.1507980031203, 37.46570522725362], [129.14936219656383, 37.46552724672284], [129.14912490995485, 37.464924348026166], [129.14800300801937, 37.46506466066479], [129.1468700988379, 37.46593175403044], [129.14176421450037, 37.46650153801423], [129.14070175918633, 37.46525932628482], [129.1394072654349, 37.46477181511437], [129.1381911534581, 37.46284406937842], [129.13813128961905, 37.45992219714645], [129.13727697689637, 37.458021385307475], [129.13552283190216, 37.45658921994327], [129.13575024687376, 37.455148280831615], [129.13478353917165, 37.453177687230415], [129.13400532587946, 37.453552631435834], [129.133090011302, 37.4531412534097], [129.1323464889694, 37.45401722857451], [129.13108544069266, 37.45432682399872], [129.13035751639617, 37.45524360124598], [129.13044695838016, 37.456031630155586], [129.12882486785918, 37.45530330432572], [129.12791328001833, 37.45680610563132], [129.12560698475448, 37.457169087450524], [129.12504583934663, 37.456781674089186], [129.123729519029, 37.457287280371546], [129.12316738757735, 37.45697701556145], [129.11981712253, 37.459790904259066], [129.11789465024387, 37.46050747250408], [129.11616191418463, 37.460664335933316], [129.11509870057282, 37.460042075197485], [129.1124979370559, 37.45709778006565], [129.10962728957082, 37.45685907928046], [129.10911082227787, 37.45599728773567], [129.1073954417829, 37.455800696280306], [129.105795305475, 37.457409919435236], [129.10484261353216, 37.45733708011439], [129.10456777138592, 37.458228739939834], [129.10351753282166, 37.458985567042156], [129.10253010431708, 37.45853047001979], [129.10187531810678, 37.45960117148129], [129.10030451734698, 37.45980362503111], [129.0986654410466, 37.46063449463123], [129.09832852807168, 37.462732969021374], [129.09584618932683, 37.4634312456044], [129.09394453208256, 37.46234704624468], [129.09211620178164, 37.46225808194177], [129.08875213574615, 37.46115942245269], [129.0880773866777, 37.46052892667923], [129.08603678027802, 37.46107280889918], [129.08542582973863, 37.46023368672688], [129.0832983920442, 37.46042349698201], [129.0817943239821, 37.45855089615953], [129.07684865240472, 37.45644035646605], [129.0740553892743, 37.456283615685344], [129.07077501871296, 37.45841955341939], [129.06792552673753, 37.458703653531224], [129.06564547222376, 37.46038137822958], [129.0590008140418, 37.458911506468155], [129.056200257248, 37.45858583477467], [129.05522033062445, 37.45893646942892], [129.05434675474856, 37.45857920961886], [129.05382617545436, 37.457014282782666], [129.05063094765302, 37.45604391042133], [129.04820087804663, 37.45695256854731], [129.04674787998297, 37.45616130332705], [129.04354114693155, 37.45564558074057], [129.0411737563211, 37.45406042763128], [129.03721986556573, 37.45280014377331], [129.03630128361974, 37.45227460660596], [129.03564018574895, 37.45108616535078], [129.03556003313957, 37.449534968136405], [129.03213523002145, 37.44747095866732], [129.02922642059923, 37.44698687098649], [129.0268484805886, 37.445395415621206], [129.02504603810593, 37.44319610977169], [129.02090874468664, 37.441031630875194], [129.01480858036686, 37.43862541889349], [129.01020322592203, 37.435928576699354], [129.0083900608997, 37.43384236264751], [129.00787187817218, 37.43110831310308], [129.00687460751342, 37.42909801032275], [129.00558925918426, 37.42730936823099], [129.00444141392057, 37.42679759160307], [129.0028116761824, 37.42759544690337], [129.00224762484166, 37.4286452100036], [128.99942296494012, 37.42987145138547], [128.99517840980107, 37.43070070630516], [128.9931760879528, 37.43059427200896], [128.99150091255026, 37.43188371185094], [128.98826784472254, 37.432268621815844], [128.98462915856294, 37.433926527835084], [128.97912747975613, 37.43404856543267], [128.9775379640906, 37.43299609040728], [128.97523623553826, 37.433239505601335], [128.97252574631338, 37.43453498295383], [128.97274511642345, 37.436128120195214], [128.970929988288, 37.438467143781374], [128.9653361679008, 37.44180449508492], [128.96374760695576, 37.44185566157225], [128.95905558015778, 37.4439004843427], [128.95761847835263, 37.44663730512872], [128.96000167562175, 37.45019059984834], [128.96000170957484, 37.451112583251245], [128.96233356700068, 37.45258173179367], [128.96433837930917, 37.454747687907044], [128.96416023217557, 37.45917221211376], [128.96539032867116, 37.46041664854879], [128.9689761327317, 37.46075899200183], [128.97032820083126, 37.46161368061981], [128.9712629496491, 37.463252319633476], [128.97377576958627, 37.46338606055093], [128.97418620282326, 37.46537687315583], [128.97736623881684, 37.468621730943276], [128.9847131845802, 37.470414642092656], [128.98501335116893, 37.47153510995964], [128.9863633649934, 37.47245777540459], [128.98595482992113, 37.47318392261966], [128.98756926150864, 37.47532702555996], [128.98626520063425, 37.4763843727768], [128.98809856785132, 37.47932216991382], [128.985704657045, 37.482769911833174], [128.98618116371995, 37.48370273718141], [128.98919102626255, 37.4833965054185], [128.98966273573032, 37.48450591220885], [128.98828154633836, 37.49003143674031], [128.9868523447114, 37.491228274872604], [128.98678643455634, 37.49311583659963], [128.98531721674684, 37.493070710491885], [128.98455522591138, 37.493569127588984], [128.98362397688902, 37.49305100437664], [128.98249584098565, 37.49317127459776], [128.98046042715288, 37.49361444730308], [128.97967649499566, 37.49431364320214], [128.97865538180815, 37.493455782097094], [128.97555018747565, 37.49309755190053], [128.972511770917, 37.49163597637091], [128.970955854352, 37.49266048022968], [128.97002235471376, 37.494730852133834], [128.97140283739333, 37.49793319497043], [128.97346251737727, 37.50001810179279], [128.97383299618497, 37.50181080913418], [128.9746811147301, 37.502725941016145], [128.97439104897643, 37.50343880065339], [128.97251500776594, 37.50572199892572], [128.9707649717579, 37.50602680508946], [128.96980113728176, 37.50562959778323], [128.96816764381228, 37.50585106362905], [128.9658495034398, 37.5051636082998], [128.96514241800492, 37.505407059994994], [128.96417599002248, 37.507689076473866], [128.9629736215328, 37.50816933783756], [128.96185236896238, 37.5095217875382], [128.96098201412497, 37.512578325484], [128.96231897887424, 37.5136864356547], [128.96241879232534, 37.5144347395156], [128.96338541073908, 37.5148947352822], [128.96386916257376, 37.51715882504261], [128.96707444001484, 37.519368920935], [128.96775662264832, 37.520568930081964], [128.9684568022612, 37.52269567662974], [128.9672902598306, 37.52597621282306], [128.96820840824122, 37.5271945301732], [128.96788778257297, 37.52775924762685], [128.96862933914989, 37.52825559708525], [128.96872905588114, 37.53023469642478], [128.97391017828076, 37.533911852437555], [128.97641369450108, 37.534246107084975], [128.98069362562165, 37.533082430567674], [128.98568499696862, 37.53410585428611], [128.98764498349516, 37.53387132953671], [128.98904997520975, 37.53652687537522], [128.99120754088804, 37.53882937246078], [128.99557734569578, 37.54163610819859], [128.99847741758347, 37.54280069787069], [129.00265157661067, 37.542820093366146], [129.00340546614908, 37.54166154428382], [129.00496493212998, 37.541806250811256], [129.00833537618723, 37.54116458142476], [129.01055511557234, 37.539855496370414], [129.01338676957187, 37.539297166714654], [129.01596774499754, 37.53976466034553], [129.01738432395115, 37.53852940467293], [129.01855762905564, 37.5382782418663], [129.02224325879487, 37.54036513844604], [129.0258607397135, 37.5455190593001], [129.0311666312212, 37.54727974259569], [129.03302694515085, 37.54761230442787], [129.03398333944608, 37.547273505555935], [129.03572729584744, 37.54779973535102], [129.03806941136224, 37.54972487512143], [129.03912147164993, 37.54954907615756], [129.04057941213722, 37.5471797345276], [129.04248918486905, 37.54743190258506], [129.0445073326108, 37.54614904021974], [129.0470734870118, 37.54662793247312], [129.04783874709528, 37.547874441352356], [129.0474420998343, 37.549777309444686], [129.04980948865764, 37.552651321655766], [129.05030697202963, 37.553941870538864], [129.04892482866754, 37.55593418935824], [129.0482221006329, 37.55829531688098], [129.0488980973442, 37.55994452265118], [129.04919148464666, 37.56311743038715], [129.04878855813874, 37.56474030037524], [129.05059172118945, 37.56709876674516], [129.0504137958957, 37.5696402504795], [129.05139030713212, 37.57082760471027], [129.0510917282455, 37.571624965842226], [129.05184784624842, 37.57439570561898], [129.05102750189099, 37.576403623498585], [129.05312465458954, 37.578686278106964], [129.0538718994234, 37.57888666834524], [129.05511500588818, 37.58099045138236], [129.05598740568004, 37.5812519952229], [129.05668685960052, 37.58235009258715], [129.0563921225479, 37.58350520387644], [129.0570160223384, 37.586125340956734], [129.05791951030778, 37.587552346051666], [129.0596059132142, 37.58853018661076], [129.05963998144023, 37.589946720566395], [129.05865162139438, 37.59164542362384], [129.05704885418098, 37.593555257194254], [129.05572246731245, 37.59377231898996], [129.0550146502855, 37.59470321351886], [129.05567238086982, 37.59711022247022], [129.0572440742853, 37.59694688011883], [129.0613077665586, 37.59808621839982], [129.063306423093, 37.597829756492764], [129.06517733117164, 37.59867451659624], [129.06873665957394, 37.59890469855725], [129.07313922222198, 37.60384482431699], [129.0749999646062, 37.60476573923453]]]]}}, {"type": "Feature", "properties": {"code": "32050", "name": "태백시"}, "geometry": {"type": "Polygon", "coordinates": [[[129.01266982012197, 37.33702378744133], [129.01134941105096, 37.334484092913605], [129.00880417207014, 37.33385925771532], [129.00854141313621, 37.33202761638968], [129.00644810776043, 37.33208705236723], [129.0043850614687, 37.32918401712869], [129.0042632969156, 37.3275594258466], [129.00268232146934, 37.327485117673604], [128.99799627241157, 37.32456240269799], [128.99872791010273, 37.323995739883266], [128.9994262144977, 37.32151806081202], [128.99843752062748, 37.31899089694336], [129.00280202425776, 37.31792391533088], [129.00329520977607, 37.31653103755791], [129.0058415003307, 37.31441898902632], [129.00637156143503, 37.312996749200536], [129.00910309313713, 37.31217201542993], [129.00947563887104, 37.31148299253763], [129.01101841602983, 37.31167047304664], [129.0130961330586, 37.307939583168775], [129.01438910271284, 37.30761663835287], [129.01591176146792, 37.30521718806888], [129.01773363782812, 37.305170666847445], [129.01843665611375, 37.30351852136362], [129.01605242009757, 37.300833702558215], [129.01374919824602, 37.299886709741045], [129.01262729718746, 37.29884724877761], [129.01099003795616, 37.296476472154744], [129.00822437987574, 37.29509353916236], [129.0056104037589, 37.29214606946072], [129.00534402891896, 37.29010135316046], [129.00385495622584, 37.28837321369565], [129.0057571670778, 37.286522071250005], [129.00666741670958, 37.283447865283165], [129.00603419519803, 37.282807143403005], [129.00926986442497, 37.282299591323934], [129.01123238477598, 37.27993158376716], [129.01415630338266, 37.278691315337994], [129.01325096647903, 37.277344966390984], [129.01406804597892, 37.275205270371075], [129.01513026355266, 37.27417623421984], [129.0121643453056, 37.2725467921668], [129.01025597001106, 37.26995875333243], [129.00794545272774, 37.27040982549324], [129.007075320466, 37.26722220414256], [129.00648781907864, 37.26683942664476], [129.0051089144052, 37.26373501133168], [129.00608381498944, 37.263319861991505], [129.00992964753854, 37.259558496341036], [129.01044998140256, 37.255479344054216], [129.01007928614888, 37.25508783347011], [129.00841517259397, 37.25673427731981], [129.00792277461366, 37.25599010650928], [129.00728601650007, 37.25596430299017], [129.007040699138, 37.255373022081415], [129.00797748360108, 37.25351201630552], [129.00706298132138, 37.25092704997265], [129.00650135396543, 37.25058521606532], [129.00311188114094, 37.25096633777305], [129.00162453659067, 37.250562989445115], [129.0015541381698, 37.249499160494295], [129.0024863030555, 37.24905829730238], [129.0005268324803, 37.24712605587913], [129.00101121566556, 37.246825653684425], [129.00077115648264, 37.245763841089754], [129.00177059980248, 37.24465941211877], [129.00001355405695, 37.24418627717838], [128.99971528732834, 37.243559564604794], [128.99850634429737, 37.2431579551026], [128.99677123778628, 37.24336795781745], [128.995449935022, 37.24462162164087], [128.99395334516186, 37.2446231750101], [128.9906503591739, 37.24263397767328], [128.98994647031012, 37.24128207892622], [128.99103867079876, 37.239603273649735], [128.9920338205596, 37.2389756247342], [128.99216556779984, 37.236983278329845], [128.99318632299835, 37.23525638635392], [128.99615577509655, 37.235369120489636], [128.9969835859988, 37.23450129059792], [129.0006747794058, 37.23574503056598], [129.0016345148963, 37.23515478056723], [129.0042541231735, 37.235272937581215], [129.00743413709736, 37.2335119093181], [129.00791942943056, 37.23263910951899], [129.00552741399594, 37.23131280643831], [129.0054495613131, 37.23075275301311], [129.00762864016093, 37.230023294712005], [129.008098123978, 37.229126265739474], [129.0065411018393, 37.227485995847836], [129.00437946561635, 37.22706228514906], [129.00664067312968, 37.22461215647027], [129.00852026223342, 37.223893658552576], [129.00845648401005, 37.22309463581033], [129.01049305615769, 37.22082476104766], [129.00869630064224, 37.220852982453664], [129.00373262248357, 37.219669857939564], [128.9999824374009, 37.21792298133155], [129.00117891688245, 37.21502808283614], [128.9999919831559, 37.21280179933202], [129.00017268767922, 37.20892461336544], [128.9987604096317, 37.20781162759696], [129.00134434181976, 37.20590739211218], [129.00132084060442, 37.203309823467094], [129.00074899195255, 37.20281948553399], [129.00214108709073, 37.20249051543945], [129.00429416245996, 37.201179355014794], [129.00513823237935, 37.20131625995715], [129.0059024438604, 37.20053643684118], [129.00713155861922, 37.2009669186229], [129.00749163905834, 37.19925334649486], [129.0090059293518, 37.19850556326546], [129.0080448825215, 37.196608008348086], [129.00814382314917, 37.19558635303943], [129.0070335129982, 37.19458883408618], [129.00826592873526, 37.193751800779665], [129.01134131288268, 37.18653246363155], [129.01331312419953, 37.18491030716278], [129.01544362685172, 37.18447067090505], [129.01654805137377, 37.181421781142255], [129.02125153289484, 37.1796215208242], [129.02196087263923, 37.17875047944069], [129.02314045041447, 37.17879819208904], [129.02570162676008, 37.17751065660857], [129.02722433053938, 37.17498013556339], [129.03039595660164, 37.174517923366885], [129.03276659654455, 37.17575515600718], [129.03413630856468, 37.175087802945164], [129.0365508982287, 37.175888678868944], [129.03845646817788, 37.174647039798195], [129.04038873059667, 37.17474076039909], [129.04249736179, 37.17290350876351], [129.04506323020104, 37.17170584269083], [129.048193348782, 37.17267432503549], [129.051283360487, 37.16994185848098], [129.05840731400912, 37.17130597702948], [129.06020552395708, 37.170701821024515], [129.06162727032455, 37.17110784584259], [129.06448719765388, 37.170607909925245], [129.06816956474628, 37.169486867955264], [129.07183268981325, 37.16992064287626], [129.0737060057397, 37.167757000837575], [129.07465864468395, 37.1647316485257], [129.07407332096716, 37.161847774718225], [129.07192172120162, 37.160188628959375], [129.07405702860044, 37.15971829918858], [129.07614052770322, 37.16019787840927], [129.0819385509807, 37.15986816070287], [129.0825959757854, 37.16030424628556], [129.08474857713333, 37.16035143405375], [129.08574394824484, 37.159554092161265], [129.0869626844547, 37.159538834685314], [129.0872630297603, 37.158884345544124], [129.08857098579315, 37.15821239368925], [129.08845872327876, 37.15577999632462], [129.0891446015481, 37.15475722914422], [129.08790485280863, 37.152444074231425], [129.0889174040768, 37.15164978187585], [129.08918673974293, 37.149152956188416], [129.08841267809697, 37.14769560347886], [129.08952755759694, 37.14513826753335], [129.08869962975297, 37.14393721535814], [129.09344828007602, 37.14215811029895], [129.0942418536886, 37.13934542673314], [129.09536966181653, 37.13842940066512], [129.09357566455324, 37.1352674293407], [129.09279827052734, 37.131399996838816], [129.09072261775492, 37.129633701900936], [129.0909776696424, 37.1275929088847], [129.089061088169, 37.12357435661313], [129.09012895804955, 37.12283651639931], [129.09040339048022, 37.12092544863521], [129.09195521699985, 37.11946848129564], [129.09100777801177, 37.118100906335144], [129.0894691038741, 37.117425607467766], [129.08791506882798, 37.114076872193785], [129.09069248800492, 37.108969988933644], [129.09371519966248, 37.105535784531824], [129.09459642156688, 37.103684652603604], [129.09448203898938, 37.10249157553269], [129.0956600365296, 37.10031306097626], [129.09239883893764, 37.09864028127851], [129.09128049972296, 37.09724836519823], [129.08749007060976, 37.09710897610137], [129.0826819173561, 37.09409497979896], [129.08081452265282, 37.09336920280244], [129.0769540100027, 37.09298920259115], [129.07576583852168, 37.09152652946206], [129.07415318457467, 37.09102166186946], [129.07042034423532, 37.08822244764333], [129.0701302811219, 37.087464404836794], [129.07080695245267, 37.084013310429825], [129.07016001382206, 37.08388744476282], [129.06878239595125, 37.08200053292191], [129.06715037949846, 37.080978777780054], [129.06560493539496, 37.078752155483336], [129.06741819897485, 37.07619495180204], [129.0673653243093, 37.074453754519666], [129.06623075901555, 37.073545583166265], [129.06520891119985, 37.071752277724464], [129.06397573940166, 37.06813514941661], [129.0621313889821, 37.06826919219967], [129.06067619232664, 37.06595690050622], [129.05943579783965, 37.06524999702614], [129.05650924029837, 37.06518953747606], [129.05706728962554, 37.06789951340191], [129.05343065690002, 37.07019383263849], [129.05170942903928, 37.068678286125206], [129.05237582372112, 37.06789411194142], [129.05132008987073, 37.06782903529682], [129.0500214864831, 37.0683996213919], [129.04832565370813, 37.0700862973797], [129.04379115903316, 37.07110283520011], [129.04186617380873, 37.07106244375658], [129.03926928474968, 37.07406815935898], [129.03692954326948, 37.07487133412421], [129.0366683090317, 37.076171013613894], [129.03240807535514, 37.07492281465933], [129.03043659299243, 37.07703203704956], [129.02878780701272, 37.077092052184355], [129.02434963515128, 37.07834719895527], [129.02307568025577, 37.07814032780215], [129.02187920824366, 37.076894655043404], [129.0203826102369, 37.07655893176528], [129.01864748317513, 37.07797474987332], [129.0151731050409, 37.0795293196045], [129.01389520436567, 37.078548751162394], [129.00958136983374, 37.0785495292722], [129.00846346676147, 37.07907607268752], [129.0006253405795, 37.08036447043991], [128.9988014607197, 37.081469264490615], [128.9972658614896, 37.081736393859266], [128.99643545543037, 37.08126444733122], [128.99124295345854, 37.08255956316852], [128.9886138668131, 37.084374435707865], [128.9833966335544, 37.08462055416973], [128.98184538495042, 37.08292677628147], [128.9806744080476, 37.08296087153456], [128.9774374527209, 37.08145466270577], [128.97659042153614, 37.0817161378908], [128.97538678719764, 37.08101366311226], [128.97179853459443, 37.081514016483396], [128.97090529874706, 37.08111597964736], [128.97095795291636, 37.08059098844625], [128.96998717686685, 37.07982293630917], [128.96559182345717, 37.07922670668565], [128.95927438517108, 37.07757664126934], [128.95788825570074, 37.07876020979722], [128.9548153934649, 37.07958828943838], [128.95330078728963, 37.081254877252505], [128.95301378311214, 37.083738821043134], [128.95342646875255, 37.084922339660444], [128.95126481555258, 37.08646372306591], [128.95024979581186, 37.08871258999174], [128.9474854979887, 37.091683868172], [128.94576447683303, 37.09278808877417], [128.945663178677, 37.09377790189935], [128.94373825210755, 37.09332713333066], [128.94045491578467, 37.09340555771008], [128.93988786816968, 37.09295472345569], [128.937821075099, 37.09280303753657], [128.9367449890266, 37.09210920485074], [128.9331262515104, 37.09179528973775], [128.93205831845353, 37.090873242703374], [128.92361989233865, 37.09210187060638], [128.9217762036301, 37.09143203017406], [128.9194766911049, 37.08901836161909], [128.9179437168192, 37.08583471969424], [128.91506275237518, 37.083712693424054], [128.9169540878644, 37.081016764218425], [128.9169301783035, 37.078695372529005], [128.91418835589673, 37.076030372460146], [128.91428945397953, 37.07501948158067], [128.91322795610142, 37.0730931662399], [128.91019266540556, 37.070222151106876], [128.91032076594294, 37.0683213485478], [128.90511560082132, 37.06597165039307], [128.90131885935136, 37.066789600694406], [128.8987592847767, 37.06665714460039], [128.89529230135616, 37.06363082615548], [128.89416297111273, 37.06346725739881], [128.89162330525096, 37.06203699531248], [128.88838887999583, 37.061685052904124], [128.88661783219288, 37.06248942820568], [128.8853847633821, 37.0645645536376], [128.8857014180724, 37.06594667320494], [128.88046919195892, 37.06898250214214], [128.87640600853948, 37.072024955744325], [128.8748225801423, 37.07547155157917], [128.87508405349618, 37.07748662570766], [128.8745364895365, 37.07859582694407], [128.87559832609415, 37.07846558397511], [128.88092020227387, 37.08056385243165], [128.88499854292897, 37.08403106639741], [128.88564625961754, 37.08935651788126], [128.8860495172001, 37.08961869730212], [128.88633993350447, 37.08933986731821], [128.88856072615118, 37.09170973122541], [128.88782840487983, 37.095455447830886], [128.88655154669988, 37.097256781081974], [128.8873478584047, 37.101873753207265], [128.88603187289127, 37.10273873197112], [128.88351216824933, 37.10298738505632], [128.88189992060012, 37.10412758521914], [128.87880398104093, 37.10447311391536], [128.87715026151787, 37.106686853552276], [128.87528310713532, 37.10818827989653], [128.87048457457993, 37.10796391035793], [128.868789209381, 37.10710574777645], [128.8676241245557, 37.10782991690853], [128.86716438934934, 37.10886336304405], [128.8681940437145, 37.10896511900027], [128.86943874062118, 37.10979294332061], [128.86931968929127, 37.112115552941354], [128.87027295790818, 37.1127548223682], [128.87046362650193, 37.113632482219046], [128.87237770298344, 37.11417126955882], [128.87444253594987, 37.113850651754035], [128.8761532158544, 37.11459361939244], [128.8775875447858, 37.11593273122648], [128.87759522288684, 37.116542980195966], [128.8784655762461, 37.116552851678385], [128.87919231401278, 37.11723843528019], [128.87962944874397, 37.118695517534924], [128.88309198209157, 37.11945875238602], [128.88320276630594, 37.12021320066716], [128.88446927928084, 37.12129700577448], [128.88632472897189, 37.12174246723245], [128.8875079878928, 37.12344975379097], [128.88924490154434, 37.12471126795838], [128.88863256690047, 37.1270535595529], [128.88901728418065, 37.12878283627221], [128.88803409154673, 37.1302232459121], [128.8880894452417, 37.131886936976535], [128.88724450106713, 37.13254871604657], [128.88762558944492, 37.132662450842], [128.8869234747496, 37.13632310582596], [128.88818208188718, 37.14106753901237], [128.8906785834329, 37.144120173993514], [128.8925102097289, 37.14470048441966], [128.89486795140894, 37.1466192323986], [128.8973788741687, 37.147174541526496], [128.9005052081444, 37.14706450626398], [128.90182172491077, 37.14777061427058], [128.9050059790591, 37.14838505675419], [128.90708386189704, 37.147866569400804], [128.9091743829168, 37.14792218089733], [128.91194112052978, 37.14925966469393], [128.91694809436328, 37.15791686133437], [128.91679820605958, 37.159392838941905], [128.9177513647915, 37.16232820562665], [128.91688609008483, 37.16638729750367], [128.91496743941013, 37.17100479748756], [128.9140411282497, 37.171270035284536], [128.9130997842791, 37.17267066748117], [128.91185288143427, 37.17726432427904], [128.9148559507707, 37.18078346238823], [128.9137729173507, 37.185024254046915], [128.91275454076998, 37.18611136704962], [128.9133311787083, 37.191103525752084], [128.91208310715925, 37.19348264150106], [128.91298534235997, 37.19483296084019], [128.91150570459465, 37.19689373453856], [128.91174406997715, 37.19805685090627], [128.9155494361127, 37.204615118259596], [128.91608088395316, 37.20668959987984], [128.91550911552665, 37.210208158530655], [128.91607289832098, 37.21184742088613], [128.91165182266755, 37.21321780922629], [128.91098064392926, 37.215148413799064], [128.9078540184433, 37.21661631380883], [128.9100457962988, 37.21773698534687], [128.91084673214124, 37.219778420806975], [128.91707053542723, 37.225531249304595], [128.9176206322489, 37.234774074886744], [128.9183235196961, 37.23555577255228], [128.91845171673066, 37.236682923032056], [128.91811093424752, 37.24005049507672], [128.92270483398724, 37.24164496094094], [128.92389027826357, 37.242745647385284], [128.92960498672065, 37.24071859172123], [128.9317627198727, 37.24257644583516], [128.93264874607877, 37.24424751890294], [128.93537996028928, 37.24536087598749], [128.93480510292937, 37.24638884467114], [128.93459689250432, 37.249872249591476], [128.93321403286424, 37.25314650492274], [128.9333560767922, 37.25451581173525], [128.93499117505368, 37.257182238780146], [128.9322048936675, 37.25722574304074], [128.93108625309344, 37.25886785218511], [128.93101077991213, 37.26250815550985], [128.92971250861905, 37.26332575423429], [128.92896107111707, 37.26497988162663], [128.92903822122625, 37.26760503102918], [128.92787091823976, 37.26852070809949], [128.92755352108333, 37.27011032335386], [128.92516216823992, 37.27172494563843], [128.9243610351346, 37.272955023121725], [128.92617980101744, 37.27414194630093], [128.92845514589183, 37.27376483981939], [128.9304968556091, 37.27449030043113], [128.93396471805886, 37.273122357206695], [128.936576839377, 37.27412415184458], [128.93733090140438, 37.27666106807083], [128.94104470254473, 37.27937276488312], [128.9413881623956, 37.28105884900987], [128.93959314398938, 37.28389088279831], [128.94063994836762, 37.28585457840813], [128.94162016409638, 37.28632076664946], [128.94154335814505, 37.28888675976429], [128.9448768956367, 37.29000490526802], [128.94575605572945, 37.289731739055654], [128.94644680386767, 37.29022882792152], [128.9449370526252, 37.293917730490705], [128.942608485326, 37.29664512006544], [128.94231301449042, 37.297653332470354], [128.94360514652573, 37.300348034711256], [128.94328431230764, 37.30553624182209], [128.94482467646472, 37.3067082903659], [128.9485160863689, 37.30808591776893], [128.9509738848965, 37.30779263594882], [128.9529397839719, 37.31123990785516], [128.95339844474637, 37.313206693040314], [128.95401905468427, 37.31344841897732], [128.95377743308885, 37.314259264221874], [128.9560591451646, 37.3164693036094], [128.95697432794614, 37.31811997272575], [128.95799774014827, 37.32231159893841], [128.96086412257222, 37.324514119590894], [128.9622181577227, 37.32654823415534], [128.963100631396, 37.32698517015591], [128.96384772068652, 37.32925088673842], [128.96616603408114, 37.33025152338063], [128.96615677247246, 37.33082993008678], [128.96777566256804, 37.331937577558975], [128.9687486491045, 37.33342164993411], [128.96875495305662, 37.33586631256393], [128.96932164554065, 37.33691036111114], [128.970080357399, 37.33658439236954], [128.9710279368303, 37.334418604865704], [128.9781079635066, 37.33641250518338], [128.98199444703164, 37.336184488103655], [128.98498612457843, 37.33539619598787], [128.9879296992344, 37.335715025184236], [128.98925879049693, 37.335282521021085], [128.9903268463388, 37.33412382262227], [128.99159610207576, 37.335487299826845], [128.99299350261813, 37.33597334059552], [128.99528959949023, 37.33603149052578], [128.9993246800525, 37.33850106875862], [128.9992885193098, 37.339997420501184], [129.0013264080118, 37.341043743036195], [129.00236404826467, 37.343738679713546], [129.0074469157607, 37.34559283890089], [129.00830843415048, 37.345542192633964], [129.01000681067055, 37.342649977985], [129.00943061464426, 37.341152484478044], [129.00983162207802, 37.340084328185775], [129.0142841562398, 37.338392691919694], [129.01403355308253, 37.33768273317721], [129.01266982012197, 37.33702378744133]]]}}, {"type": "Feature", "properties": {"code": "32060", "name": "속초시"}, "geometry": {"type": "MultiPolygon", "coordinates": [[[[128.61392850786194, 38.19871821833076], [128.61464853536032, 38.19837138651522], [128.61427497222815, 38.19733828577438], [128.61251408330077, 38.19810065314357], [128.61254015754554, 38.1984408181425], [128.61392850786194, 38.19871821833076]]], [[[128.59840573497127, 38.206931170739296], [128.60015238634023, 38.2061998664503], [128.59951443679958, 38.206076255466236], [128.5997801221652, 38.205444172366214], [128.59566161336835, 38.205805088261606], [128.5949736500072, 38.20300233148449], [128.59529681973103, 38.202407721783835], [128.59587507948004, 38.202703755997874], [128.5959803033002, 38.20230406685747], [128.59328475222654, 38.20152457455887], [128.5929875643438, 38.20366869086558], [128.59614381816033, 38.20689420153162], [128.59840573497127, 38.206931170739296]]], [[[128.60318588581433, 38.212945002613665], [128.60312800465934, 38.2127079531651], [128.60299216637725, 38.2127677096823], [128.60318588581433, 38.212945002613665]]], [[[128.5954694435656, 38.22857657871859], [128.59534450610786, 38.22835109800261], [128.5952727917988, 38.22843388606157], [128.5954694435656, 38.22857657871859]]], [[[128.5932661442672, 38.22858883011967], [128.59374176047862, 38.228521910281906], [128.5935501916689, 38.228254314678956], [128.5932661442672, 38.22858883011967]]], [[[128.5849054363577, 38.23075133858103], [128.58691934004466, 38.22918256792418], [128.586684883503, 38.22848802115314], [128.58738682880966, 38.227329561398705], [128.5881759965569, 38.227008389583], [128.59002721314278, 38.22733095744517], [128.5919010065718, 38.22480358178145], [128.59156964410838, 38.224641178979624], [128.58988350584033, 38.2270467740119], [128.58867610716365, 38.22684326309698], [128.58954889258257, 38.22469179681867], [128.59085186797444, 38.22477740938463], [128.58974197719778, 38.22415440744808], [128.59042604255137, 38.22252871681234], [128.59111986048015, 38.22206635765551], [128.59209847242062, 38.22249062985876], [128.59027066061307, 38.22114507407097], [128.5927284980262, 38.2221578315639], [128.5922046682684, 38.22346403204764], [128.59255656236942, 38.22357699229538], [128.59307123432995, 38.22219586548988], [128.59401422662708, 38.22171222675398], [128.59272717790992, 38.2219651167889], [128.59231040886036, 38.220367347511434], [128.5941056679271, 38.21848451926401], [128.595492140356, 38.21868516676565], [128.59537245835133, 38.21947237590651], [128.5962840848788, 38.21916477069738], [128.5967828727822, 38.21800402045488], [128.59645179741037, 38.21858922789755], [128.59582005807187, 38.218482163514466], [128.59546408399402, 38.217362841559044], [128.59716121943282, 38.215398817360025], [128.5986195125427, 38.21457174915251], [128.59950163159021, 38.215057982329284], [128.60042032511012, 38.21480423307708], [128.60106973892363, 38.213703668401656], [128.60205884656764, 38.21465228658994], [128.60231360299295, 38.21331012821825], [128.6014100724394, 38.21276481680613], [128.60180896695636, 38.21208651170249], [128.60224170777192, 38.21215138313196], [128.6019275780557, 38.211278101708636], [128.60308672473215, 38.20740566767686], [128.60271204748284, 38.205516075452465], [128.603560265835, 38.20345235756339], [128.60289778645594, 38.20331276805563], [128.60219396337018, 38.20534266552694], [128.60279768898906, 38.20741691433238], [128.60181536802315, 38.21028128853638], [128.6010139682726, 38.21033212242354], [128.60138629111094, 38.21133633560506], [128.6002477291636, 38.21136538346361], [128.60058501200555, 38.210589115220294], [128.59450785520212, 38.210673001558234], [128.59449801092478, 38.20690783422659], [128.59221182851726, 38.203992329196744], [128.5923256628372, 38.20139689123706], [128.5903119690375, 38.20123522467123], [128.58584547162647, 38.2001848096299], [128.58580058982488, 38.200015085089], [128.58456675311726, 38.19968985932147], [128.5835333462005, 38.19941259565311], [128.5834989836454, 38.19940282453923], [128.58348601103324, 38.19939533616122], [128.58434321773092, 38.198550237638436], [128.58292955060793, 38.19726664187535], [128.58306183715055, 38.194557156891904], [128.58198218913486, 38.19411029265136], [128.58222384037958, 38.192875777573555], [128.58325598031112, 38.19279870301884], [128.5833564651047, 38.19208220726981], [128.59056085383895, 38.192399352534444], [128.591728369529, 38.192299830332324], [128.59173280547995, 38.19154892911677], [128.59349539296102, 38.19155317787912], [128.59341897938936, 38.20059426382616], [128.5951089873479, 38.201036139428574], [128.59701899758556, 38.200894468728045], [128.59774818771245, 38.201293046206956], [128.59775216683175, 38.20193340580929], [128.59803619112398, 38.201332854238025], [128.6007531556331, 38.20213110077939], [128.60071903828128, 38.20181209340104], [128.59711194464492, 38.20071521986563], [128.59774027410978, 38.19788720341284], [128.6028675813558, 38.19238959885122], [128.60367378602714, 38.19210339040932], [128.6048749531891, 38.19272018083927], [128.60447108444683, 38.19311251068181], [128.60493438083518, 38.19308967439013], [128.60543972848504, 38.19228886639418], [128.604922530569, 38.19263719929843], [128.60379510323125, 38.19202823170743], [128.6039191055598, 38.19102513180609], [128.6095139472586, 38.183336563609714], [128.61067121619078, 38.18303425511492], [128.61165580000352, 38.18190262066278], [128.61420307043352, 38.18156620755612], [128.6148183046504, 38.18106251838458], [128.61446298908794, 38.18123286445382], [128.61466193690356, 38.18044563159466], [128.61411618764515, 38.17987448734062], [128.61099799219343, 38.17898678368926], [128.61074421013635, 38.17789426375819], [128.61066677328, 38.17908882550763], [128.60963257998023, 38.179309075210426], [128.60930135774055, 38.17864753556979], [128.6095920454609, 38.17700020582996], [128.610867118251, 38.176888751763435], [128.61067851699266, 38.1733445724903], [128.61142235837045, 38.17050211674413], [128.61208430174548, 38.16992761196087], [128.61160937140895, 38.16969742134853], [128.61116556704587, 38.17037587937038], [128.61046823406872, 38.17364520863829], [128.60799680825173, 38.17365740741762], [128.60713885326737, 38.17448140084336], [128.6061184358908, 38.17386996697778], [128.60647376461853, 38.17316307022466], [128.60778605606123, 38.172869841506085], [128.60780476810953, 38.17153423492244], [128.6091147871853, 38.1716699465649], [128.60911999942266, 38.17031208257427], [128.60892275020242, 38.17136905289868], [128.6077980257503, 38.17133408723524], [128.6084704435997, 38.1688837871005], [128.60981929431387, 38.169404165230105], [128.6103347942919, 38.17012907387008], [128.61004651803103, 38.169232677512355], [128.6079150956385, 38.16833389953069], [128.6090580162075, 38.16389819353412], [128.6102945094193, 38.163791628084404], [128.6106241261721, 38.16260149031754], [128.60999778041554, 38.16354688585295], [128.6092616804677, 38.163597575219654], [128.60913588141594, 38.16283403296374], [128.60969395798892, 38.162741779780845], [128.60925193047441, 38.16259395006538], [128.60916328568857, 38.16134677312794], [128.60602145801238, 38.15951577447415], [128.60340350610292, 38.158948833783555], [128.6001415811972, 38.15994700589353], [128.5970031784737, 38.15988948701426], [128.59364896085353, 38.160989484238605], [128.59020329163113, 38.160587458362535], [128.58406135726102, 38.16162046817269], [128.57271848392062, 38.16097389742142], [128.5698450823113, 38.16189073919634], [128.5704101798954, 38.15984523715687], [128.56991130023798, 38.15592967605193], [128.57049779157887, 38.15521527097362], [128.57029681315262, 38.15433928540384], [128.56971183656412, 38.153808097485026], [128.56734977083931, 38.153446357355136], [128.56632096311128, 38.152414289534015], [128.5634418890405, 38.151173166268364], [128.56315175219396, 38.150306888690345], [128.56136056619243, 38.14894427711292], [128.55984575686034, 38.148341419759895], [128.55675413705183, 38.148906845066016], [128.55258462254457, 38.14852425103751], [128.5516851150841, 38.14931330682007], [128.5504371731233, 38.14941511731723], [128.54887093776279, 38.149054344829516], [128.54586628273816, 38.14925991550688], [128.5428904055819, 38.148277477775615], [128.53970723697577, 38.14941144295693], [128.5377133718527, 38.149489623650226], [128.53506028489542, 38.14855141937275], [128.53545444215558, 38.1450401059198], [128.5317117458174, 38.14243572313526], [128.5298690041846, 38.13608542740076], [128.52752419403546, 38.13646819080649], [128.52542772567426, 38.13744466917515], [128.52507330404507, 38.138164284592555], [128.52295408392695, 38.13803862420171], [128.52036103040484, 38.13676429332426], [128.51588459460723, 38.135531953204], [128.51411584306686, 38.136109030582496], [128.50880620726437, 38.13653196042169], [128.50442625365687, 38.13617203878632], [128.501273933557, 38.1351259978536], [128.49927755451114, 38.13498991562431], [128.49736801129637, 38.136143352399515], [128.49394289447994, 38.13594736675719], [128.49129307452773, 38.13649076816556], [128.48856016211283, 38.13493098883023], [128.4879631183962, 38.13389160613364], [128.48596913745413, 38.13266663900055], [128.48128503918144, 38.13067720344881], [128.47830149345168, 38.12838639677399], [128.4773293901955, 38.12648011388809], [128.47204484341194, 38.12302161362987], [128.46825014434447, 38.11960873644852], [128.46693086393842, 38.118953152184595], [128.46485678484157, 38.119213064409614], [128.46582049056687, 38.121311491017515], [128.4654728553914, 38.12640411721598], [128.46424187006963, 38.128668999310165], [128.46600742764466, 38.131595808420414], [128.46599811035554, 38.13351892607345], [128.46454863602858, 38.135270247958395], [128.46596121944606, 38.13691578918469], [128.46278372409304, 38.13895408640945], [128.45911906071575, 38.1402362962358], [128.45880223508354, 38.14095554570416], [128.45585227081048, 38.14224595444325], [128.45351649197818, 38.14458576404653], [128.45203137746628, 38.1446713937983], [128.4491867461876, 38.14746303713579], [128.4430627852511, 38.14959788794768], [128.44194109081545, 38.15203459840348], [128.43792153875907, 38.15486880870866], [128.43848143487384, 38.15665770141042], [128.4381564990637, 38.15888503862288], [128.4374847323451, 38.1595905594742], [128.43903025315942, 38.16258352207569], [128.4356677502786, 38.164373088053075], [128.4349319443616, 38.16587294889592], [128.43377351149113, 38.16631693846454], [128.43318716052556, 38.16860545335536], [128.42964529624888, 38.170873904643024], [128.42798983474458, 38.17145085692372], [128.42756747910144, 38.17266843736727], [128.42582001260396, 38.17324844262591], [128.4241253680196, 38.17460193572997], [128.42350312082786, 38.175723123586046], [128.42114037236826, 38.17668829831937], [128.42181794124846, 38.17777206576339], [128.42232504838896, 38.18151676691329], [128.42447840600857, 38.18310936407713], [128.42442686624415, 38.184768627639684], [128.42496072913252, 38.185755320458526], [128.42607827916, 38.18629240448302], [128.42650593454874, 38.18914873873285], [128.42843949991186, 38.18928968420127], [128.4296095535037, 38.1900957466829], [128.43176345284553, 38.19015143743668], [128.43481220987852, 38.191015925581944], [128.43633256783608, 38.19225936344505], [128.4384484059119, 38.19256368535105], [128.43862962800821, 38.196103687489625], [128.44074822050598, 38.19967737209797], [128.44141088900264, 38.20312924194644], [128.44236085641506, 38.203754068048156], [128.44593587455356, 38.203202027686366], [128.4489541667655, 38.20056343913235], [128.45199119452275, 38.199007230623515], [128.4576850588728, 38.19753991417351], [128.4599052321974, 38.19778653101401], [128.4628833930677, 38.196953956162126], [128.46450486725254, 38.197643125528074], [128.46515161427752, 38.19743328178813], [128.46663249605297, 38.19861586642466], [128.47473715771966, 38.19371344487513], [128.47711436578643, 38.19280218466901], [128.47628254527143, 38.19092767299026], [128.47720472021598, 38.18888619260641], [128.4780418095888, 38.188264183558566], [128.48112108229148, 38.187331420644504], [128.48269386221546, 38.18804196549974], [128.48455033493912, 38.18797187721913], [128.48594190264077, 38.18852067245164], [128.48660061075032, 38.189500429456125], [128.48849796135426, 38.19075472887538], [128.49030406431825, 38.19398773756103], [128.4920961612002, 38.19570415097885], [128.49327541081945, 38.19626342585531], [128.49528791493358, 38.1959760512498], [128.4966972267554, 38.19754298046334], [128.4977607031971, 38.19793170350988], [128.49923708275318, 38.20221090879947], [128.50142375123343, 38.20326368243444], [128.50684552591022, 38.20390227072903], [128.51067233659015, 38.205835492511866], [128.5124530814251, 38.207459118792556], [128.51399263476688, 38.20774181779091], [128.51502589348075, 38.20686464830971], [128.51908913856894, 38.207636701775726], [128.5220588065512, 38.207550171696944], [128.52920687563667, 38.21126186326579], [128.5305259718055, 38.21254410922784], [128.5305838021246, 38.21361870607492], [128.53369575185744, 38.21581269876301], [128.53620685332723, 38.21636880284464], [128.53759901817492, 38.21736513042424], [128.53849302075807, 38.21712824910499], [128.541093723177, 38.21752765303979], [128.5452594592928, 38.216462968513305], [128.54997203769102, 38.21800593592678], [128.55249980127306, 38.21747095612007], [128.55384115467706, 38.21811520129058], [128.555041557398, 38.21786915592834], [128.55642215586195, 38.21877757809011], [128.55677892811588, 38.21963030918496], [128.5595391478948, 38.21983867374242], [128.56123087620534, 38.22095227424035], [128.56732654128848, 38.22006719523327], [128.57023148017217, 38.22132609098387], [128.5735592325332, 38.22153547371109], [128.57891917970446, 38.22463368031381], [128.57924069606366, 38.226209304122115], [128.58032021367092, 38.22753191965201], [128.58222556658447, 38.228029307150535], [128.5825699425804, 38.229084803182936], [128.58444295949076, 38.22871330480868], [128.5849054363577, 38.23075133858103]]]]}}, {"type": "Feature", "properties": {"code": "32070", "name": "삼척시"}, "geometry": {"type": "MultiPolygon", "coordinates": [[[[129.36380573841365, 37.14839084789671], [129.36376014989654, 37.148310685039945], [129.3637433496336, 37.14835447440814], [129.36380573841365, 37.14839084789671]]], [[[129.36409487344454, 37.14861258353369], [129.36449975695078, 37.1486107995433], [129.36437776549994, 37.14852041625782], [129.36409487344454, 37.14861258353369]]], [[[129.34537717767626, 37.17220988667737], [129.34527682322218, 37.17210421727548], [129.34521265080087, 37.17215648314426], [129.34537717767626, 37.17220988667737]]], [[[129.3451003944813, 37.17223141820209], [129.34490267924133, 37.17218369826498], [129.3448831319956, 37.17221817508805], [129.3451003944813, 37.17223141820209]]], [[[129.34542326424085, 37.1723908659533], [129.34535622802326, 37.17223346720339], [129.34520237430107, 37.172248242165395], [129.34542326424085, 37.1723908659533]]], [[[129.34470636212183, 37.172666331724876], [129.34456017470325, 37.17258530198371], [129.34454750759906, 37.17259777298818], [129.34470636212183, 37.172666331724876]]], [[[129.3656716121125, 37.16515935218588], [129.3654484299739, 37.17050584971568], [129.3578695345104, 37.17940354344084], [129.3656527046167, 37.17055856476138], [129.3656716121125, 37.16515935218588]]], [[[129.34310792521384, 37.197293597481526], [129.34331637151035, 37.19735868158226], [129.34334085894972, 37.197318963802665], [129.34310792521384, 37.197293597481526]]], [[[129.34423251292267, 37.198887804203544], [129.34405917237157, 37.19884064070378], [129.34406280541913, 37.198896136694145], [129.34423251292267, 37.198887804203544]]], [[[129.34444243373312, 37.19932600283151], [129.34453682627407, 37.19907848164873], [129.34410479338214, 37.19911388789311], [129.34444243373312, 37.19932600283151]]], [[[129.34425427371986, 37.1993142971957], [129.3441083822577, 37.19935851039518], [129.34425540274245, 37.19936439381038], [129.34425427371986, 37.1993142971957]]], [[[129.34595007304745, 37.20176209708749], [129.34561492996528, 37.20165684293119], [129.3456358783476, 37.201729855844434], [129.34595007304745, 37.20176209708749]]], [[[129.34810756736857, 37.21038771379266], [129.34841358480887, 37.21034248232509], [129.3481006846427, 37.210183285664385], [129.34810756736857, 37.21038771379266]]], [[[129.34762656229256, 37.2120836317266], [129.347551529534, 37.21208286019542], [129.34754769519097, 37.21213161908062], [129.34762656229256, 37.2120836317266]]], [[[129.34697541022342, 37.2128211809647], [129.3467707468169, 37.21275863528167], [129.34693864013946, 37.21288843506345], [129.34697541022342, 37.2128211809647]]], [[[129.3472831214309, 37.21301699582069], [129.34718769944234, 37.21295298633675], [129.34726022645626, 37.21304809577469], [129.3472831214309, 37.21301699582069]]], [[[129.34678459018517, 37.213014069384606], [129.34672371225787, 37.213103324808515], [129.34677546686953, 37.21313257454857], [129.34678459018517, 37.213014069384606]]], [[[129.3464477221566, 37.21382092175569], [129.346368454839, 37.21374978291807], [129.34635711555163, 37.21381504141755], [129.3464477221566, 37.21382092175569]]], [[[129.34655198002997, 37.21413890190848], [129.34648228150778, 37.2141526139831], [129.346559697392, 37.214193365091], [129.34655198002997, 37.21413890190848]]], [[[129.34631760657365, 37.214152896145016], [129.34623254263877, 37.214099712849], [129.3462749355894, 37.21421819433188], [129.34631760657365, 37.214152896145016]]], [[[129.3463674209708, 37.214408143403126], [129.34625483640957, 37.21437576367009], [129.34629346818195, 37.214447193695335], [129.3463674209708, 37.214408143403126]]], [[[129.346687827233, 37.2146539127637], [129.3465315523999, 37.214552550872746], [129.3466280060421, 37.214678686454334], [129.346687827233, 37.2146539127637]]], [[[129.34656025183705, 37.214927752841106], [129.34662720441935, 37.214880332277346], [129.346568847165, 37.21488103506531], [129.34656025183705, 37.214927752841106]]], [[[129.34519576797422, 37.21577643263644], [129.34516605675233, 37.21571654478913], [129.34511496732526, 37.215781722290416], [129.34519576797422, 37.21577643263644]]], [[[129.34442989757153, 37.218386797428025], [129.34436410073596, 37.21835238028066], [129.34436416615648, 37.21842086777391], [129.34442989757153, 37.218386797428025]]], [[[129.34393750641794, 37.21956826619279], [129.3441925890837, 37.219557529322906], [129.3440821148162, 37.21938869834598], [129.34393750641794, 37.21956826619279]]], [[[129.34368870412928, 37.21991630276509], [129.344015867047, 37.21978361064628], [129.34386763267023, 37.21966512287561], [129.34368870412928, 37.21991630276509]]], [[[129.34207551876938, 37.22096778786264], [129.34192861436853, 37.22099745064756], [129.34206725933936, 37.221062871950984], [129.34207551876938, 37.22096778786264]]], [[[129.3423819817973, 37.22125797351514], [129.34248112945568, 37.221064351048526], [129.34230225119856, 37.22107152641968], [129.3423819817973, 37.22125797351514]]], [[[129.3520030795512, 37.23242150414984], [129.35191393202084, 37.23239491933697], [129.3519489289356, 37.232457077562714], [129.3520030795512, 37.23242150414984]]], [[[129.35182943609192, 37.232447611313916], [129.35173383196323, 37.23248699923081], [129.35183789117227, 37.23247272482208], [129.35182943609192, 37.232447611313916]]], [[[129.353992802676, 37.23740797816577], [129.35386091082486, 37.237327547739426], [129.35388487487708, 37.23739127145073], [129.353992802676, 37.23740797816577]]], [[[129.34989911246115, 37.243254566013945], [129.34983095441802, 37.2432851317791], [129.34991059533857, 37.24330066544564], [129.34989911246115, 37.243254566013945]]], [[[129.34960380098119, 37.243103121348774], [129.34928765167896, 37.243099681460286], [129.34954387280305, 37.24332896017905], [129.34960380098119, 37.243103121348774]]], [[[129.3487199085996, 37.24399302421204], [129.34862373136045, 37.243960149615035], [129.3486555591151, 37.24401862236504], [129.3487199085996, 37.24399302421204]]], [[[129.34914711109133, 37.2466666838878], [129.34891010328948, 37.24667080782722], [129.34906569069653, 37.24675459387473], [129.34914711109133, 37.2466666838878]]], [[[129.34908999245783, 37.24760069155721], [129.34897565963823, 37.24754218916577], [129.34906572480503, 37.24766617900431], [129.34908999245783, 37.24760069155721]]], [[[129.34858633521446, 37.24797781737177], [129.3484741938095, 37.247881016493956], [129.34852211202346, 37.24800719977525], [129.34858633521446, 37.24797781737177]]], [[[129.3486575484246, 37.24812015272751], [129.34899642583315, 37.24801256113488], [129.348658518465, 37.247865877875356], [129.3486575484246, 37.24812015272751]]], [[[129.34916213580976, 37.24818840590137], [129.3488933638892, 37.24829133392214], [129.3490917777573, 37.24842720818006], [129.34916213580976, 37.24818840590137]]], [[[129.34233127943236, 37.25310406051121], [129.34207308682687, 37.253064532727336], [129.34208823900144, 37.25312521795925], [129.34233127943236, 37.25310406051121]]], [[[129.34219376199883, 37.25346300808878], [129.3420089927332, 37.2534103720522], [129.34211198570617, 37.25353072486169], [129.34219376199883, 37.25346300808878]]], [[[129.34111402942224, 37.25410484541726], [129.3409281561053, 37.25413051987076], [129.34118942528107, 37.25417661944548], [129.34111402942224, 37.25410484541726]]], [[[129.341163440473, 37.25468839477237], [129.34150041697103, 37.25454239090939], [129.34086377552708, 37.254376958305116], [129.341163440473, 37.25468839477237]]], [[[129.34086917435997, 37.255266830292925], [129.34156956155408, 37.25523469582258], [129.34048353908682, 37.25514681953183], [129.34086917435997, 37.255266830292925]]], [[[129.3401904509612, 37.255395267937686], [129.34017966246824, 37.25517198973647], [129.33991694191272, 37.25523458762976], [129.3401904509612, 37.255395267937686]]], [[[129.3390346441116, 37.25552648442578], [129.3387815964658, 37.25548950855093], [129.33900332226446, 37.25556495817622], [129.3390346441116, 37.25552648442578]]], [[[129.3382765754546, 37.25576430279924], [129.33815264774094, 37.25585222025706], [129.33828771879234, 37.25582863967496], [129.3382765754546, 37.25576430279924]]], [[[129.33758388064325, 37.25599645085015], [129.3377378220294, 37.25591447788013], [129.337597858914, 37.25589516080395], [129.33758388064325, 37.25599645085015]]], [[[129.33851010850407, 37.25607974997302], [129.3387367024114, 37.25597837827162], [129.3384890773442, 37.255937342910705], [129.33851010850407, 37.25607974997302]]], [[[129.3375531554784, 37.25629502497715], [129.33737621593747, 37.25625308907886], [129.33754871854222, 37.25636198408021], [129.3375531554784, 37.25629502497715]]], [[[129.33674336623594, 37.25769200446305], [129.33646199488516, 37.257406346127496], [129.33584360592363, 37.25753882323358], [129.33623554167872, 37.25789849508741], [129.33674336623594, 37.25769200446305]]], [[[129.33467953930193, 37.260103222983076], [129.3349529007228, 37.259936906514774], [129.33449834105346, 37.25999137631257], [129.33467953930193, 37.260103222983076]]], [[[129.33336752296455, 37.260570394803096], [129.3332369078228, 37.26047428670478], [129.3331512193895, 37.26056350481574], [129.33336752296455, 37.260570394803096]]], [[[129.33451937006046, 37.26056608970095], [129.33429462064075, 37.26026719218944], [129.33376897634696, 37.260296995080616], [129.33393478797325, 37.26044690975838], [129.33451937006046, 37.26056608970095]]], [[[129.33420153518907, 37.26055800296701], [129.3343526931154, 37.260822227994154], [129.3345160676326, 37.26086220735977], [129.33453738907167, 37.26076119503078], [129.33420153518907, 37.26055800296701]]], [[[129.33381159140725, 37.26074515008224], [129.33356045763324, 37.26035470786372], [129.3336977689652, 37.2609955025008], [129.33381159140725, 37.26074515008224]]], [[[129.3333799460216, 37.26089868969658], [129.332785359131, 37.26074676778568], [129.333335693896, 37.26117780905035], [129.3333799460216, 37.26089868969658]]], [[[129.33298328989807, 37.26112642894596], [129.33257429271546, 37.26099469718409], [129.33297198898728, 37.261425988985216], [129.33298328989807, 37.26112642894596]]], [[[129.33190201817132, 37.26139231815889], [129.3321919611015, 37.261237608565516], [129.33185397838832, 37.2612854994491], [129.33190201817132, 37.26139231815889]]], [[[129.33150748514294, 37.261709581561576], [129.33137786102333, 37.261643762496455], [129.33136210231257, 37.26171624024747], [129.33150748514294, 37.261709581561576]]], [[[129.33138678940074, 37.26185954196514], [129.33166575279125, 37.26186465879952], [129.33139318762863, 37.26180949948544], [129.33138678940074, 37.26185954196514]]], [[[129.3294700927726, 37.26714132694868], [129.32933311026815, 37.26701305096405], [129.32921798011287, 37.26706520291873], [129.3294700927726, 37.26714132694868]]], [[[129.32895231474834, 37.2675824201488], [129.3286994476776, 37.267527735488144], [129.32867620199698, 37.26755117370971], [129.32895231474834, 37.2675824201488]]], [[[129.32908512152503, 37.26759747578736], [129.32928107405942, 37.267431467209235], [129.3290015986835, 37.26747217660417], [129.32908512152503, 37.26759747578736]]], [[[129.32869151567436, 37.26773361094451], [129.32886811253152, 37.267668901194604], [129.3286277206148, 37.26763112086019], [129.32869151567436, 37.26773361094451]]], [[[129.32897412564205, 37.26778605684822], [129.3288767176372, 37.26776019752358], [129.32881967326827, 37.26778675644831], [129.32897412564205, 37.26778605684822]]], [[[129.32901618026918, 37.26789036983095], [129.32897387506648, 37.26783219176198], [129.32891860167533, 37.267876856188984], [129.32901618026918, 37.26789036983095]]], [[[129.3287294961086, 37.26786783192611], [129.32854724771386, 37.26788014012904], [129.32874732278123, 37.2679229238146], [129.3287294961086, 37.26786783192611]]], [[[129.32860455515856, 37.26903006478371], [129.3285282270215, 37.26897747563376], [129.32844774022578, 37.269084020923025], [129.32860455515856, 37.26903006478371]]], [[[129.3284812173763, 37.26939388597071], [129.32838102948907, 37.26935127479262], [129.32838860117332, 37.26938125691041], [129.3284812173763, 37.26939388597071]]], [[[129.32832314325088, 37.269547860949025], [129.32826808070212, 37.26951197276772], [129.32823470933374, 37.26953801610054], [129.32832314325088, 37.269547860949025]]], [[[129.32866696707958, 37.269512126176146], [129.32851902456596, 37.26948064112767], [129.32836222540328, 37.26959091239664], [129.32866696707958, 37.269512126176146]]], [[[129.32867257934495, 37.26989496287895], [129.3286194458577, 37.269836182333535], [129.3285458136447, 37.26991162320606], [129.32867257934495, 37.26989496287895]]], [[[129.32870686647212, 37.2699763214237], [129.32866790809976, 37.269935792664924], [129.32866354495835, 37.26996959312677], [129.32870686647212, 37.2699763214237]]], [[[129.32929213376582, 37.271248946204004], [129.3290668061836, 37.271052062169254], [129.3290095357171, 37.27112343804351], [129.32929213376582, 37.271248946204004]]], [[[129.32945437849986, 37.27223125024996], [129.32940619143858, 37.27216930405878], [129.32935258095148, 37.27223423706104], [129.32945437849986, 37.27223125024996]]], [[[129.329518191179, 37.272696638105614], [129.32940034689145, 37.27266561095748], [129.32940910581928, 37.272734965882194], [129.329518191179, 37.272696638105614]]], [[[129.32847544323658, 37.273255115611256], [129.32838548095944, 37.27323239004757], [129.3284427118855, 37.273273226884776], [129.32847544323658, 37.273255115611256]]], [[[129.3284390815144, 37.27370942934939], [129.32838127775773, 37.2736921995243], [129.32840823401568, 37.27371996781304], [129.3284390815144, 37.27370942934939]]], [[[129.32834932026614, 37.273732564885854], [129.32830013060106, 37.27372540350111], [129.32832787189798, 37.27375289650695], [129.32834932026614, 37.273732564885854]]], [[[129.32870999809046, 37.273992589581965], [129.3284579899435, 37.27398734904446], [129.32862631815962, 37.27406328822154], [129.32870999809046, 37.273992589581965]]], [[[129.33189216201163, 37.27409661645183], [129.33146431772838, 37.27410637404761], [129.33138714442677, 37.274197414886345], [129.33166157281582, 37.2742984621403], [129.33189216201163, 37.27409661645183]]], [[[129.32777293410768, 37.27508301407525], [129.3277449400147, 37.27502344297038], [129.32771995163478, 37.27505919413988], [129.32777293410768, 37.27508301407525]]], [[[129.32762824008805, 37.275205326895204], [129.3275731794821, 37.27517042713572], [129.327558613327, 37.27519191322399], [129.32762824008805, 37.275205326895204]]], [[[129.32785609477523, 37.275305339341735], [129.32777611617158, 37.27532268046228], [129.32784236968752, 37.27536439575201], [129.32785609477523, 37.275305339341735]]], [[[129.3273635532896, 37.280295200149624], [129.32733078710964, 37.280253660648796], [129.32728194881994, 37.2802765934189], [129.3273635532896, 37.280295200149624]]], [[[129.3269740105386, 37.28048675448967], [129.32687710608442, 37.28042458072645], [129.32683412739954, 37.280499033584796], [129.3269740105386, 37.28048675448967]]], [[[129.32654158051093, 37.280488308876436], [129.32635070103774, 37.280441259341984], [129.32645533248976, 37.28051711102975], [129.32654158051093, 37.280488308876436]]], [[[129.3260315653334, 37.28059225341942], [129.32594843652274, 37.2805341852376], [129.32593855661125, 37.28059656276628], [129.3260315653334, 37.28059225341942]]], [[[129.32754809929273, 37.28044421359559], [129.32723872270938, 37.28034961000042], [129.32727594931515, 37.280591731057555], [129.32754809929273, 37.28044421359559]]], [[[129.32898409680004, 37.280804656679926], [129.32883715712416, 37.2807757822547], [129.32889711546008, 37.28087247559455], [129.32898409680004, 37.280804656679926]]], [[[129.3283635693952, 37.280880624914865], [129.3282046387089, 37.28079132320063], [129.32826694586853, 37.28088359586914], [129.3283635693952, 37.280880624914865]]], [[[129.3285462046503, 37.280886596691914], [129.32841438295614, 37.28070766347591], [129.3284304208186, 37.28086507422842], [129.3285462046503, 37.280886596691914]]], [[[129.32867776034112, 37.280837945247306], [129.32860907279508, 37.28083462196738], [129.3286555696227, 37.280895582332306], [129.32867776034112, 37.280837945247306]]], [[[129.32710496585477, 37.28166900246013], [129.32694998799423, 37.281580948496256], [129.3269117540809, 37.281631244200256], [129.32710496585477, 37.28166900246013]]], [[[129.3251543161775, 37.28172483437574], [129.32498084819565, 37.281741802215116], [129.32509863191194, 37.281781754460425], [129.3251543161775, 37.28172483437574]]], [[[129.32242253848383, 37.282038751349766], [129.32234401944905, 37.281977783233245], [129.32237146210988, 37.28206645910488], [129.32242253848383, 37.282038751349766]]], [[[129.32207032797328, 37.28205277327182], [129.3219997059296, 37.281992325038104], [129.32200284662164, 37.28209431391591], [129.32207032797328, 37.28205277327182]]], [[[129.32269735227538, 37.28206818504646], [129.32262931365165, 37.282058369023645], [129.32264749062324, 37.28208985547874], [129.32269735227538, 37.28206818504646]]], [[[129.32194673312108, 37.28205112704527], [129.32184460134164, 37.282005360780104], [129.321877177602, 37.28210853139489], [129.32194673312108, 37.28205112704527]]], [[[129.32160193376805, 37.28219028401197], [129.32155648694305, 37.28216238425783], [129.32155652595745, 37.282198155364355], [129.32160193376805, 37.28219028401197]]], [[[129.32183489708754, 37.28221568991123], [129.32167224587155, 37.28212485761967], [129.321812938455, 37.28224927069781], [129.32183489708754, 37.28221568991123]]], [[[129.3210941034599, 37.28225536568702], [129.3210215058778, 37.2822070856739], [129.32105246510488, 37.282275030637905], [129.3210941034599, 37.28225536568702]]], [[[129.32279266742955, 37.28226056722568], [129.32271390787173, 37.28219563564461], [129.3227401250611, 37.28228810124269], [129.32279266742955, 37.28226056722568]]], [[[129.32184634091888, 37.28233468604752], [129.321781999955, 37.28229233056823], [129.3217724565832, 37.282355249667745], [129.32184634091888, 37.28233468604752]]], [[[129.32237695923655, 37.282329816048865], [129.32242828529883, 37.282170015023965], [129.3223585178883, 37.28215128299544], [129.32237695923655, 37.282329816048865]]], [[[129.3222259764404, 37.28228920246754], [129.32220122620265, 37.28199413761963], [129.32213975939294, 37.2823902059731], [129.3222259764404, 37.28228920246754]]], [[[129.3210627894214, 37.28239583042326], [129.3209271282135, 37.282394217412865], [129.3210316505642, 37.28244529225623], [129.3210627894214, 37.28239583042326]]], [[[129.3217897263566, 37.28280923486198], [129.32170264880432, 37.28275072338703], [129.3216916191108, 37.282808419923505], [129.3217897263566, 37.28280923486198]]], [[[129.32060399504232, 37.283122498896375], [129.320543070486, 37.283114824521796], [129.3205706870534, 37.28313916765021], [129.32060399504232, 37.283122498896375]]], [[[129.32740086571854, 37.28276555564773], [129.32771671759377, 37.282999094097875], [129.32777945800353, 37.28290239412203], [129.32740086571854, 37.28276555564773]]], [[[129.3282016499336, 37.28318592820882], [129.32810689687858, 37.28290001643036], [129.32797475199263, 37.28298102679347], [129.3282016499336, 37.28318592820882]]], [[[129.32113077785112, 37.28326992101102], [129.32102586415158, 37.28325975317222], [129.3211380809091, 37.283316933713394], [129.32113077785112, 37.28326992101102]]], [[[129.32675558811206, 37.283198393348414], [129.32662785609656, 37.28317910221201], [129.32671864281232, 37.28326003689888], [129.32675558811206, 37.283198393348414]]], [[[129.32696272362253, 37.28327350746054], [129.32698222707467, 37.28301179283203], [129.3267945181145, 37.283073942517866], [129.32696272362253, 37.28327350746054]]], [[[129.3207922411806, 37.283332017397846], [129.320581668417, 37.28323623753735], [129.3206981046774, 37.28344105224044], [129.3207922411806, 37.283332017397846]]], [[[129.3275140338443, 37.28330144832756], [129.32724081507402, 37.283224984375344], [129.32752248406825, 37.28335170279135], [129.3275140338443, 37.28330144832756]]], [[[129.32708133685594, 37.28342653707226], [129.3270366046374, 37.28338287140742], [129.32701965385135, 37.283426527792926], [129.32708133685594, 37.28342653707226]]], [[[129.32698015680867, 37.283393838139084], [129.32683943371228, 37.28336926894831], [129.3268674760497, 37.28343884178901], [129.32698015680867, 37.283393838139084]]], [[[129.32068978121703, 37.283806962877875], [129.32061559778106, 37.283757427227], [129.3206470121253, 37.28385266947692], [129.32068978121703, 37.283806962877875]]], [[[129.3209493567252, 37.28420325394418], [129.32083453176412, 37.28419599818149], [129.32096527581092, 37.28426105844593], [129.3209493567252, 37.28420325394418]]], [[[129.32065190079283, 37.28426091620342], [129.3205510125671, 37.28424325859631], [129.3205947449296, 37.284291435898425], [129.32065190079283, 37.28426091620342]]], [[[129.32056405596745, 37.28442036712893], [129.32044011168765, 37.28441673833168], [129.32054647812328, 37.28447654921213], [129.32056405596745, 37.28442036712893]]], [[[129.3260204614756, 37.28374302320965], [129.32715685222828, 37.28441023205293], [129.32677141644226, 37.28399535075726], [129.32726851391527, 37.28384833201418], [129.32645555429576, 37.28327695284723], [129.3260204614756, 37.28374302320965]]], [[[129.32118082782478, 37.28461926516536], [129.32109557559622, 37.284619046839666], [129.32116412652553, 37.28464300768918], [129.32118082782478, 37.28461926516536]]], [[[129.320877943861, 37.28464711797968], [129.32078319917593, 37.28461565761313], [129.32082277732425, 37.2846680815736], [129.320877943861, 37.28464711797968]]], [[[129.3260726712861, 37.2851032750804], [129.32586492982574, 37.28445048744658], [129.3251605552741, 37.28463222426443], [129.32540960970604, 37.28505102634188], [129.3260726712861, 37.2851032750804]]], [[[129.32629791626772, 37.28535629318627], [129.32606061410402, 37.28532301211485], [129.32605729485314, 37.28536946015202], [129.32629791626772, 37.28535629318627]]], [[[129.3253576046012, 37.28579567470686], [129.3252535615132, 37.28578426519461], [129.32525809410203, 37.285802301024205], [129.3253576046012, 37.28579567470686]]], [[[129.3119711597496, 37.28624287421073], [129.3119498279484, 37.28618346052785], [129.31188371567993, 37.28620345919321], [129.3119711597496, 37.28624287421073]]], [[[129.32103147060675, 37.28611926386283], [129.32098125456227, 37.28608462006389], [129.32098543485762, 37.28611335153708], [129.32103147060675, 37.28611926386283]]], [[[129.311751691737, 37.286264806428896], [129.31168662326442, 37.28621046418385], [129.31171870775628, 37.286279039713484], [129.311751691737, 37.286264806428896]]], [[[129.32142065451208, 37.28621847005212], [129.3210948721384, 37.28615275476989], [129.32128403667187, 37.2863066890197], [129.32142065451208, 37.28621847005212]]], [[[129.31206554255073, 37.28643283337161], [129.3120159990588, 37.286369260613306], [129.31203787255208, 37.28644993615336], [129.31206554255073, 37.28643283337161]]], [[[129.31192444572957, 37.28642743858239], [129.3118407758329, 37.28642838086583], [129.31188083911243, 37.28646296413892], [129.31192444572957, 37.28642743858239]]], [[[129.31287581103652, 37.286901756300644], [129.3128215837106, 37.28685090058643], [129.3128120677886, 37.28689498638267], [129.31287581103652, 37.286901756300644]]], [[[129.32105789608104, 37.28689813737658], [129.32094729730824, 37.28685149311484], [129.32091074461044, 37.28690123920135], [129.32105789608104, 37.28689813737658]]], [[[129.31226316207648, 37.28723921602172], [129.31222726502375, 37.286968871325996], [129.31205695062346, 37.287067673911004], [129.31226316207648, 37.28723921602172]]], [[[129.3208660255301, 37.287284570812645], [129.32078312036515, 37.287173878202424], [129.32074490356112, 37.28733589578199], [129.3208660255301, 37.287284570812645]]], [[[129.32112970511793, 37.28731647300706], [129.32104184459655, 37.287340137199955], [129.32114472460222, 37.287374637383934], [129.32112970511793, 37.28731647300706]]], [[[129.31068192507692, 37.28757105705818], [129.31048353363352, 37.2875363471692], [129.3105640734302, 37.28762416564937], [129.31068192507692, 37.28757105705818]]], [[[129.31032491202106, 37.2877676978406], [129.31025401100055, 37.28774770074332], [129.3102587515879, 37.28777615998704], [129.31032491202106, 37.2877676978406]]], [[[129.32054711706937, 37.28771108437492], [129.32080029464854, 37.28776074990283], [129.32074750886412, 37.28761438542436], [129.32054711706937, 37.28771108437492]]], [[[129.32075268142341, 37.287999757634644], [129.3205011333056, 37.28785068764429], [129.32050111983864, 37.28800692781269], [129.32075268142341, 37.287999757634644]]], [[[129.30993547937356, 37.28825374542605], [129.3100960443428, 37.288166014882194], [129.30992497382672, 37.288222237000646], [129.30993547937356, 37.28825374542605]]], [[[129.32047107528174, 37.28816462231572], [129.32085123043456, 37.28812863792066], [129.32048833632666, 37.28804063937299], [129.32047107528174, 37.28816462231572]]], [[[129.31010891804362, 37.28850008493345], [129.31009756778636, 37.2884547016511], [129.3100773674364, 37.28847872148895], [129.31010891804362, 37.28850008493345]]], [[[129.30992730253607, 37.28870716840374], [129.3098574026938, 37.28868473493283], [129.30985797359736, 37.288713835685556], [129.30992730253607, 37.28870716840374]]], [[[129.30963502359555, 37.288796233598696], [129.3095544052377, 37.28877238753589], [129.3095458347792, 37.28879971106865], [129.30963502359555, 37.288796233598696]]], [[[129.309307135404, 37.288919722525776], [129.30924677454962, 37.28891294134376], [129.30924654833046, 37.28894051400459], [129.309307135404, 37.288919722525776]]], [[[129.32096018019803, 37.28890270558208], [129.32112530399525, 37.28856333648827], [129.32074670750907, 37.28868475506531], [129.32096018019803, 37.28890270558208]]], [[[129.32096339978466, 37.289182065336384], [129.32088307539465, 37.28914867439591], [129.3209112030996, 37.289212932483515], [129.32096339978466, 37.289182065336384]]], [[[129.31772540749782, 37.289276040241354], [129.3176811919975, 37.28922002373053], [129.31765498354974, 37.289263162188384], [129.31772540749782, 37.289276040241354]]], [[[129.31019119991578, 37.28936927795847], [129.31005957825366, 37.289310335322504], [129.31018671315894, 37.289402628094706], [129.31019119991578, 37.28936927795847]]], [[[129.3191572066086, 37.28928399118326], [129.31905279733863, 37.28926147635844], [129.3190617405383, 37.28929605155402], [129.3191572066086, 37.28928399118326]]], [[[129.3104346015878, 37.28965282655578], [129.31050788592665, 37.289538561515776], [129.31037691696733, 37.289528995686815], [129.3104346015878, 37.28965282655578]]], [[[129.3108918476748, 37.28972262754255], [129.31078171781212, 37.289734990384105], [129.31087524235016, 37.28977078639968], [129.3108918476748, 37.28972262754255]]], [[[129.3183952642988, 37.28970024826957], [129.3182700225587, 37.28968562813666], [129.31837606020343, 37.289746342680935], [129.3183952642988, 37.28970024826957]]], [[[129.31851348982792, 37.289790123669945], [129.3183978391033, 37.28977655857631], [129.3184636608448, 37.28982053246463], [129.31851348982792, 37.289790123669945]]], [[[129.3182595430369, 37.28979490767669], [129.31783432649513, 37.28935134235579], [129.31744766555164, 37.28946789479351], [129.31752024076144, 37.28973655120591], [129.3182595430369, 37.28979490767669]]], [[[129.31859133038463, 37.28995687578445], [129.3184866889597, 37.289933371732666], [129.3184905867953, 37.290001658361525], [129.31859133038463, 37.28995687578445]]], [[[129.31010575151802, 37.29011916146953], [129.30991945204076, 37.290092979296325], [129.31011002644263, 37.290144470654525], [129.31010575151802, 37.29011916146953]]], [[[129.31091246388885, 37.29021093354847], [129.31083277854358, 37.290194653851955], [129.31085357547298, 37.29023343481634], [129.31091246388885, 37.29021093354847]]], [[[129.31765897260354, 37.29014863537298], [129.31754535150304, 37.289929953583474], [129.31751946301182, 37.290092585616016], [129.31765897260354, 37.29014863537298]]], [[[129.31782817254043, 37.29016760634586], [129.3177752692277, 37.29016450574047], [129.31777845030774, 37.290196754131905], [129.31782817254043, 37.29016760634586]]], [[[129.3181140531981, 37.290166142278004], [129.31812419779368, 37.28982839148374], [129.31785155051242, 37.28986712555299], [129.3181140531981, 37.290166142278004]]], [[[129.30983206241754, 37.290150424144976], [129.30963242119384, 37.29017022961013], [129.309748401872, 37.290402122033555], [129.30983206241754, 37.290150424144976]]], [[[129.31796710482158, 37.29030004692394], [129.31790672767707, 37.290289758160185], [129.3179125275377, 37.29035497738343], [129.31796710482158, 37.29030004692394]]], [[[129.3187694690018, 37.290367037934956], [129.3196385402918, 37.28982659343012], [129.319591579533, 37.289418805565305], [129.3190062279891, 37.289396304980606], [129.3187694690018, 37.290367037934956]]], [[[129.30987803048336, 37.290497111443095], [129.30979375975534, 37.29049030511943], [129.30985044789233, 37.29053592777956], [129.30987803048336, 37.290497111443095]]], [[[129.3191170715381, 37.290488241816064], [129.3190143938196, 37.29024709386946], [129.31902776300032, 37.290490554834584], [129.3191170715381, 37.290488241816064]]], [[[129.3099269157568, 37.290592675162074], [129.30985461163203, 37.290588989022865], [129.30990010093092, 37.290653835064724], [129.3099269157568, 37.290592675162074]]], [[[129.31800245637982, 37.2905805327316], [129.31789490448455, 37.29053568107595], [129.31790007806723, 37.29063946474283], [129.31800245637982, 37.2905805327316]]], [[[129.3100304732224, 37.29073755956474], [129.30995078576666, 37.290693527160435], [129.3100767446579, 37.29085574471691], [129.3100304732224, 37.29073755956474]]], [[[129.3075656936383, 37.290939783311714], [129.30747992480542, 37.290869726691085], [129.30753466007556, 37.290962572133076], [129.3075656936383, 37.290939783311714]]], [[[129.31859748985548, 37.29088231132181], [129.31846051998014, 37.29084159404505], [129.3184849901678, 37.29092144963533], [129.31859748985548, 37.29088231132181]]], [[[129.3079940272651, 37.29094299462841], [129.30775238872792, 37.29084207703275], [129.30800240412032, 37.2911166024194], [129.3079940272651, 37.29094299462841]]], [[[129.309845786214, 37.29107674062305], [129.30978345049036, 37.2910566312023], [129.30976574700708, 37.29108460996417], [129.309845786214, 37.29107674062305]]], [[[129.31032204307658, 37.29132517099722], [129.31025495205753, 37.29127290759207], [129.31024142197555, 37.291355837474015], [129.31032204307658, 37.29132517099722]]], [[[129.30968905653654, 37.29196624848651], [129.3099617613808, 37.291389187280046], [129.3098128401372, 37.29118333126798], [129.30918552259172, 37.29136157356326], [129.30968905653654, 37.29196624848651]]], [[[129.31008169620614, 37.29195210952274], [129.31000818260384, 37.291928605772334], [129.31001688123933, 37.292042382502586], [129.31008169620614, 37.29195210952274]]], [[[129.30072352205204, 37.2940932367776], [129.3005787686772, 37.29407936716787], [129.30071996791236, 37.29410712189077], [129.30072352205204, 37.2940932367776]]], [[[129.30163746803674, 37.29612058094024], [129.30154136785467, 37.29606171804404], [129.30155157598827, 37.296132872657004], [129.30163746803674, 37.29612058094024]]], [[[129.3011650766134, 37.29644660477646], [129.3010258877255, 37.296414973388494], [129.30106281431117, 37.296511288803586], [129.3011650766134, 37.29644660477646]]], [[[129.3014469025534, 37.297034623478105], [129.3013109791137, 37.297086778724506], [129.30142981930823, 37.29710656944322], [129.3014469025534, 37.297034623478105]]], [[[129.30194139819417, 37.30370533415318], [129.30202236789802, 37.303334442947936], [129.30166045740128, 37.30362811200328], [129.30194139819417, 37.30370533415318]]], [[[129.3011114923254, 37.304053986284906], [129.30092513871438, 37.304050135631506], [129.30102177003718, 37.30412611593397], [129.3011114923254, 37.304053986284906]]], [[[129.29966593392174, 37.30727181949733], [129.29952136145866, 37.307309667733584], [129.29961894358095, 37.30734059603594], [129.29966593392174, 37.30727181949733]]], [[[129.2988196150358, 37.30907259884459], [129.29871603709944, 37.309151610506234], [129.2988326901659, 37.3091555509433], [129.2988196150358, 37.30907259884459]]], [[[129.29049958409414, 37.30953258553705], [129.29031784554007, 37.30945566026532], [129.29040221743367, 37.30962754055509], [129.29049958409414, 37.30953258553705]]], [[[129.29114840616018, 37.30971693628002], [129.2910800676863, 37.30984212463974], [129.29117280015163, 37.309879043906776], [129.29114840616018, 37.30971693628002]]], [[[129.2993026338465, 37.30952756984256], [129.29890127224508, 37.30946848685291], [129.29913075324205, 37.30976281512031], [129.2993026338465, 37.30952756984256]]], [[[129.2915187480354, 37.30998702052916], [129.2914614828164, 37.30995358056237], [129.291475524918, 37.31001741993193], [129.2915187480354, 37.30998702052916]]], [[[129.29192132877876, 37.31003843937633], [129.29187037434454, 37.30998280919962], [129.29185665556366, 37.30999705438759], [129.29192132877876, 37.31003843937633]]], [[[129.2984088292447, 37.31024965054097], [129.2989812471967, 37.310322372416174], [129.29882405423973, 37.30962410918779], [129.2984088292447, 37.31024965054097]]], [[[129.28639902068602, 37.31091101458258], [129.28633222493403, 37.310883215630334], [129.2863434805404, 37.31091550070666], [129.28639902068602, 37.31091101458258]]], [[[129.29822886471928, 37.310746827507394], [129.29840172714106, 37.31076786376381], [129.2983183465959, 37.310649587709655], [129.29822886471928, 37.310746827507394]]], [[[129.28577874907015, 37.31133434169423], [129.28570726635655, 37.311305130538685], [129.28574275326733, 37.31136139524412], [129.28577874907015, 37.31133434169423]]], [[[129.28544890398373, 37.311513297594345], [129.28529103814213, 37.311521221089166], [129.28543705454328, 37.31154509597553], [129.28544890398373, 37.311513297594345]]], [[[129.2967761977814, 37.311446597419135], [129.29650369291423, 37.31145800380297], [129.29654281629863, 37.31154231356808], [129.2967761977814, 37.311446597419135]]], [[[129.29705473200121, 37.311688141294994], [129.29698756125583, 37.31164677277478], [129.29694064045214, 37.311792046676196], [129.29705473200121, 37.311688141294994]]], [[[129.28463431433886, 37.31247553343146], [129.28442695767134, 37.312471527697156], [129.28461962673936, 37.312529721741875], [129.28463431433886, 37.31247553343146]]], [[[129.2958547700498, 37.31248459674956], [129.29570772594312, 37.31247018676129], [129.2957788914694, 37.31255263414496], [129.2958547700498, 37.31248459674956]]], [[[129.28422241903203, 37.31277812630909], [129.28411268306056, 37.31255129551676], [129.28394216502514, 37.31259117720342], [129.28422241903203, 37.31277812630909]]], [[[129.284963857127, 37.31272324584852], [129.28481160495465, 37.312673874490734], [129.28485979833374, 37.31279945252226], [129.284963857127, 37.31272324584852]]], [[[129.2857103648555, 37.312857500357296], [129.28560828765117, 37.31292100129414], [129.28570956524155, 37.3129443631909], [129.2857103648555, 37.312857500357296]]], [[[129.29554935775704, 37.31277247869826], [129.29540514367795, 37.31255474419093], [129.29545003586207, 37.312835658716445], [129.29554935775704, 37.31277247869826]]], [[[129.28380210220254, 37.3129780566665], [129.28365494906782, 37.31326484684699], [129.28397318182817, 37.31338446259565], [129.2840253338138, 37.31327350838412], [129.28380210220254, 37.3129780566665]]], [[[129.28422644217414, 37.31359514467859], [129.28409654948456, 37.313522113713766], [129.2840845654727, 37.31363513087365], [129.28422644217414, 37.31359514467859]]], [[[129.27759637538693, 37.316531558433155], [129.27744013526672, 37.31645673588372], [129.2774531528829, 37.316582921194424], [129.27759637538693, 37.316531558433155]]], [[[129.27693543464633, 37.31761805927571], [129.27682961203405, 37.317555864405286], [129.27686331782414, 37.3176412040218], [129.27693543464633, 37.31761805927571]]], [[[129.27659747974812, 37.31790582758044], [129.27670329226186, 37.31781124088509], [129.27658386797987, 37.31782395436312], [129.27659747974812, 37.31790582758044]]], [[[129.27605127339058, 37.31794963168157], [129.27598912330464, 37.31770631733361], [129.2757923917997, 37.317773001031696], [129.27605127339058, 37.31794963168157]]], [[[129.26945226536233, 37.329573275409714], [129.26935250123265, 37.3294918249765], [129.26939523442215, 37.32960000333521], [129.26945226536233, 37.329573275409714]]], [[[129.26903446673242, 37.329940720859845], [129.26874722763534, 37.32993788553605], [129.26903200773225, 37.330177687377514], [129.26903446673242, 37.329940720859845]]], [[[129.2692010247056, 37.330304763201006], [129.2690256357661, 37.33030532431322], [129.26924427607204, 37.33046706459437], [129.2692010247056, 37.330304763201006]]], [[[129.2729066546379, 37.33043286055715], [129.27261078800285, 37.330116741133786], [129.27238712176697, 37.330176630874846], [129.27250365470007, 37.3304243348064], [129.2729066546379, 37.33043286055715]]], [[[129.26702659011167, 37.332625146867166], [129.26685045764756, 37.332627254398616], [129.26698690814786, 37.332699840943235], [129.26702659011167, 37.332625146867166]]], [[[129.2668118580272, 37.33281637921253], [129.26658887681333, 37.332621087083915], [129.26659298504237, 37.33285795815524], [129.2668118580272, 37.33281637921253]]], [[[129.26843992805848, 37.33542366965277], [129.2681428992881, 37.335338435979374], [129.26842191937178, 37.33550410932572], [129.26843992805848, 37.33542366965277]]], [[[129.26666751972618, 37.34238671453282], [129.2665480031569, 37.342343941563655], [129.2665829395007, 37.342432245935164], [129.26666751972618, 37.34238671453282]]], [[[129.261913197416, 37.35113945041398], [129.26170199770957, 37.35100106946281], [129.26184672391315, 37.35119253451257], [129.261913197416, 37.35113945041398]]], [[[129.261738224357, 37.35173448473272], [129.262106489861, 37.351377339090845], [129.26156036008135, 37.351166181407386], [129.261738224357, 37.35173448473272]]], [[[129.26054377573084, 37.353124913279544], [129.26038861806023, 37.35307660832052], [129.2605057105373, 37.3531818511625], [129.26054377573084, 37.353124913279544]]], [[[129.2578894831096, 37.35769973528608], [129.2577423124713, 37.35766149805811], [129.25776980278164, 37.35774541367134], [129.2578894831096, 37.35769973528608]]], [[[129.25753204098714, 37.35791835772117], [129.2573658966498, 37.35737110469792], [129.25712785583548, 37.35757143824991], [129.25753204098714, 37.35791835772117]]], [[[129.25729710206812, 37.358028033067136], [129.25676127751225, 37.35786961093617], [129.2570639972795, 37.35821585914425], [129.25729710206812, 37.358028033067136]]], [[[129.256128141834, 37.358802637933984], [129.2561000025015, 37.35856636101611], [129.2558806250011, 37.35862467852122], [129.256128141834, 37.358802637933984]]], [[[129.25446748768036, 37.359609036017474], [129.25433228871015, 37.35951715327518], [129.2543076689306, 37.35958063756839], [129.25446748768036, 37.359609036017474]]], [[[129.253972961955, 37.35964127445334], [129.25377981753232, 37.35960465786231], [129.25390440269152, 37.359695482846035], [129.253972961955, 37.35964127445334]]], [[[129.2542748089235, 37.36034630901323], [129.25382196079636, 37.360320161291426], [129.2544231947901, 37.360516294463004], [129.2542748089235, 37.36034630901323]]], [[[129.25371206672102, 37.36043108974149], [129.25418391678036, 37.360640238499705], [129.2543556594151, 37.36066089938404], [129.25371206672102, 37.36043108974149]]], [[[129.2545470767156, 37.3609822075953], [129.25451217327128, 37.360908308060814], [129.25447745972875, 37.36095766864405], [129.2545470767156, 37.3609822075953]]], [[[129.25384586701585, 37.361521892972526], [129.25373130086962, 37.36164207112643], [129.25384956239236, 37.36159381312431], [129.25384586701585, 37.361521892972526]]], [[[129.2532590398185, 37.36159947165489], [129.2531136688167, 37.3615713107646], [129.25325390499614, 37.361683818857614], [129.2532590398185, 37.36159947165489]]], [[[129.25231069244148, 37.36219648214706], [129.2522127384056, 37.3621512692394], [129.2523065842977, 37.36226074178913], [129.25231069244148, 37.36219648214706]]], [[[129.25420858711496, 37.362298792616826], [129.2541102241645, 37.36225314123166], [129.25413382331016, 37.362322109144614], [129.25420858711496, 37.362298792616826]]], [[[129.25163779420896, 37.36709611773047], [129.25171585284377, 37.36690862904118], [129.25153222138155, 37.367022369291924], [129.25163779420896, 37.36709611773047]]], [[[129.25190270803213, 37.36725386371127], [129.25180782772097, 37.367203879644784], [129.25186958535238, 37.36727393736317], [129.25190270803213, 37.36725386371127]]], [[[129.25186120072505, 37.36762568860425], [129.25176287010663, 37.367560988238694], [129.2517907675292, 37.36767961081948], [129.25186120072505, 37.36762568860425]]], [[[129.2520902904355, 37.36771397819187], [129.25202546224267, 37.36767194797914], [129.2520321949635, 37.36772662590352], [129.2520902904355, 37.36771397819187]]], [[[129.25193220527768, 37.36802668179294], [129.2517603816138, 37.368086362030006], [129.25197568014784, 37.368090949252434], [129.25193220527768, 37.36802668179294]]], [[[129.25233100259794, 37.36899776133199], [129.25220427736048, 37.368738509419366], [129.25201921648323, 37.36882061524342], [129.25233100259794, 37.36899776133199]]], [[[129.252640306722, 37.36906488151299], [129.2525568095014, 37.36901027796695], [129.25257632130507, 37.36907204422365], [129.252640306722, 37.36906488151299]]], [[[129.25205375652968, 37.370176616415854], [129.2518734891623, 37.37003884725778], [129.25191050330167, 37.37021330472804], [129.25205375652968, 37.370176616415854]]], [[[129.25233835224316, 37.37018702934194], [129.25216920052551, 37.3702098246985], [129.2523497993328, 37.37023385845332], [129.25233835224316, 37.37018702934194]]], [[[129.25191872821046, 37.3716016196096], [129.25202285202116, 37.371514820713955], [129.25189690005493, 37.37152689121386], [129.25191872821046, 37.3716016196096]]], [[[129.25236408085814, 37.37163275724158], [129.2522057652032, 37.37162237299447], [129.2523606949943, 37.37166691254366], [129.25236408085814, 37.37163275724158]]], [[[129.25217737802754, 37.37234901885975], [129.25209353247652, 37.372292792509825], [129.25210342629381, 37.372382063117556], [129.25217737802754, 37.37234901885975]]], [[[129.25199311787733, 37.372683149657625], [129.2519048510401, 37.37262134671596], [129.2519317332161, 37.372692922356144], [129.25199311787733, 37.372683149657625]]], [[[129.2523423717394, 37.374393106602824], [129.2524765703494, 37.37440191032892], [129.25241271524808, 37.37432800057141], [129.2523423717394, 37.374393106602824]]], [[[129.25639220866884, 37.378362122057], [129.2563859520327, 37.3782157203088], [129.2563167792585, 37.37839328112008], [129.25639220866884, 37.378362122057]]], [[[129.25755723632795, 37.37838619895316], [129.25804177827885, 37.3784399957621], [129.25784954520597, 37.378206284408016], [129.25755723632795, 37.37838619895316]]], [[[129.2576531061442, 37.37882825577751], [129.2575499138997, 37.378777536758435], [129.25759776560008, 37.37891956986422], [129.2576531061442, 37.37882825577751]]], [[[129.2571163537091, 37.38007444759082], [129.25726523980475, 37.38011524705725], [129.25729111197896, 37.3800507847337], [129.2571163537091, 37.38007444759082]]], [[[129.2554078728797, 37.38018819044181], [129.2550020039309, 37.380200059824816], [129.25535225001335, 37.38026697188663], [129.2554078728797, 37.38018819044181]]], [[[129.25464011858463, 37.38009650156159], [129.25432318429768, 37.38002996731312], [129.25460616556865, 37.38030669289451], [129.25464011858463, 37.38009650156159]]], [[[129.2579888084172, 37.38030368755714], [129.2578010232988, 37.38019993757664], [129.257949199421, 37.38034341787819], [129.2579888084172, 37.38030368755714]]], [[[129.25937237716633, 37.37977311246095], [129.2585877386157, 37.37889057525316], [129.25810373360338, 37.37917618387047], [129.25768706706592, 37.378772246917585], [129.2588893654625, 37.38033460607747], [129.25937237716633, 37.37977311246095]]], [[[129.25972212273535, 37.38038215585308], [129.25942618043422, 37.38005240107206], [129.25938490660508, 37.38036235174494], [129.25972212273535, 37.38038215585308]]], [[[129.25329835614886, 37.380446545416895], [129.2531409519936, 37.38044400010781], [129.2531984709163, 37.3805256893549], [129.25329835614886, 37.380446545416895]]], [[[129.25430352684228, 37.380528185217806], [129.25414747695308, 37.380425261720625], [129.25416381184203, 37.38054776550974], [129.25430352684228, 37.380528185217806]]], [[[129.255036576034, 37.38050669316796], [129.25487693838372, 37.38047820324086], [129.25502167591046, 37.380641247251674], [129.255036576034, 37.38050669316796]]], [[[129.25690844242348, 37.380663482622246], [129.25671991873776, 37.3803889453463], [129.25673415251273, 37.380663140686615], [129.25690844242348, 37.380663482622246]]], [[[129.25823981522754, 37.380636246671486], [129.2580199031611, 37.380679885832876], [129.2582532611823, 37.38073767236813], [129.25823981522754, 37.380636246671486]]], [[[129.2487722777954, 37.38247447966749], [129.24865465529544, 37.382426233948586], [129.2486845715045, 37.382499540847746], [129.2487722777954, 37.38247447966749]]], [[[129.24001293638818, 37.38816779918308], [129.23992183431358, 37.38810120022929], [129.23992922173994, 37.38816541900492], [129.24001293638818, 37.38816779918308]]], [[[129.24001333842526, 37.388878505131586], [129.2398812681864, 37.388833353804294], [129.23998871816644, 37.38889830617203], [129.24001333842526, 37.388878505131586]]], [[[129.24030728912544, 37.388776680255475], [129.24004217278042, 37.388826791054306], [129.2403171922069, 37.38900243685808], [129.24030728912544, 37.388776680255475]]], [[[129.2401693218906, 37.38919443890644], [129.2401041018193, 37.389143032236724], [129.24010487663242, 37.389190713518374], [129.2401693218906, 37.38919443890644]]], [[[129.23931020492768, 37.3891158550688], [129.2390769531969, 37.38905264282952], [129.239224709664, 37.38921888741749], [129.23931020492768, 37.3891158550688]]], [[[129.23916126145585, 37.389226927392265], [129.23902815080024, 37.389159729046106], [129.23910618088408, 37.3892525650777], [129.23916126145585, 37.389226927392265]]], [[[129.23814158422616, 37.38919545967233], [129.23795543819946, 37.38915488208537], [129.23815688946016, 37.389314994083975], [129.23814158422616, 37.38919545967233]]], [[[129.23947712445826, 37.3894060786702], [129.2396329049409, 37.38931890355197], [129.23946385958325, 37.38929349569629], [129.23947712445826, 37.3894060786702]]], [[[129.23919925029935, 37.38957515866271], [129.23907426630484, 37.3896040283351], [129.23916553010386, 37.389642479666946], [129.23919925029935, 37.38957515866271]]], [[[129.23585271261717, 37.390585086669944], [129.23595036184403, 37.390542506931716], [129.2358383151885, 37.39053101886224], [129.23585271261717, 37.390585086669944]]], [[[129.19927005703514, 37.41531860174909], [129.19917273280134, 37.41528979834865], [129.1992134778674, 37.415361823782504], [129.19927005703514, 37.41531860174909]]], [[[129.19855137592262, 37.41540607511254], [129.1985148251849, 37.41533507250063], [129.19840991915143, 37.41533988052191], [129.19855137592262, 37.41540607511254]]], [[[129.1985224201962, 37.415528941160545], [129.1984399552647, 37.41548915517915], [129.19843645054056, 37.415526590429074], [129.1985224201962, 37.415528941160545]]], [[[129.19764370038882, 37.41704322167974], [129.1975874746321, 37.41701596087868], [129.1976180979616, 37.41705855419289], [129.19764370038882, 37.41704322167974]]], [[[129.1984605823835, 37.41717210491699], [129.19840574304774, 37.41716081680534], [129.19841749269656, 37.41718753929372], [129.1984605823835, 37.41717210491699]]], [[[129.19736698158275, 37.4180586968205], [129.19752015960083, 37.41798430743829], [129.19731897242082, 37.41789098130586], [129.19736698158275, 37.4180586968205]]], [[[129.19528259529605, 37.422181645415776], [129.19519577051747, 37.422144514575955], [129.19526314136468, 37.42219862508632], [129.19528259529605, 37.422181645415776]]], [[[129.19300023114832, 37.424577800206436], [129.1928789976382, 37.42456924792592], [129.19297291973155, 37.42461996732281], [129.19300023114832, 37.424577800206436]]], [[[129.19349875436126, 37.4279034321332], [129.19331195874287, 37.42784035545983], [129.1934608645538, 37.428014188268094], [129.19349875436126, 37.4279034321332]]], [[[129.19322835837272, 37.42832514981925], [129.1930124613928, 37.42824197845245], [129.19320167716978, 37.42836303590909], [129.19322835837272, 37.42832514981925]]], [[[129.19379023451455, 37.42833278913782], [129.19363936777862, 37.42823068120083], [129.19376285820493, 37.42836328765931], [129.19379023451455, 37.42833278913782]]], [[[129.19243094544706, 37.43040930921993], [129.19235740805178, 37.43035763965387], [129.1923280497773, 37.43039975480656], [129.19243094544706, 37.43040930921993]]], [[[129.19214711792029, 37.4307098278404], [129.19212716833874, 37.430640571225084], [129.1920524102784, 37.43065556092588], [129.19214711792029, 37.4307098278404]]], [[[129.19231278307902, 37.43072145232855], [129.19242114644027, 37.4306686017712], [129.192282175248, 37.43063761615341], [129.19231278307902, 37.43072145232855]]], [[[129.1919387486593, 37.43123095351661], [129.1920497868963, 37.431176440901815], [129.1918973636651, 37.43121840546595], [129.1919387486593, 37.43123095351661]]], [[[129.19204725068818, 37.431466571937065], [129.19191690944007, 37.43143930356774], [129.1919858986654, 37.431510100447085], [129.19204725068818, 37.431466571937065]]], [[[129.19189070101007, 37.43157386761299], [129.19188519049635, 37.431495667294804], [129.1917898706616, 37.431512039955805], [129.19189070101007, 37.43157386761299]]], [[[129.19177809523333, 37.43163468800474], [129.19161905924994, 37.43156538732734], [129.19159698265713, 37.431592723527565], [129.19177809523333, 37.43163468800474]]], [[[129.19073471991098, 37.43219116693727], [129.1908569832497, 37.432248968361925], [129.1909344984228, 37.43218856623514], [129.19073471991098, 37.43219116693727]]], [[[129.19093934206242, 37.43241407307946], [129.1908041646506, 37.4323527522851], [129.19076928146026, 37.432408580570524], [129.19093934206242, 37.43241407307946]]], [[[129.1921943014918, 37.44316239020841], [129.19221129739736, 37.44304335826998], [129.19213219920456, 37.443203731354636], [129.1921943014918, 37.44316239020841]]], [[[129.18930623682618, 37.45246735056418], [129.18924250363625, 37.4525239909874], [129.18932341969858, 37.452536664973614], [129.18930623682618, 37.45246735056418]]], [[[129.18863073468003, 37.45282502640435], [129.18850806295265, 37.452856188069426], [129.18860451085763, 37.45289146436109], [129.18863073468003, 37.45282502640435]]], [[[129.18417192107466, 37.45808350549728], [129.18408510632028, 37.45803354543856], [129.18406674571375, 37.458105023772994], [129.18417192107466, 37.45808350549728]]], [[[129.18361728468386, 37.45849333777491], [129.18406671608847, 37.45832315875989], [129.18357148945861, 37.458393035426276], [129.18361728468386, 37.45849333777491]]], [[[129.18287297180208, 37.45991935110449], [129.1827337627757, 37.459891272994575], [129.18285451001915, 37.45995037264652], [129.18287297180208, 37.45991935110449]]], [[[129.17958330988108, 37.4635792557453], [129.17939033392108, 37.46347476145761], [129.17942577928102, 37.463644006489005], [129.17958330988108, 37.4635792557453]]], [[[129.17865211431172, 37.46381006488903], [129.17848109952698, 37.463765362800316], [129.178555895814, 37.46384661043468], [129.17865211431172, 37.46381006488903]]], [[[129.1795536755356, 37.463949885646564], [129.1798747822394, 37.463750366260165], [129.1795250435673, 37.463698996843654], [129.1795536755356, 37.463949885646564]]], [[[129.17721095331675, 37.4643041849957], [129.17699477930432, 37.46437884357471], [129.17709806471305, 37.46446212385608], [129.17721095331675, 37.4643041849957]]], [[[129.1767147505751, 37.464505944527225], [129.17659875679823, 37.46444980487878], [129.176686840771, 37.46451040177091], [129.1767147505751, 37.464505944527225]]], [[[129.1586769270878, 37.47565463086601], [129.16079627714777, 37.475854504832625], [129.1634704043649, 37.47349896726056], [129.16406964052882, 37.4738949150476], [129.1646447479172, 37.47357383314495], [129.16581100892688, 37.47381815008331], [129.166312478296, 37.47317127791158], [129.16536577892518, 37.472367735988726], [129.16628803911772, 37.47115668179392], [129.17320890920232, 37.46586379595559], [129.17399124548965, 37.46577430226976], [129.17489100649163, 37.46674420474304], [129.17435184780655, 37.465741194007215], [129.17646157399054, 37.464087983449375], [129.1772456281131, 37.464244126825065], [129.17865428152805, 37.46502290452977], [129.18044466346666, 37.46455621222674], [129.18051213361187, 37.46417808886652], [129.1786277391383, 37.46471629362418], [129.17754508152973, 37.46406275547295], [129.17773051046905, 37.463645651276465], [129.17817659456514, 37.46402397144924], [129.17835498456213, 37.46351193721165], [129.17933702800727, 37.46361670595443], [129.17907943323254, 37.4631707631072], [129.18002605883063, 37.46291697054978], [129.17991822821966, 37.460833204927994], [129.18268242527, 37.460462702300525], [129.1823846048377, 37.459477015021015], [129.18344615807243, 37.45912043625104], [129.1833652386477, 37.458287747947644], [129.18442436537032, 37.45787677998215], [129.18468735183347, 37.45725975329328], [129.18620561686416, 37.457405326469534], [129.18647192670076, 37.45659431126296], [129.18755681197413, 37.45585754944675], [129.18704660643525, 37.45503366234476], [129.18793739544722, 37.453569096495315], [129.1868006463262, 37.453680981277756], [129.18666887632125, 37.45286240650498], [129.18718170313227, 37.452480377360786], [129.18862680230936, 37.45274919378821], [129.18911923100086, 37.452608768567266], [129.18863973055997, 37.452230816034415], [129.18962084553624, 37.45214578027358], [129.1901388851571, 37.451328901599844], [129.1897370974337, 37.44991469484078], [129.1903974299455, 37.449620525233485], [129.1897410577013, 37.44940056208128], [129.18969164976014, 37.44858043936524], [129.19068837400607, 37.4486586760919], [129.18957010499, 37.44754580715932], [129.190093083212, 37.44658172069873], [129.1897556466222, 37.44631727299457], [129.19031285185633, 37.4461675312922], [129.1895200355249, 37.44573911190311], [129.19081129209852, 37.444995591672615], [129.19143663657948, 37.443827405914305], [129.19215251372992, 37.443780474324896], [129.19174142401394, 37.44356814122809], [129.19225612290333, 37.44267013950474], [129.19296750528238, 37.44269472209052], [129.19256824801806, 37.442290674942036], [129.193652708253, 37.4409482464597], [129.19475170868225, 37.434656786688386], [129.19743689388693, 37.432273110489824], [129.19704706871363, 37.432050669281416], [129.1956732832692, 37.43292810792507], [129.1942827866264, 37.43432157788469], [129.19217670243393, 37.43795846736476], [129.19121500615583, 37.43701903831883], [129.18943940648873, 37.43714263563887], [129.18922883870113, 37.43440907204404], [129.19224229475756, 37.43408406362653], [129.19395486692525, 37.43236834717662], [129.1922015244665, 37.43369335971508], [129.19006961405006, 37.43359733954986], [129.19021958395416, 37.432154445727726], [129.19181483066657, 37.43137432492506], [129.19211643851924, 37.42989085433716], [129.1925864703222, 37.42998496665872], [129.19218766145383, 37.42968656842289], [129.19281291861319, 37.42960040320898], [129.19246552202733, 37.42841973887332], [129.19323910557932, 37.428111229901646], [129.19292821669455, 37.427419938276905], [129.1933987222074, 37.42717787820007], [129.19209641938687, 37.426520457407236], [129.1925379543709, 37.42573342206999], [129.1922885599884, 37.424997076163386], [129.19308381907155, 37.424114306653095], [129.19501594484572, 37.424079094318834], [129.19520286572987, 37.421600315200074], [129.1959810528952, 37.421109036204705], [129.19603729997922, 37.42039278828924], [129.1967943876075, 37.419836206644284], [129.19801503793002, 37.4198535304674], [129.19718974503368, 37.41882796550234], [129.1970535641708, 37.41738006009325], [129.19801264338997, 37.41644695035081], [129.19751587201048, 37.41598099989083], [129.19826751396252, 37.41525159381363], [129.19916478561956, 37.415065565442795], [129.20014807933717, 37.4153995848691], [129.20038679691572, 37.41480930908121], [129.2035628374746, 37.415926281501804], [129.20617969029882, 37.41334577540085], [129.20553098938643, 37.413346552445034], [129.20342478769595, 37.41545002803762], [129.201384848754, 37.4147921215766], [129.203197260608, 37.4104085775853], [129.20442896075912, 37.40991687709962], [129.20518394936343, 37.41104988466795], [129.20566576177478, 37.41060679500191], [129.20472605749805, 37.409855661670456], [129.20483624636398, 37.40944591197849], [129.20808031609698, 37.40644020157645], [129.2114453071854, 37.4043125655837], [129.21244513681634, 37.40532111463854], [129.21308646260056, 37.40500800110761], [129.2136113414804, 37.40443463311274], [129.21290052674507, 37.40469551365156], [129.212717639915, 37.40378893254559], [129.21341000228207, 37.40257821830696], [129.21427827563738, 37.40217432903045], [129.21464408643666, 37.40256973363284], [129.21564577011043, 37.40178857043604], [129.21511903032965, 37.40137582830019], [129.21593217372435, 37.4004425871363], [129.21975426491755, 37.39774539658426], [129.22077565402805, 37.39731239975067], [129.22147687683326, 37.39777817566337], [129.22104268129345, 37.39723760906562], [129.22141342246343, 37.39666991541417], [129.2274889456222, 37.393207421680074], [129.227117868581, 37.39280217978291], [129.2277206682191, 37.393085391473576], [129.23682081150324, 37.388501198551495], [129.23823677353428, 37.3891122830152], [129.23918654454667, 37.38883168855971], [129.24006037418383, 37.38913821055235], [129.2397946233433, 37.38884727023055], [129.2401581579658, 37.38864664970188], [129.23963501745507, 37.38815884327201], [129.23967019127772, 37.38749476472994], [129.2403217906935, 37.38693055751763], [129.2512980794616, 37.38038693028943], [129.2554166380122, 37.37960898623308], [129.25639351285895, 37.38053592469452], [129.2573539687884, 37.37978968550454], [129.25692083237522, 37.378427470027766], [129.25534751869642, 37.37836152508023], [129.25474296579034, 37.375395509772304], [129.2543177118698, 37.37556043009978], [129.25480588773246, 37.378399698571066], [129.25366751159254, 37.37851765806719], [129.25281510110437, 37.376456032188], [129.25372907533207, 37.37614720533742], [129.25230066371, 37.37644175137534], [129.2518062814797, 37.376047129269004], [129.25189811614786, 37.37508734495405], [129.25262992882602, 37.37468932458233], [129.2521257292256, 37.3745154395342], [129.25212158537386, 37.37371610695922], [129.25106239715993, 37.37315315683957], [129.25220543235505, 37.37189376063505], [129.2519147371749, 37.371897985305004], [129.25156651979037, 37.370985331505565], [129.25147041010902, 37.369310838661576], [129.2519541050025, 37.36846500957375], [129.25151524490872, 37.3681724087961], [129.2517633035264, 37.36737914148246], [129.25126513851788, 37.366653867060776], [129.25132957646167, 37.364166002094045], [129.25082049665835, 37.36302323207455], [129.25173989393303, 37.36191663124205], [129.2527686473625, 37.362395945429135], [129.25237211511472, 37.36149297435397], [129.25331873945532, 37.36139318937513], [129.25372001645738, 37.35924284252757], [129.25472268181508, 37.35890091149271], [129.25511661678487, 37.358164916519286], [129.25542872383014, 37.358399680628665], [129.2553777335347, 37.35810893973937], [129.25655842490434, 37.35790461152572], [129.2561902756853, 37.35649849146736], [129.25709092432362, 37.35647446300414], [129.25632672610934, 37.356196082314014], [129.25643497667323, 37.35506929451139], [129.25805664818895, 37.355313459823655], [129.25815428654417, 37.35386466724223], [129.2592063635758, 37.35400157640385], [129.25894094611775, 37.35355731998485], [129.25955760985505, 37.35390169327692], [129.25925240486666, 37.35301395106501], [129.2605635401161, 37.35283383861097], [129.26107515275388, 37.35080801348866], [129.26017122565077, 37.349406941220685], [129.26111982083677, 37.349790025650385], [129.26078130550474, 37.34936490151836], [129.26121165856935, 37.34869241762857], [129.26224558650367, 37.34844590656088], [129.263833163687, 37.346948654496614], [129.26344311580746, 37.34665623883062], [129.26194511965616, 37.34821890687983], [129.26070034613045, 37.34838273322792], [129.26086244360795, 37.34735737727328], [129.26151297732287, 37.34725347636956], [129.26139331536726, 37.346750417593725], [129.2621622406733, 37.34650200835426], [129.26257532364957, 37.345723271179466], [129.26222725868183, 37.34528273349801], [129.26276408801664, 37.344968169393], [129.26306885336476, 37.345372333769525], [129.26324474428677, 37.344923572399075], [129.26328735305052, 37.345319632215826], [129.26387490182165, 37.34526279300018], [129.26413566278998, 37.34443933862679], [129.2652987519655, 37.34408629058744], [129.2655635074546, 37.34435496014994], [129.26699385687965, 37.34333358093852], [129.26585450176782, 37.341769710260714], [129.2666779035527, 37.33975674126851], [129.26748230201832, 37.33951950825183], [129.2671778619734, 37.33901670167194], [129.26779575690594, 37.339222360993766], [129.26783596245778, 37.33881824939241], [129.26760935930295, 37.3376980538919], [129.26653901155123, 37.33677530205391], [129.26705186708006, 37.335525500609535], [129.2662351660651, 37.33167174932801], [129.26740437639862, 37.33073218499341], [129.26798865294953, 37.33063828235736], [129.2682070577928, 37.33118461327358], [129.26825157843336, 37.33050432649558], [129.2691504930458, 37.330904144139545], [129.26840534019615, 37.329639079302424], [129.26861458294863, 37.32927233559078], [129.27027548006834, 37.329492368665846], [129.2702698991347, 37.32894257355014], [129.27064589682806, 37.32923671067913], [129.27058969405644, 37.328667389194024], [129.27005492045765, 37.3285550813787], [129.2703850780638, 37.32818951195297], [129.2698398894035, 37.328255691286365], [129.2719228768665, 37.32670803580198], [129.27175503013078, 37.325304183016954], [129.27131907165867, 37.325464946084516], [129.27135801562116, 37.32677269252872], [129.27004768246664, 37.3277916431545], [129.26861113805583, 37.326602809897096], [129.26885252599286, 37.32619324480121], [129.27073161007863, 37.32576600999057], [129.2695726774879, 37.32572349029988], [129.26918101958123, 37.32483109855996], [129.26934510381278, 37.32330236308923], [129.27034122840493, 37.32159290005203], [129.2803150655223, 37.31435411490873], [129.2830514111713, 37.312831571413064], [129.28400745741126, 37.31284596819027], [129.2838555156454, 37.31259951197833], [129.28399698737167, 37.31237161743631], [129.28510592809613, 37.31186588641719], [129.2850585704605, 37.31169223789094], [129.2856540849312, 37.31101723488091], [129.2886532945716, 37.30952251523223], [129.29070813043498, 37.309314545496754], [129.2917002150493, 37.309896487927816], [129.29163213007925, 37.31011351565942], [129.29178204117102, 37.30991106247564], [129.29212967284963, 37.31002514048425], [129.2924679439491, 37.31091251482048], [129.29280469913493, 37.30987288240187], [129.2944173349802, 37.30989987635888], [129.29447340457736, 37.31090237915783], [129.2921604306213, 37.31152264290757], [129.2921814069545, 37.311841736053864], [129.2947326968019, 37.31113278599603], [129.2958755695031, 37.31206349196354], [129.29593950993737, 37.31177004613166], [129.29765135053606, 37.310690392528606], [129.29772696298204, 37.31083488808402], [129.2987585341503, 37.30940054776999], [129.29845801013948, 37.30879716392887], [129.29943376489004, 37.30800458414207], [129.299313071392, 37.30715179287359], [129.2999636148614, 37.30648830446821], [129.30023243337598, 37.306878974545675], [129.30052579825383, 37.30656052509413], [129.30019358698584, 37.30621898723215], [129.30103815658546, 37.30456371599286], [129.30053204593492, 37.30442348559901], [129.30050381083345, 37.30385028469968], [129.301983771048, 37.30328950820323], [129.30222975646242, 37.30233815479721], [129.3018735588803, 37.301982452690645], [129.30223024916268, 37.29996622812518], [129.301473150138, 37.29897628343854], [129.3011238709198, 37.29916292372836], [129.30074545219708, 37.297448810767115], [129.30033346975623, 37.29739759670194], [129.30095068395207, 37.29618556477815], [129.30029882321213, 37.29445167944732], [129.3004260803244, 37.29286631430019], [129.3042379288795, 37.29035282752558], [129.30553514351254, 37.2899436339771], [129.30724478025786, 37.289822054708566], [129.30765957844923, 37.29016109207691], [129.3073987386293, 37.29062332439144], [129.30838765834613, 37.29078789350415], [129.3085312183149, 37.29029023790804], [129.30876662155305, 37.29079717770465], [129.30912367693273, 37.290551434730105], [129.30914218491108, 37.29113345488279], [129.30959405769588, 37.29110073785598], [129.30939002029305, 37.29007580268945], [129.3101294807722, 37.289801034867274], [129.3092557066579, 37.28922143309572], [129.30922806376952, 37.2889152426921], [129.30925949365377, 37.28885145813825], [129.3096477438928, 37.28865302602675], [129.309337465648, 37.28837403583567], [129.3100951123449, 37.28769144121011], [129.31012103692464, 37.2865342645821], [129.31116211810158, 37.2861235437428], [129.3130531819743, 37.28586338453394], [129.3144172637307, 37.28614485686014], [129.31503194467965, 37.288519790962134], [129.31487190406648, 37.287320281976555], [129.31756021417215, 37.2867311490313], [129.3173873790229, 37.288351764258785], [129.31433453129685, 37.28946142523205], [129.31474552581554, 37.28968937544532], [129.31776769239028, 37.28863087564345], [129.3185471329643, 37.289745161944296], [129.31907609905295, 37.2890640854736], [129.3201860445915, 37.288966480394734], [129.31980974098903, 37.28838470791764], [129.3203271302555, 37.28834849279024], [129.3205961105786, 37.28697867840931], [129.32120028755543, 37.28649111301385], [129.32077402919973, 37.28612113360024], [129.32110563135598, 37.2857381954832], [129.32054166086454, 37.285254695158216], [129.32120970207228, 37.28512439765748], [129.32025679033032, 37.28503696681095], [129.32059031528826, 37.284655916637995], [129.3199400508525, 37.28448323596264], [129.32042544843145, 37.28396337710715], [129.32006532900488, 37.2834168823246], [129.32055437488538, 37.28336095534344], [129.32047811835966, 37.2823438948005], [129.32313668662457, 37.28141220362375], [129.32355895844995, 37.281907611276246], [129.3234117397851, 37.28128674927149], [129.32415540286686, 37.281471499607704], [129.3239469008842, 37.28110228587924], [129.32452257434704, 37.280977447660945], [129.32554847457018, 37.281766388647156], [129.32708121143042, 37.28155358669102], [129.3269343380115, 37.2812687300087], [129.32585900017241, 37.281578856621636], [129.32514612030909, 37.28097249165281], [129.3264008778554, 37.2798658585156], [129.32779108186693, 37.28036239217752], [129.32775008585475, 37.2814295424184], [129.32811961732767, 37.280400852520266], [129.32911819029874, 37.280395395328256], [129.32871536545954, 37.279398436792896], [129.32957599736295, 37.279128255599716], [129.32914080392115, 37.27895908095582], [129.3296407098274, 37.278273172582075], [129.32924185903124, 37.27725611142344], [129.3296907009585, 37.277092316086225], [129.3278311888931, 37.27607590901668], [129.32741784236077, 37.27514346590579], [129.32783936780666, 37.273608808863486], [129.32862617848681, 37.272890138498354], [129.32920442594244, 37.27288033333024], [129.32914457402134, 37.27234077830757], [129.32947035931875, 37.27191368128418], [129.3287641859971, 37.27133492553338], [129.3292041760441, 37.270777944099365], [129.32854313817884, 37.27062645392102], [129.32774465932056, 37.2682218766041], [129.3284093867302, 37.26741793038393], [129.32949644606995, 37.26685284209701], [129.32858284071506, 37.26686087762966], [129.32910104500638, 37.264748757101756], [129.32828633947605, 37.266225772096796], [129.32679157479, 37.26565198510928], [129.32725834197478, 37.26493330441507], [129.32827652246297, 37.26499009185815], [129.32756384676986, 37.264532175917644], [129.3275297690682, 37.264082471691516], [129.32805813273495, 37.26404929245336], [129.3277295619565, 37.26343704655212], [129.3292252121859, 37.263311926157144], [129.3294611487309, 37.26249980498939], [129.33041103699637, 37.26238972172268], [129.33096564735376, 37.26172612604013], [129.33107009571418, 37.26104709977137], [129.33223565148595, 37.26098724999288], [129.33218145410004, 37.26055976871676], [129.33481589659064, 37.25971043549172], [129.33462210219545, 37.25901970712752], [129.3349779797935, 37.258560432442756], [129.33562087773964, 37.25861456620689], [129.33480638525472, 37.25837665582279], [129.33499579815296, 37.25767087676239], [129.33690989080296, 37.25708093075871], [129.3362074828322, 37.25675703151213], [129.33671082814152, 37.25628201498472], [129.33707153714533, 37.256635368576255], [129.33717658641325, 37.25584918100544], [129.33849265642434, 37.255260273620905], [129.3402408503752, 37.2556478644596], [129.33961414450542, 37.25520346826717], [129.34127857494735, 37.2548986368117], [129.34071370621146, 37.25464337675357], [129.34068090894675, 37.25369359641124], [129.34214965724502, 37.252810496321615], [129.34168287944928, 37.25202428114385], [129.34218938058814, 37.25173900916746], [129.3415210465366, 37.251655754133886], [129.34208545519664, 37.25156707535823], [129.34228125877328, 37.250371135632356], [129.34143231444594, 37.24950051488338], [129.34198087313194, 37.24869799879551], [129.34359786704067, 37.24826811249066], [129.34603688376333, 37.2486533077083], [129.34889340649798, 37.24771840580107], [129.34848320686248, 37.24393965793541], [129.3500633679627, 37.23887808498847], [129.35271005989085, 37.23701237470411], [129.35489311420287, 37.23742961166287], [129.35493217766987, 37.2359054734964], [129.35665998005015, 37.23564069243731], [129.355944559758, 37.234624035502975], [129.35506942043187, 37.2344601510786], [129.35476776882783, 37.23369570916679], [129.3536493906871, 37.233614537062984], [129.35166149808745, 37.23251379634743], [129.3503941243836, 37.23142485836424], [129.3501630664463, 37.23148663272558], [129.35013666266147, 37.23118702343954], [129.34691230574106, 37.22984521996907], [129.34569609347295, 37.2274156161272], [129.34527255954532, 37.2246374745191], [129.3448371758992, 37.22533056410677], [129.34512002682317, 37.22716678801013], [129.34608582705036, 37.22943901331599], [129.34342103278738, 37.22960210904071], [129.34245492572228, 37.2263831183962], [129.34287568924177, 37.22529921740262], [129.3437559076958, 37.22542687594698], [129.3415732609152, 37.225059888055306], [129.34105813739612, 37.224282312265075], [129.341021754667, 37.22163420897902], [129.34188306092332, 37.220533386450484], [129.34353569323886, 37.21970247461285], [129.34487577359917, 37.2168800986072], [129.34491257881783, 37.215646430603414], [129.3456351864062, 37.215014704349045], [129.34643668064228, 37.21512134586122], [129.3459343594767, 37.21398646748856], [129.34648403203792, 37.21359677142821], [129.34608476480855, 37.21322697952844], [129.34752739276172, 37.212076984586304], [129.3481126237279, 37.21079533149503], [129.34746829439692, 37.20938474433989], [129.34650975567908, 37.20864901463764], [129.34662509928458, 37.20623580430898], [129.34581245292952, 37.20606445679639], [129.34624682768737, 37.204979861497705], [129.34571992484769, 37.20459827383236], [129.346221793277, 37.20403671739715], [129.3457235586886, 37.20374316092167], [129.34648388636228, 37.20269022651103], [129.34489872037602, 37.20147664718451], [129.34550100384055, 37.199718841111455], [129.34459113245987, 37.201311209191495], [129.34315410207884, 37.20060193163127], [129.34420718582112, 37.199462023893275], [129.3431247057078, 37.198487258437446], [129.34359883311114, 37.19814753921231], [129.34303025542056, 37.19780228536502], [129.34341745820686, 37.1975445441463], [129.34295236964172, 37.19751588796646], [129.34291671839446, 37.196879029632115], [129.34352676953705, 37.196760497303394], [129.3428611424038, 37.196445128309435], [129.3427794170895, 37.19580953292602], [129.34295925489633, 37.195209039146945], [129.34471161227145, 37.195187303679965], [129.34532293227696, 37.19439005044651], [129.34616485003392, 37.18392566510014], [129.34724422765922, 37.18267984221693], [129.3475478919998, 37.17705010775253], [129.35183110974017, 37.1772762680775], [129.35148373216944, 37.180002720073325], [129.35244563945602, 37.18002863142228], [129.35262199510944, 37.17707921188359], [129.34568959698709, 37.176493692455416], [129.3458179254385, 37.17523208038403], [129.34412216593213, 37.17608571714691], [129.34280091119987, 37.17612144453569], [129.34278754707762, 37.17520700605103], [129.34423306237534, 37.17446908959145], [129.3452129870953, 37.174977135576526], [129.34439007662795, 37.17418092723197], [129.34414429673367, 37.172304830825475], [129.3452193769637, 37.17208295572886], [129.3451460261549, 37.17131965517723], [129.34678911748279, 37.17255018466268], [129.35246046223747, 37.17531964197695], [129.3498699010545, 37.17385299997566], [129.3528709441165, 37.170219588435515], [129.35409310359213, 37.170236236294286], [129.35668279104826, 37.16738177194033], [129.35580207985078, 37.166704019637976], [129.35636949249167, 37.16614665654545], [129.35759274212356, 37.16681903395921], [129.35867234050733, 37.16679613908195], [129.35867633021215, 37.16640558790995], [129.3575941289476, 37.16643215576743], [129.35450780089602, 37.16516618749422], [129.3518035087869, 37.16515619057431], [129.3518928071274, 37.16421461269869], [129.35266708507413, 37.16408752454279], [129.3525520941351, 37.162704398469494], [129.3531422826027, 37.161597662064885], [129.35418421056477, 37.16106887882282], [129.35565672228188, 37.16135823463496], [129.3563756423817, 37.16112778167946], [129.35688035671782, 37.16067996975739], [129.35705093830163, 37.15972095129665], [129.3562156646608, 37.1610878980026], [129.3544171602874, 37.160985145896205], [129.35857448861648, 37.15744857069629], [129.35913455479565, 37.1549487042523], [129.3604099593172, 37.15474912262547], [129.35953816900866, 37.15467193718135], [129.35954374881462, 37.153877191325556], [129.36052338331865, 37.15300794052112], [129.3617092035544, 37.153482066372085], [129.36152960393633, 37.15299811798986], [129.36069455387334, 37.15280774738297], [129.36048669439538, 37.15203788861911], [129.36164195428626, 37.15080127553438], [129.36164214919086, 37.1497526448296], [129.36399657126555, 37.14794790635001], [129.36353824978593, 37.1471012027044], [129.36394282265928, 37.14624403169666], [129.36150789954576, 37.14483342013252], [129.35829081641057, 37.14522785899301], [129.35663762897616, 37.14483003536048], [129.35484934173326, 37.14573715939799], [129.3520722745131, 37.146308507380965], [129.3505258371806, 37.14622673166259], [129.34899512161442, 37.145233428645504], [129.34908611884293, 37.1464543063419], [129.34783584146803, 37.14644763049984], [129.3460567405821, 37.145736733198], [129.3443360070455, 37.14595317089797], [129.34099480389398, 37.144603030302534], [129.33995631412694, 37.14533136331194], [129.33950600723074, 37.14682968709457], [129.3383459163065, 37.14345700898775], [129.33643534807547, 37.14197636552171], [129.3340794541481, 37.14260356033202], [129.33324133425884, 37.1407073506641], [129.33056923148996, 37.14049696042395], [129.3278930365535, 37.14194791381329], [129.32482985974207, 37.14228621959087], [129.32298741766857, 37.13994655198459], [129.32295100114058, 37.138197926351566], [129.3215616529571, 37.13758725956139], [129.3216162345836, 37.13676578558241], [129.32063369858375, 37.13576848285639], [129.319156292888, 37.13545158572847], [129.31940169449967, 37.13444319265401], [129.3181472579146, 37.132952324717046], [129.315585286568, 37.132298488812076], [129.31445361840733, 37.13133960890824], [129.31180117717352, 37.132212852722596], [129.31104480992101, 37.13166997253932], [129.31098347145095, 37.129582329678406], [129.3088855383751, 37.12793997712532], [129.30617868955213, 37.12768313615892], [129.3038656947638, 37.12824058246554], [129.30112890311918, 37.12658402598061], [129.30055409455548, 37.124941097657], [129.29978208206947, 37.124401624653046], [129.29931330391142, 37.1241143034091], [129.29777595516725, 37.124432012511754], [129.29759468047035, 37.12248425138818], [129.2952305707572, 37.120297955354204], [129.2945916267428, 37.114365114637174], [129.2934388178897, 37.114368670758495], [129.2932162138588, 37.1147479692519], [129.29255003775066, 37.114319144163936], [129.2904501444479, 37.11512506542893], [129.28865008463507, 37.1152533237933], [129.2853854535204, 37.11724843644796], [129.28199680024488, 37.11609832870867], [129.28111743553023, 37.116706483072456], [129.27848732532078, 37.11705722917158], [129.27673882719373, 37.11855351210434], [129.27451609910025, 37.11726530059832], [129.27201913337683, 37.11700813361205], [129.27123827369945, 37.11638056954891], [129.2710712844487, 37.11445321281507], [129.26977788566344, 37.11297939688386], [129.2705316683352, 37.111171601588616], [129.2691922845857, 37.11021211392149], [129.26914117296803, 37.108510656800675], [129.27024315138388, 37.10692279762639], [129.26886191610188, 37.106277143558344], [129.265992708483, 37.102324013758384], [129.263289387294, 37.10199830507307], [129.26022999308898, 37.10095564705624], [129.2590751873977, 37.10104518394706], [129.2552602697593, 37.099352931059364], [129.25520715733396, 37.09799892341349], [129.25394496697118, 37.09759678113094], [129.25316383514448, 37.09678937089329], [129.25178798826926, 37.097123845834766], [129.249030165388, 37.096151371394924], [129.24383965744147, 37.08983223556608], [129.24340481182713, 37.08816125103843], [129.2419532050514, 37.08759902070906], [129.24045943447368, 37.085035135374845], [129.2372527049538, 37.08381250231282], [129.23577683848399, 37.081545310512155], [129.23592396862816, 37.08106426714328], [129.23323597283118, 37.08009733078368], [129.23085936814658, 37.07662278823547], [129.22711698478216, 37.07503211737414], [129.2253777099318, 37.0737201133127], [129.22649441056976, 37.072163295962405], [129.22854244958717, 37.07161479146653], [129.2308616904146, 37.06890212875561], [129.23047069560425, 37.06721894961159], [129.23307499493143, 37.063881939287505], [129.2308010582, 37.058844735469], [129.22879924505907, 37.05826440834615], [129.22852082762373, 37.05723470926433], [129.229539307113, 37.05473830052197], [129.23206013102765, 37.05442784966683], [129.23113013840117, 37.05221943699284], [129.23292800197646, 37.04969708589264], [129.23271780299586, 37.04680548499728], [129.2331163744552, 37.0454412506553], [129.23266707304202, 37.04421926787163], [129.23470561166826, 37.04289284399554], [129.23537093982722, 37.042952115128514], [129.23820924172534, 37.04078797112135], [129.23890626196172, 37.039369648346536], [129.23801244078155, 37.0386653111612], [129.23644841465386, 37.040357160806415], [129.233592080256, 37.040401820012555], [129.23034002352344, 37.04247860098179], [129.2276846931235, 37.04314684915012], [129.22531413641636, 37.04455999502068], [129.22344281494688, 37.043908476923455], [129.22114247475125, 37.04443508855264], [129.21932902380374, 37.04369635811905], [129.21511316641755, 37.04392452983495], [129.21340949263907, 37.04298721354785], [129.20806205510684, 37.04394529587803], [129.20504610276578, 37.04497248090332], [129.2021492870368, 37.04443201555723], [129.19961437909419, 37.04268052682826], [129.19593872490177, 37.04249088291511], [129.19475222321879, 37.040629783209624], [129.19337186681634, 37.0409416743024], [129.1906093995005, 37.040650694637016], [129.18756964312678, 37.04134771029425], [129.18693395198844, 37.04186131994871], [129.18540948847922, 37.041719080608786], [129.18445191127716, 37.04378091622712], [129.18502950416826, 37.04657960709494], [129.1838066833244, 37.047253226141024], [129.18368125023508, 37.04886121472685], [129.1817023991883, 37.050390492080155], [129.18042938894948, 37.053207361976966], [129.17922379899952, 37.05399026671103], [129.17705378418862, 37.056716058402024], [129.1762795504622, 37.05686181376357], [129.17570585868035, 37.0578032350199], [129.17039764595316, 37.06035612484058], [129.1692154180635, 37.06343863564514], [129.166762244106, 37.06526110371352], [129.1658052420986, 37.06734052340331], [129.16613639006817, 37.069157800099944], [129.1645825510306, 37.06937067961749], [129.16177319682052, 37.06882596696701], [129.16068620178402, 37.069553012750916], [129.1594343561221, 37.069677166205985], [129.15923026033875, 37.07073909152349], [129.1579971233253, 37.07131504553713], [129.15523988560707, 37.070283235282396], [129.15425703010254, 37.072288545557086], [129.15259337299224, 37.0734306228507], [129.15211554120836, 37.07323066244769], [129.1511766173767, 37.07415942332081], [129.14975632242104, 37.07448393291294], [129.1480455371555, 37.076130076017684], [129.14427291396876, 37.076580072826026], [129.14218086465718, 37.08034601748734], [129.13947184107678, 37.08227322076397], [129.13786574044758, 37.08139082010888], [129.1365944471695, 37.08178305661402], [129.13357849551684, 37.081782579434226], [129.13169891123997, 37.08314441442643], [129.1271883005447, 37.08444356705015], [129.12648728486522, 37.08505910276903], [129.12658016347157, 37.088935410435326], [129.12255511741873, 37.0899497212199], [129.12289113861328, 37.09127665293606], [129.12012808298135, 37.09233285294637], [129.11871750123777, 37.09219965309957], [129.117989335545, 37.09272677218567], [129.1127104167785, 37.09241330373864], [129.10876120607927, 37.093590718613356], [129.10777949004597, 37.09349737765739], [129.1076597975007, 37.09437356589118], [129.10643642939922, 37.09493905565692], [129.10449648517422, 37.09770466033829], [129.1030207656529, 37.0985398484447], [129.10039965638506, 37.099436573010834], [129.09820245378498, 37.098974131937496], [129.09770194369787, 37.09990736047387], [129.0956600365296, 37.10031306097626], [129.09448203898938, 37.10249157553269], [129.09459642156688, 37.103684652603604], [129.09371519966248, 37.105535784531824], [129.09069248800492, 37.108969988933644], [129.08791506882798, 37.114076872193785], [129.0894691038741, 37.117425607467766], [129.09100777801177, 37.118100906335144], [129.09195521699985, 37.11946848129564], [129.09040339048022, 37.12092544863521], [129.09012895804955, 37.12283651639931], [129.089061088169, 37.12357435661313], [129.0909776696424, 37.1275929088847], [129.09072261775492, 37.129633701900936], [129.09279827052734, 37.131399996838816], [129.09357566455324, 37.1352674293407], [129.09536966181653, 37.13842940066512], [129.0942418536886, 37.13934542673314], [129.09344828007602, 37.14215811029895], [129.08869962975297, 37.14393721535814], [129.08952755759694, 37.14513826753335], [129.08841267809697, 37.14769560347886], [129.08918673974293, 37.149152956188416], [129.0889174040768, 37.15164978187585], [129.08790485280863, 37.152444074231425], [129.0891446015481, 37.15475722914422], [129.08845872327876, 37.15577999632462], [129.08857098579315, 37.15821239368925], [129.0872630297603, 37.158884345544124], [129.0869626844547, 37.159538834685314], [129.08574394824484, 37.159554092161265], [129.08474857713333, 37.16035143405375], [129.0825959757854, 37.16030424628556], [129.0819385509807, 37.15986816070287], [129.07614052770322, 37.16019787840927], [129.07405702860044, 37.15971829918858], [129.07192172120162, 37.160188628959375], [129.07407332096716, 37.161847774718225], [129.07465864468395, 37.1647316485257], [129.0737060057397, 37.167757000837575], [129.07183268981325, 37.16992064287626], [129.06816956474628, 37.169486867955264], [129.06448719765388, 37.170607909925245], [129.06162727032455, 37.17110784584259], [129.06020552395708, 37.170701821024515], [129.05840731400912, 37.17130597702948], [129.051283360487, 37.16994185848098], [129.048193348782, 37.17267432503549], [129.04506323020104, 37.17170584269083], [129.04249736179, 37.17290350876351], [129.04038873059667, 37.17474076039909], [129.03845646817788, 37.174647039798195], [129.0365508982287, 37.175888678868944], [129.03413630856468, 37.175087802945164], [129.03276659654455, 37.17575515600718], [129.03039595660164, 37.174517923366885], [129.02722433053938, 37.17498013556339], [129.02570162676008, 37.17751065660857], [129.02314045041447, 37.17879819208904], [129.02196087263923, 37.17875047944069], [129.02125153289484, 37.1796215208242], [129.01654805137377, 37.181421781142255], [129.01544362685172, 37.18447067090505], [129.01331312419953, 37.18491030716278], [129.01134131288268, 37.18653246363155], [129.00826592873526, 37.193751800779665], [129.0070335129982, 37.19458883408618], [129.00814382314917, 37.19558635303943], [129.0080448825215, 37.196608008348086], [129.0090059293518, 37.19850556326546], [129.00749163905834, 37.19925334649486], [129.00713155861922, 37.2009669186229], [129.0059024438604, 37.20053643684118], [129.00513823237935, 37.20131625995715], [129.00429416245996, 37.201179355014794], [129.00214108709073, 37.20249051543945], [129.00074899195255, 37.20281948553399], [129.00132084060442, 37.203309823467094], [129.00134434181976, 37.20590739211218], [128.9987604096317, 37.20781162759696], [129.00017268767922, 37.20892461336544], [128.9999919831559, 37.21280179933202], [129.00117891688245, 37.21502808283614], [128.9999824374009, 37.21792298133155], [129.00373262248357, 37.219669857939564], [129.00869630064224, 37.220852982453664], [129.01049305615769, 37.22082476104766], [129.00845648401005, 37.22309463581033], [129.00852026223342, 37.223893658552576], [129.00664067312968, 37.22461215647027], [129.00437946561635, 37.22706228514906], [129.0065411018393, 37.227485995847836], [129.008098123978, 37.229126265739474], [129.00762864016093, 37.230023294712005], [129.0054495613131, 37.23075275301311], [129.00552741399594, 37.23131280643831], [129.00791942943056, 37.23263910951899], [129.00743413709736, 37.2335119093181], [129.0042541231735, 37.235272937581215], [129.0016345148963, 37.23515478056723], [129.0006747794058, 37.23574503056598], [128.9969835859988, 37.23450129059792], [128.99615577509655, 37.235369120489636], [128.99318632299835, 37.23525638635392], [128.99216556779984, 37.236983278329845], [128.9920338205596, 37.2389756247342], [128.99103867079876, 37.239603273649735], [128.98994647031012, 37.24128207892622], [128.9906503591739, 37.24263397767328], [128.99395334516186, 37.2446231750101], [128.995449935022, 37.24462162164087], [128.99677123778628, 37.24336795781745], [128.99850634429737, 37.2431579551026], [128.99971528732834, 37.243559564604794], [129.00001355405695, 37.24418627717838], [129.00177059980248, 37.24465941211877], [129.00077115648264, 37.245763841089754], [129.00101121566556, 37.246825653684425], [129.0005268324803, 37.24712605587913], [129.0024863030555, 37.24905829730238], [129.0015541381698, 37.249499160494295], [129.00162453659067, 37.250562989445115], [129.00311188114094, 37.25096633777305], [129.00650135396543, 37.25058521606532], [129.00706298132138, 37.25092704997265], [129.00797748360108, 37.25351201630552], [129.007024835717, 37.255611468138426], [129.00841517259397, 37.25673427731981], [129.01030322680987, 37.255165118302216], [129.0102934043481, 37.25842846695411], [129.00992964753854, 37.259558496341036], [129.00608381498944, 37.263319861991505], [129.0051089144052, 37.26373501133168], [129.00648781907864, 37.26683942664476], [129.007075320466, 37.26722220414256], [129.00794545272774, 37.27040982549324], [129.01025597001106, 37.26995875333243], [129.0121643453056, 37.2725467921668], [129.01513026355266, 37.27417623421984], [129.01406804597892, 37.275205270371075], [129.01325096647903, 37.277344966390984], [129.01415630338266, 37.278691315337994], [129.01123238477598, 37.27993158376716], [129.00926986442497, 37.282299591323934], [129.00603419519803, 37.282807143403005], [129.00666741670958, 37.283447865283165], [129.0057571670778, 37.286522071250005], [129.00385495622584, 37.28837321369565], [129.00534402891896, 37.29010135316046], [129.0056104037589, 37.29214606946072], [129.00621852387312, 37.29291334240829], [129.00822437987574, 37.29509353916236], [129.01099003795616, 37.296476472154744], [129.01374919824602, 37.299886709741045], [129.01605242009757, 37.300833702558215], [129.01843665611375, 37.30351852136362], [129.01801259504194, 37.30470224214404], [129.01773363782812, 37.305170666847445], [129.01591176146792, 37.30521718806888], [129.01438910271284, 37.30761663835287], [129.0130961330586, 37.307939583168775], [129.01101841602983, 37.31167047304664], [129.00947563887104, 37.31148299253763], [129.00910309313713, 37.31217201542993], [129.00637156143503, 37.312996749200536], [129.0058415003307, 37.31441898902632], [129.00329520977607, 37.31653103755791], [129.00280202425776, 37.31792391533088], [128.99831136050435, 37.319258498969546], [128.9994262144977, 37.32151806081202], [128.99823096955976, 37.32487910217071], [129.00268232146934, 37.327485117673604], [129.0042632969156, 37.3275594258466], [129.0043850614687, 37.32918401712869], [129.00644810776043, 37.33208705236723], [129.00854141313621, 37.33202761638968], [129.00880417207014, 37.33385925771532], [129.01134941105096, 37.334484092913605], [129.01266982012197, 37.33702378744133], [129.01435490734227, 37.33817725334294], [129.00983162207802, 37.340084328185775], [129.00943061464426, 37.341152484478044], [129.01000681067055, 37.342649977985], [129.00830843415048, 37.345542192633964], [129.0074469157607, 37.34559283890089], [129.00236404826467, 37.343738679713546], [129.0013264080118, 37.341043743036195], [128.9992885193098, 37.339997420501184], [128.9993246800525, 37.33850106875862], [128.99528959949023, 37.33603149052578], [128.99299350261813, 37.33597334059552], [128.99159610207576, 37.335487299826845], [128.9903268463388, 37.33412382262227], [128.98925879049693, 37.335282521021085], [128.9879296992344, 37.335715025184236], [128.98498612457843, 37.33539619598787], [128.98199444703164, 37.336184488103655], [128.9781079635066, 37.33641250518338], [128.9710279368303, 37.334418604865704], [128.970080357399, 37.33658439236954], [128.96932164554065, 37.33691036111114], [128.96875495305662, 37.33586631256393], [128.9687486491045, 37.33342164993411], [128.96777566256804, 37.331937577558975], [128.96615677247246, 37.33082993008678], [128.96616603408114, 37.33025152338063], [128.96384772068652, 37.32925088673842], [128.963100631396, 37.32698517015591], [128.9622181577227, 37.32654823415534], [128.96086412257222, 37.324514119590894], [128.95799774014827, 37.32231159893841], [128.95697432794614, 37.31811997272575], [128.9560591451646, 37.3164693036094], [128.95377743308885, 37.314259264221874], [128.95401905468427, 37.31344841897732], [128.95339844474637, 37.313206693040314], [128.9529397839719, 37.31123990785516], [128.9509738848965, 37.30779263594882], [128.9485160863689, 37.30808591776893], [128.94482467646472, 37.3067082903659], [128.94328431230764, 37.30553624182209], [128.94360514652573, 37.300348034711256], [128.94231301449042, 37.297653332470354], [128.942608485326, 37.29664512006544], [128.9449370526252, 37.293917730490705], [128.94644680386767, 37.29022882792152], [128.94575605572945, 37.289731739055654], [128.9448768956367, 37.29000490526802], [128.94154335814505, 37.28888675976429], [128.94162016409638, 37.28632076664946], [128.94063994836762, 37.28585457840813], [128.93959314398938, 37.28389088279831], [128.9413881623956, 37.28105884900987], [128.94104470254473, 37.27937276488312], [128.93733090140438, 37.27666106807083], [128.936576839377, 37.27412415184458], [128.93396471805886, 37.273122357206695], [128.9304968556091, 37.27449030043113], [128.92845514589183, 37.27376483981939], [128.92617980101744, 37.27414194630093], [128.9243610351346, 37.272955023121725], [128.92516216823992, 37.27172494563843], [128.92755352108333, 37.27011032335386], [128.92787091823976, 37.26852070809949], [128.92903822122625, 37.26760503102918], [128.92896107111707, 37.26497988162663], [128.92971250861905, 37.26332575423429], [128.93101077991213, 37.26250815550985], [128.93108625309344, 37.25886785218511], [128.9322048936675, 37.25722574304074], [128.93499117505368, 37.257182238780146], [128.9333560767922, 37.25451581173525], [128.93321403286424, 37.25314650492274], [128.93459689250432, 37.249872249591476], [128.93480510292937, 37.24638884467114], [128.93537996028928, 37.24536087598749], [128.93264874607877, 37.24424751890294], [128.9317627198727, 37.24257644583516], [128.92960498672065, 37.24071859172123], [128.92389027826357, 37.242745647385284], [128.92270483398724, 37.24164496094094], [128.91811093424752, 37.24005049507672], [128.91845171673066, 37.236682923032056], [128.9183235196961, 37.23555577255228], [128.9176206322489, 37.234774074886744], [128.91707053542723, 37.225531249304595], [128.91084673214124, 37.219778420806975], [128.9100457962988, 37.21773698534687], [128.90797051513442, 37.21654585131131], [128.9054604983554, 37.21791812521208], [128.90539929435158, 37.219456794307746], [128.9035480878793, 37.22490827610011], [128.9043978869683, 37.22783917982915], [128.90315444404183, 37.22868629836659], [128.90217732242922, 37.23040100138935], [128.90118131625368, 37.230772368446615], [128.89986452338496, 37.23474055214244], [128.89864697128445, 37.23594604702288], [128.9006730420939, 37.240195392700976], [128.90079853074397, 37.24291490380025], [128.8984941478933, 37.24573628784319], [128.89793481052166, 37.24869218640996], [128.8966764009257, 37.24933575468402], [128.89695012624733, 37.250279901388005], [128.89527538081012, 37.25166237249305], [128.89416899172423, 37.254025883843454], [128.8916966069864, 37.25496107350507], [128.8914466746283, 37.25596082194779], [128.8884713340347, 37.25889711321611], [128.8868120774737, 37.26176084307369], [128.88349219878907, 37.26196298487878], [128.88175481230755, 37.262915972867425], [128.87994869085495, 37.26478039253475], [128.8820719361035, 37.27184870142579], [128.88395690842987, 37.272874873565456], [128.8876286425224, 37.27306092691596], [128.88838399138217, 37.27394232540122], [128.88873834728741, 37.275930019753815], [128.88545475188283, 37.276981208187415], [128.88316445550154, 37.27688349125281], [128.8813072131876, 37.27839613806533], [128.87709762169183, 37.27868912505427], [128.87389227081945, 37.281203132401146], [128.87169311700916, 37.284447929902065], [128.87223401573442, 37.29038349010191], [128.8709827187499, 37.29181821745857], [128.86825296820385, 37.29303617063311], [128.86584541559245, 37.293215916900785], [128.8641143094177, 37.29557984129461], [128.861657058203, 37.29647087067109], [128.85980187943088, 37.29808164372777], [128.858792418445, 37.30017066659457], [128.85846720886687, 37.30423262703842], [128.8595722609549, 37.305349997468625], [128.85972761903673, 37.307228545304184], [128.86475815905845, 37.31162982745527], [128.8675150892104, 37.31241894794346], [128.86701687300027, 37.314860909624805], [128.8701306181113, 37.31900943115473], [128.87156818953073, 37.319444370545355], [128.87326223973457, 37.321099653112135], [128.8784063947004, 37.32395204259742], [128.8762326608679, 37.32586147708095], [128.87331847196108, 37.3269361174946], [128.86997745110557, 37.32940200002924], [128.86684877805408, 37.33895866397117], [128.86459592971505, 37.339006310101645], [128.86346129149123, 37.33846176342667], [128.85668534653468, 37.340819278993294], [128.85553938681448, 37.34060553041011], [128.85176204891172, 37.34143285901578], [128.84914820940637, 37.34147368624078], [128.84602757703865, 37.33973259231954], [128.84648255851107, 37.344316593969666], [128.84791867478947, 37.34737494259472], [128.84841024997542, 37.350563926549064], [128.84942410298632, 37.35142142099896], [128.8490477684799, 37.35607008825661], [128.85010002134473, 37.35813850680169], [128.85191795450203, 37.358631552660626], [128.8521687734824, 37.359485275891], [128.85134037566576, 37.36115359194728], [128.8516714300418, 37.36177354814348], [128.8512578897103, 37.36253779193612], [128.85228836320528, 37.363879213108014], [128.85163460678191, 37.365643719532095], [128.85447477934662, 37.36669806086585], [128.85363649542137, 37.368532296944586], [128.8549804877065, 37.36956460984994], [128.8551942640201, 37.37183081002764], [128.85634813523396, 37.37243094463752], [128.8559728582806, 37.37390461658439], [128.85675144749513, 37.374969477390344], [128.85679226762116, 37.37604720777284], [128.85834951677793, 37.37701552833786], [128.85797822632577, 37.380928918928944], [128.85871730594133, 37.38177044842007], [128.86136654500095, 37.382023622346345], [128.86259544885613, 37.385725727671485], [128.8642935031006, 37.38707941539586], [128.8653678586159, 37.390354476625355], [128.86852021644594, 37.39101945711671], [128.86895805072285, 37.39145050047868], [128.86905280377943, 37.392774779769375], [128.86798300281436, 37.39436905708309], [128.86986053138537, 37.394664448644804], [128.87064047850268, 37.39531842847327], [128.86979585373737, 37.398750064113166], [128.87072230581984, 37.400300385137335], [128.88282048653278, 37.404396900172024], [128.88473235205433, 37.40624577307796], [128.88954333241213, 37.40484105767384], [128.8903415225234, 37.405889752223956], [128.89317666297455, 37.40762597004693], [128.8954287014036, 37.40956065399179], [128.8968220721771, 37.411663860999774], [128.89789785997053, 37.415118438022006], [128.89742948518187, 37.41679537749247], [128.89773566327491, 37.42013425551669], [128.898593391288, 37.421035917495416], [128.89860690592505, 37.421852154956234], [128.89837870159474, 37.42396415100265], [128.89712746399158, 37.42570868878702], [128.89802753302433, 37.427363253829135], [128.89785513514, 37.43029203080562], [128.8984095082556, 37.43155895549669], [128.899945947273, 37.43264785799036], [128.900017914693, 37.43352306225262], [128.90132480791115, 37.43486191836392], [128.90123384542284, 37.43553809819819], [128.90406854702462, 37.4380717507531], [128.910610125152, 37.43634012831245], [128.91448620067484, 37.439658785934604], [128.9187385402979, 37.44125045762009], [128.921178969579, 37.445310380140455], [128.92251923002982, 37.44626553610758], [128.92584104344047, 37.44723292859084], [128.92755953110233, 37.44856432992145], [128.9308710369719, 37.44847091621059], [128.9323680776556, 37.447759484079086], [128.9342913670778, 37.447595533928244], [128.9353068337777, 37.44866896231022], [128.93561698806346, 37.45038715515321], [128.93710573600774, 37.45109113436529], [128.9387160171058, 37.45103350395126], [128.94060730801513, 37.45006334658965], [128.94384701062904, 37.449299342101035], [128.94686981532078, 37.44974209097], [128.95508409872895, 37.44942036775549], [128.9581535947908, 37.44600712736454], [128.95855826449315, 37.44424626543411], [128.96374760695576, 37.44185566157225], [128.9653361679008, 37.44180449508492], [128.96656094730395, 37.44075038599136], [128.96865540866213, 37.44007844659593], [128.970929988288, 37.438467143781374], [128.97274511642345, 37.436128120195214], [128.97252574631338, 37.43453498295383], [128.97523623553826, 37.433239505601335], [128.9775379640906, 37.43299609040728], [128.97912747975613, 37.43404856543267], [128.98462915856294, 37.433926527835084], [128.98826784472254, 37.432268621815844], [128.99150091255026, 37.43188371185094], [128.9931760879528, 37.43059427200896], [128.99517840980107, 37.43070070630516], [128.99942296494012, 37.42987145138547], [129.00224762484166, 37.4286452100036], [129.0028116761824, 37.42759544690337], [129.00444141392057, 37.42679759160307], [129.00558925918426, 37.42730936823099], [129.00687460751342, 37.42909801032275], [129.00787187817218, 37.43110831310308], [129.0083900608997, 37.43384236264751], [129.01020322592203, 37.435928576699354], [129.01480858036686, 37.43862541889349], [129.02090874468664, 37.441031630875194], [129.02504603810593, 37.44319610977169], [129.0268484805886, 37.445395415621206], [129.02922642059923, 37.44698687098649], [129.03213523002145, 37.44747095866732], [129.03556003313957, 37.449534968136405], [129.03630128361974, 37.45227460660596], [129.03814959451668, 37.453267202542015], [129.0411737563211, 37.45406042763128], [129.04354114693155, 37.45564558074057], [129.04674787998297, 37.45616130332705], [129.04820087804663, 37.45695256854731], [129.05063094765302, 37.45604391042133], [129.05382617545436, 37.457014282782666], [129.05434675474856, 37.45857920961886], [129.05522033062445, 37.45893646942892], [129.056200257248, 37.45858583477467], [129.0590008140418, 37.458911506468155], [129.06564547222376, 37.46038137822958], [129.06792552673753, 37.458703653531224], [129.07077501871296, 37.45841955341939], [129.0740553892743, 37.456283615685344], [129.07684865240472, 37.45644035646605], [129.0817943239821, 37.45855089615953], [129.0832983920442, 37.46042349698201], [129.08542582973863, 37.46023368672688], [129.08603678027802, 37.46107280889918], [129.0880773866777, 37.46052892667923], [129.08875213574615, 37.46115942245269], [129.09211620178164, 37.46225808194177], [129.09394453208256, 37.46234704624468], [129.09584618932683, 37.4634312456044], [129.09832852807168, 37.462732969021374], [129.0986654410466, 37.46063449463123], [129.10030451734698, 37.45980362503111], [129.10187531810678, 37.45960117148129], [129.10253010431708, 37.45853047001979], [129.10351753282166, 37.458985567042156], [129.10456777138592, 37.458228739939834], [129.10484261353216, 37.45733708011439], [129.105795305475, 37.457409919435236], [129.1073954417829, 37.455800696280306], [129.10911082227787, 37.45599728773567], [129.10962728957082, 37.45685907928046], [129.1124979370559, 37.45709778006565], [129.11509870057282, 37.460042075197485], [129.11616191418463, 37.460664335933316], [129.11789465024387, 37.46050747250408], [129.11981712253, 37.459790904259066], [129.12316738757735, 37.45697701556145], [129.123729519029, 37.457287280371546], [129.12504583934663, 37.456781674089186], [129.12560698475448, 37.457169087450524], [129.12791328001833, 37.45680610563132], [129.12882486785918, 37.45530330432572], [129.13044695838016, 37.456031630155586], [129.13035751639617, 37.45524360124598], [129.13108544069266, 37.45432682399872], [129.1323464889694, 37.45401722857451], [129.133090011302, 37.4531412534097], [129.13400532587946, 37.453552631435834], [129.13478353917165, 37.453177687230415], [129.13575024687376, 37.455148280831615], [129.13552283190216, 37.45658921994327], [129.13727697689637, 37.458021385307475], [129.13813128961905, 37.45992219714645], [129.1381911534581, 37.46284406937842], [129.1394072654349, 37.46477181511437], [129.14070175918633, 37.46525932628482], [129.14176421450037, 37.46650153801423], [129.1468700988379, 37.46593175403044], [129.14800300801937, 37.46506466066479], [129.14912490995485, 37.464924348026166], [129.14936219656383, 37.46552724672284], [129.1507980031203, 37.46570522725362], [129.15179476090086, 37.46834653010947], [129.1540068988393, 37.47082577108961], [129.15352155686705, 37.47134133756474], [129.15499615954235, 37.47278056785387], [129.15517272829945, 37.47419447915766], [129.1568878724783, 37.474794621189034], [129.15817405719622, 37.47638364171207], [129.1586769270878, 37.47565463086601]], [[129.19010653563942, 37.43874205262153], [129.18776793574528, 37.43857513691788], [129.1872529933234, 37.43748925897449], [129.1880041781219, 37.43744085392674], [129.18829194899536, 37.438149943638685], [129.19168660099598, 37.43781128330643], [129.19010653563942, 37.43874205262153]]]]}}, {"type": "Feature", "properties": {"code": "32510", "name": "홍천군"}, "geometry": {"type": "Polygon", "coordinates": [[[128.02610306964203, 37.94551993608945], [128.0284053483956, 37.944190469060096], [128.03010734505943, 37.944459950585056], [128.03143887870817, 37.942535587875724], [128.03411057538585, 37.94081764537785], [128.03451769255528, 37.93676032176651], [128.03673568437253, 37.93583852910765], [128.0369023849446, 37.933861285930604], [128.03832757404274, 37.93184874971375], [128.03847097200946, 37.93069546532439], [128.03939958256507, 37.92987562707989], [128.03894750625176, 37.92856317987608], [128.03941092894746, 37.927749973776365], [128.0429095264503, 37.92637447810991], [128.04549004266948, 37.922515758479626], [128.04688654105271, 37.92202335458899], [128.04973426641212, 37.92196789877001], [128.05223626061834, 37.91911987134019], [128.0530448621519, 37.917329996115605], [128.05582171218268, 37.9176503076257], [128.05729584412447, 37.91618552312416], [128.0588931296827, 37.915781832442505], [128.06038493069076, 37.91454037902179], [128.06067647612122, 37.91350960983024], [128.06441849010278, 37.910751499992976], [128.06610326095895, 37.9104617814223], [128.06993381159606, 37.90874014110907], [128.07351243397667, 37.90830360589141], [128.07722428101795, 37.906697391214394], [128.07855372919278, 37.90573506770626], [128.07938463162395, 37.903895264281694], [128.08261437564553, 37.9017082769942], [128.08831283046362, 37.89976306787039], [128.089714588191, 37.89974898984373], [128.09130624057968, 37.89830043110636], [128.09476960196542, 37.89782490379382], [128.0971455023594, 37.89682815620511], [128.10224024888387, 37.897669975937404], [128.10597973115227, 37.90005920102601], [128.10725471784284, 37.90012014775113], [128.11257749465744, 37.89909198919394], [128.1162848564754, 37.89701697163723], [128.11941908327162, 37.897039609040114], [128.12304554312965, 37.895622234586696], [128.12602569194328, 37.89511914593429], [128.12932221206913, 37.89577144338311], [128.13107100393728, 37.89836248183205], [128.1327929555833, 37.89640592606932], [128.13317238857908, 37.894225211256355], [128.1404821030502, 37.89437767791902], [128.14180245147662, 37.893054657168356], [128.14495128168465, 37.89286082392104], [128.14879606955841, 37.894019913722296], [128.14961787352667, 37.89530665481501], [128.15191670361665, 37.895574461671906], [128.15275805648787, 37.895123102594425], [128.1552309136208, 37.89495475399685], [128.16073655438726, 37.8952339897247], [128.16107138998373, 37.892731565012795], [128.16314793041016, 37.890498831693], [128.1642261381267, 37.887068455657214], [128.1660596953169, 37.887060469430594], [128.16770101985455, 37.8859009275644], [128.1694391760737, 37.88613003351209], [128.1719211314779, 37.88476277214976], [128.1742566752462, 37.88492026437142], [128.17369039966866, 37.88319056011482], [128.17365265245326, 37.881526254531], [128.17444342387986, 37.87922560751025], [128.173605850908, 37.87794539142582], [128.17391849943422, 37.87640512676007], [128.17047827524226, 37.8739776414811], [128.16882714753572, 37.87076037055257], [128.16865109801296, 37.86885390461121], [128.16924891881348, 37.86841132675575], [128.1692104364632, 37.86658063849735], [128.1680534809491, 37.86529960025957], [128.16843974935094, 37.862793533022526], [128.16932175509294, 37.86166289225541], [128.1702240068102, 37.85848784910209], [128.17169017834428, 37.85696146787309], [128.17064493868898, 37.85460868347228], [128.16931197515456, 37.8531883553905], [128.16870163568797, 37.85125269250617], [128.1705325299131, 37.850323217093944], [128.1719086682096, 37.850141471151375], [128.17356095997602, 37.84766755571576], [128.17580605654035, 37.8466730621091], [128.17819277386332, 37.84637249373525], [128.17880011742986, 37.84507025473959], [128.18114045029193, 37.84279796747924], [128.18140593978697, 37.837513224523136], [128.18010525311138, 37.835013584488955], [128.18334826636575, 37.832874950223676], [128.18416816578264, 37.830847013706084], [128.18476357846873, 37.83052318813342], [128.18455448841914, 37.82998812473456], [128.1866099303803, 37.82998294303403], [128.18911290172616, 37.82638678342501], [128.19131218818478, 37.82418328269604], [128.19276186917733, 37.82289132552497], [128.19625903091753, 37.82204311760555], [128.19722310575023, 37.82004938134447], [128.19922985173795, 37.81797044003081], [128.20070867584042, 37.81735544763611], [128.2015006870822, 37.8162311064065], [128.20551513996162, 37.81550939834193], [128.20866375879248, 37.81268353518226], [128.21241625215455, 37.81199580972726], [128.21436645083458, 37.812356090237586], [128.2195238199383, 37.81784875881947], [128.22093796976347, 37.8180801856911], [128.22433101091454, 37.820505588510045], [128.22639006236093, 37.8209287296841], [128.22740246516628, 37.82057697584633], [128.22851399191438, 37.82188240862374], [128.23470809920494, 37.82217159755308], [128.235363561735, 37.823340682446016], [128.23776216731179, 37.824366206187676], [128.23868955441515, 37.825235965015345], [128.23954673037557, 37.828296766792214], [128.24004567045125, 37.82899084227757], [128.24058183885754, 37.828960422302224], [128.24260001838178, 37.832094840337895], [128.24701255340236, 37.832687894116006], [128.24733545927876, 37.83403244186286], [128.2469667300397, 37.835325181376284], [128.24754053721682, 37.8360738938119], [128.24920379154432, 37.83650588419902], [128.2514698681131, 37.838055603399425], [128.2522323149685, 37.83792532407972], [128.2540038559373, 37.83957202503349], [128.25505283415828, 37.839234851500116], [128.25610414495426, 37.839622300318915], [128.25610736202472, 37.843500606777795], [128.25680376725145, 37.844414067330526], [128.25783782602278, 37.844470325757534], [128.25974342957375, 37.84928917422791], [128.26081469150031, 37.8495871255214], [128.2607402352704, 37.85172218592728], [128.26192065488056, 37.85486351541521], [128.26108906896272, 37.855112837262254], [128.26105852269527, 37.85571760721179], [128.26136415342586, 37.85637986936986], [128.26256204880437, 37.856809889583765], [128.26293461392495, 37.85798183798651], [128.2654552358537, 37.85880699482066], [128.26753150944637, 37.86101241659986], [128.26922326907524, 37.86138976065864], [128.27308137624016, 37.86070514895061], [128.27560825470522, 37.864439599189986], [128.2774675315068, 37.86517508456942], [128.2790416747989, 37.865170117763455], [128.28097428779876, 37.86611843349643], [128.2826646522448, 37.865891997052], [128.2849399348052, 37.86626220170992], [128.28623313309794, 37.86518955564032], [128.28751862704704, 37.86486105518296], [128.28892162731643, 37.865510970162596], [128.29066055238516, 37.86721798263542], [128.2904516532585, 37.86778388966936], [128.28922897096487, 37.867928177826315], [128.28918694911403, 37.86837063548711], [128.29106939055737, 37.869301307261665], [128.29337148087137, 37.8697743727032], [128.29705717057035, 37.86781104454765], [128.2975903509587, 37.867311382515574], [128.2978523032952, 37.86464891287942], [128.30034432148125, 37.863384983083016], [128.30102518993604, 37.86175390622863], [128.30324535160548, 37.86012327030372], [128.30387289065757, 37.85861494986361], [128.3051164364632, 37.85760936735979], [128.305039290711, 37.85681771882628], [128.30570327262808, 37.85619241568421], [128.30572983640317, 37.85497958251481], [128.3068919806254, 37.85278571998151], [128.30701746551472, 37.851324329700894], [128.30540589300898, 37.849590243065244], [128.30620778001935, 37.84619683663246], [128.3074266410543, 37.843684209332395], [128.30955910272294, 37.8411459373596], [128.31114052470545, 37.84150110405612], [128.31175771679727, 37.84101085667151], [128.31661863707083, 37.83476785174083], [128.31752981049587, 37.83454624552989], [128.31758665387682, 37.83338994141399], [128.3201207462132, 37.830698624457234], [128.32834939007014, 37.833880370367574], [128.33246777715686, 37.831988483267835], [128.33453255341044, 37.82869406273868], [128.3360652660892, 37.82792981452449], [128.33758999652028, 37.82751247277574], [128.34084812702238, 37.82754247261555], [128.34746264818068, 37.82629028272997], [128.34932255185757, 37.8280119438479], [128.35206380975708, 37.82936030211882], [128.35355587316394, 37.8307153450787], [128.35928896825493, 37.83110039242223], [128.36516103854152, 37.83355614393869], [128.36636081266286, 37.836407615132536], [128.36280548484842, 37.83863482230035], [128.36460024421052, 37.84123535384078], [128.3644483698744, 37.842049308635595], [128.36537825143688, 37.843579054989654], [128.3655324792666, 37.845900418545284], [128.36614257164203, 37.84704591288928], [128.37303111982362, 37.849247921990475], [128.37622058119157, 37.85239224698662], [128.37817730856338, 37.852337285054666], [128.37894891385423, 37.854230247436725], [128.3796781392082, 37.854550539051075], [128.3824039598449, 37.85862378760461], [128.38532620771434, 37.858638748677706], [128.3865704482225, 37.859133952699224], [128.39040029344534, 37.858845042736135], [128.39094335283696, 37.859476848592365], [128.3930744816425, 37.860113827809926], [128.39714847198113, 37.862301185527755], [128.40059199669508, 37.86123754035273], [128.40210149798193, 37.863376343727204], [128.40203177844074, 37.8657152259833], [128.40272068417457, 37.867158006096666], [128.40497430898697, 37.86961166382983], [128.4068123611504, 37.86986675524642], [128.40966166094162, 37.8721459857264], [128.40938289118583, 37.87274417839016], [128.41131292694016, 37.87552870668435], [128.41158453964465, 37.878281564289374], [128.41287187458263, 37.87992881034619], [128.4131950517663, 37.88204790031486], [128.41227154077257, 37.88467262538039], [128.414433596203, 37.885315818834194], [128.41741751110436, 37.88345377921318], [128.42152931544513, 37.882880898362146], [128.42358993267257, 37.880135108085746], [128.42345744915573, 37.878934327384776], [128.42432535126184, 37.87778198424188], [128.42658172418191, 37.87700584277964], [128.4270596187998, 37.876021201495384], [128.4283851088253, 37.87510146026836], [128.42944406309704, 37.870973604133376], [128.4306923862468, 37.87014682720189], [128.4308547258691, 37.86832903454737], [128.43171241317708, 37.866697046272584], [128.43577869860124, 37.86450800279613], [128.4381710253841, 37.864597638515335], [128.4404324450788, 37.86398163666018], [128.44135245608695, 37.864562144575274], [128.44236679674728, 37.86438730215628], [128.4442349300787, 37.864892843782116], [128.44435674059275, 37.86757031254318], [128.44513444972907, 37.86813395638831], [128.4460736697167, 37.87078507899205], [128.44743485776655, 37.87214472567279], [128.44766906920918, 37.87347964083222], [128.44973647484977, 37.87370111810617], [128.4540193304449, 37.87529694249391], [128.45802771816574, 37.877752677722626], [128.4584620849764, 37.87944713041904], [128.46005411419054, 37.87943529848451], [128.46194178743104, 37.880185229430815], [128.46327106622715, 37.87981739096808], [128.466320172222, 37.880959062220896], [128.4684397524719, 37.883940436393765], [128.4707293952339, 37.8857293782544], [128.47214080945022, 37.88625565027064], [128.47536104513495, 37.88528804417274], [128.47751631603245, 37.8876308735067], [128.4776411039302, 37.88934377297191], [128.4814246639394, 37.89300190727241], [128.48500314584555, 37.8916801633426], [128.4863600443311, 37.89043731832666], [128.488092886566, 37.88999682302247], [128.48900218175655, 37.88910952716594], [128.49186696828608, 37.88868197953489], [128.4927859904881, 37.88791022946627], [128.4939265062333, 37.88776515221744], [128.49719025588553, 37.88376245919951], [128.49738048755938, 37.88517692718882], [128.4986662860372, 37.88612169280785], [128.50093227788366, 37.88617983682382], [128.50349637704147, 37.887343320355946], [128.50593355502582, 37.88687443469228], [128.50742275717593, 37.884440233386265], [128.5082081357946, 37.88421510374921], [128.5107720652538, 37.88053095252819], [128.51175985058023, 37.88006250008346], [128.5166299018056, 37.88092075894666], [128.51883410559958, 37.88081355232804], [128.52062748517534, 37.882251780639116], [128.52372666857949, 37.88281138266702], [128.5252167637609, 37.88259025288657], [128.526215438745, 37.883083770292636], [128.52752864746495, 37.885323691529685], [128.52743568202203, 37.886343992556476], [128.52929008996475, 37.88754032427512], [128.52997638697175, 37.888847512611015], [128.53406982554992, 37.89007491203893], [128.53661443398877, 37.88968703941685], [128.5397500217745, 37.89113871351706], [128.54101368254618, 37.891092349600214], [128.5422395543337, 37.89005101825393], [128.54406696352743, 37.88719754415074], [128.55089138339326, 37.884132825970035], [128.55745715186686, 37.88002839094119], [128.55824115732275, 37.87806034702253], [128.55921548937903, 37.877053414401736], [128.55948639869604, 37.87560001180251], [128.56774353113434, 37.87540372756649], [128.56869430943743, 37.873477600605895], [128.57213541740424, 37.87052196682261], [128.5733393340629, 37.8683165303335], [128.57375908002692, 37.8646399274016], [128.5771483943795, 37.864016371938924], [128.57882501064745, 37.862792403127884], [128.58340772217647, 37.86343414614574], [128.5879711216976, 37.86209492658469], [128.58878752567958, 37.861004580153896], [128.5887787909829, 37.859918604270874], [128.5882619305706, 37.85672893328016], [128.5873913473495, 37.85570327055012], [128.58737447701898, 37.85219803361869], [128.5858220689363, 37.85078065624153], [128.5849258786034, 37.84815432021986], [128.58610738964444, 37.84622944212066], [128.58605715961812, 37.84514317713987], [128.58303303133079, 37.84212738581186], [128.58352438572862, 37.84075006655088], [128.58160610581768, 37.8377255630971], [128.58200043401933, 37.83617642270887], [128.5815682201845, 37.83536750791205], [128.58230036929777, 37.83241720534889], [128.5812503436207, 37.830981473118435], [128.58036123304112, 37.82800112399732], [128.58048396901626, 37.82614933768434], [128.58273576081092, 37.821385079912325], [128.57696761616745, 37.81705997369588], [128.57591645950882, 37.81573906299489], [128.57574568070228, 37.81414765985037], [128.57154920260572, 37.80989781818288], [128.57056776723644, 37.80839124399755], [128.5708400916717, 37.80799629902107], [128.5696645691506, 37.807410626273295], [128.5680631963872, 37.80804790787883], [128.55638367317954, 37.80945825578634], [128.5523254327232, 37.80635589927513], [128.55125509817717, 37.804276871054604], [128.55039301680944, 37.80372178836], [128.5486567633865, 37.80352671294458], [128.54375739001472, 37.80022762110294], [128.54326093702903, 37.79715088251093], [128.54396629462576, 37.79534498112404], [128.5425813790878, 37.79345466590817], [128.54234513081008, 37.79227732500336], [128.54287495930276, 37.79158601587641], [128.54292866486782, 37.78957805518039], [128.54252200525553, 37.78834243374278], [128.5395910333535, 37.783219569544045], [128.53436232349702, 37.78008341262312], [128.53320128624597, 37.7797863042353], [128.53287603726338, 37.77739702104491], [128.53365554965964, 37.7759150877055], [128.5330817369403, 37.77399241924615], [128.53322628492955, 37.770959932841194], [128.5281069011093, 37.76713373800478], [128.52652298520124, 37.76495329308879], [128.52395077027154, 37.76401473543671], [128.52405755338577, 37.755350004428166], [128.52602525617075, 37.75428545821121], [128.52710728240135, 37.75281061702076], [128.52683915528277, 37.75057906827317], [128.52598673615978, 37.74877932997347], [128.52644643133863, 37.747735389336114], [128.52406284902892, 37.7426314774011], [128.52447503507568, 37.74099949107935], [128.5253145837284, 37.74005201010159], [128.52517447016942, 37.73881932570477], [128.52770455560048, 37.736523696146456], [128.52750242413063, 37.73406774888887], [128.52799733784667, 37.73296592225038], [128.52643211392927, 37.7315557483818], [128.52221795346608, 37.7297065131447], [128.52057035628707, 37.73109119464177], [128.5160644634933, 37.7322085629647], [128.5149505770013, 37.73194077870162], [128.51306857243247, 37.730365295434765], [128.50961780425732, 37.73055420497673], [128.5067252721328, 37.731196749030886], [128.50473559575977, 37.731036329838005], [128.5033251816218, 37.731897205097724], [128.50128289127977, 37.731641675074655], [128.49604022574675, 37.73289040011606], [128.49269055604287, 37.7328081086177], [128.48623807321644, 37.73408802864756], [128.48034333132006, 37.73360386977627], [128.4786979393723, 37.734661647660836], [128.47318838366598, 37.73286319420808], [128.47195125076598, 37.733095698072646], [128.47112884975616, 37.73279007944851], [128.46905468791297, 37.731006267251104], [128.46822450269593, 37.72944200844824], [128.4661930379572, 37.728485585247505], [128.46288183059085, 37.72834762912668], [128.4600594203585, 37.73026855267348], [128.45780646274062, 37.73081245023741], [128.45438048263048, 37.728868822257375], [128.45249785180715, 37.72706518286979], [128.45260820911696, 37.72605426325504], [128.44989220722036, 37.723912291681714], [128.44853805163328, 37.722207095774706], [128.4472349440497, 37.71913245818064], [128.4462769453956, 37.71905804873478], [128.44492036244063, 37.71765689987293], [128.44458602655575, 37.715877789189676], [128.4458650268891, 37.71346771347482], [128.44613773916277, 37.71099479605076], [128.44465677389653, 37.70885528772875], [128.4439493317943, 37.70073112264689], [128.43988102607028, 37.698019857841665], [128.43972283771208, 37.697479848677226], [128.43759055171668, 37.696650830765215], [128.43592524164617, 37.69526711421585], [128.43525760229733, 37.692390387167876], [128.43307338022487, 37.691981960871885], [128.43121580092264, 37.69240258497196], [128.42932207117963, 37.691401040065955], [128.42486046856467, 37.691411902061574], [128.42340341540307, 37.69076817337798], [128.42219080326123, 37.68952800339415], [128.41548841748235, 37.68798412842475], [128.41288962776068, 37.68849386575461], [128.4085248205183, 37.69078787403932], [128.40443152034152, 37.6883262227524], [128.4004264989564, 37.68970122693457], [128.3992472016898, 37.689667634756624], [128.3955241941209, 37.691808838664144], [128.39471475032835, 37.69134064217175], [128.39279229892404, 37.69129662285752], [128.3907786178409, 37.69192593936444], [128.3890892504976, 37.69193766716584], [128.38591795935525, 37.691303774447505], [128.3846991936061, 37.69229330480339], [128.37935717588252, 37.691427920971286], [128.37608137854286, 37.691613959813246], [128.3738464021104, 37.69291223964969], [128.36914682522215, 37.693900680792815], [128.36566725844386, 37.69662568066676], [128.36497708053153, 37.69778654635638], [128.36044627591238, 37.69855224924181], [128.35989426067084, 37.6993488759686], [128.35878413561792, 37.69899707886489], [128.35803667179053, 37.699375046589694], [128.35633572656215, 37.69788418114084], [128.35163644844778, 37.69776634352206], [128.34964484529476, 37.69661148902556], [128.3461607060899, 37.69559890467044], [128.3423195341651, 37.69618037101363], [128.34063647714984, 37.695603208799774], [128.33690045670767, 37.69555015095442], [128.3315794724268, 37.69275187484633], [128.32866995386036, 37.69238854056784], [128.32337208857035, 37.690043474165144], [128.32138702063003, 37.690820782349846], [128.3203380814406, 37.692085905516706], [128.3201075273199, 37.69389143609376], [128.31757833108028, 37.696744881157656], [128.3167110438501, 37.69971628877608], [128.31452929321048, 37.700991742190624], [128.31333825123454, 37.70315592274611], [128.312322934234, 37.70328872649626], [128.3125537868287, 37.70271559370116], [128.31119689022847, 37.7015803310578], [128.31018144670617, 37.701846959438434], [128.30977045524963, 37.701384739573335], [128.30784325025905, 37.696964060167865], [128.3069966831788, 37.69635124039143], [128.30722038690516, 37.69565197685698], [128.30522239080975, 37.69334100427755], [128.30444630109625, 37.69120486088784], [128.2977990610514, 37.68763393650786], [128.29507372175337, 37.68349629872606], [128.29218426294943, 37.6829936042597], [128.28748958116162, 37.67875373381465], [128.28443593240803, 37.67452425487302], [128.28335155382217, 37.67455632617646], [128.28037780529397, 37.67303902904737], [128.27907109056616, 37.669832706006325], [128.27657690757178, 37.66887938741756], [128.2788273287382, 37.66395884093992], [128.27796511289694, 37.662003045058505], [128.2782730797643, 37.66143720490493], [128.27781495379995, 37.65976927177517], [128.27625555861349, 37.65777314499392], [128.2738580770553, 37.65600648704945], [128.27366484088898, 37.65520394141168], [128.27445135487488, 37.65416869004256], [128.27311082045966, 37.65253531515501], [128.27370574150638, 37.644276199186], [128.2745682558427, 37.64120657767902], [128.27573826268596, 37.63966547297328], [128.2755069108649, 37.63915896083958], [128.2734063869312, 37.638596870324896], [128.27151110501566, 37.636904694780156], [128.27034468845113, 37.63266404881932], [128.26631168920204, 37.63353226431257], [128.26459785466574, 37.63239913074159], [128.2632254348582, 37.63250756649312], [128.25529288870743, 37.62835919767242], [128.25433684209526, 37.62834232647345], [128.25331807795615, 37.627013300302124], [128.24848478754697, 37.62601575189498], [128.2471485293997, 37.62506108387075], [128.24615114140957, 37.62606572586965], [128.24354576347787, 37.62612246250956], [128.24204333590575, 37.62668868016171], [128.23583043924475, 37.62522169756423], [128.23074035923767, 37.62804068037942], [128.22854386435924, 37.62875050183435], [128.22638002846963, 37.63203574348102], [128.22435376430047, 37.633140972711125], [128.21949560217743, 37.63942675984785], [128.2157011618777, 37.64087301019561], [128.21579952460309, 37.64271720068844], [128.21526090721596, 37.64382103071479], [128.2129009664561, 37.64586335617731], [128.2106946650407, 37.64574888920467], [128.20872234847053, 37.64906562850799], [128.20553830940364, 37.65000359889257], [128.20209051071768, 37.65028874663875], [128.19955760144575, 37.65167236487213], [128.19541568678008, 37.65014590090111], [128.19487628927382, 37.64925381142969], [128.19180827778578, 37.647311779787124], [128.1909565315996, 37.64605738834223], [128.18927723017146, 37.644949834487406], [128.188210702351, 37.644433247751536], [128.18651044911672, 37.64440894890491], [128.18576894539228, 37.64964346202085], [128.18157188162846, 37.65154424674765], [128.1810588824682, 37.652624300902694], [128.18128235077435, 37.653476810438846], [128.17895576759435, 37.653763020189544], [128.1772758706882, 37.654526420056364], [128.17692719595277, 37.655253166671415], [128.17530934461567, 37.65418113050169], [128.17418333503366, 37.65578359067651], [128.16980721474332, 37.65859258052017], [128.1682815068177, 37.65851814818555], [128.16591095117315, 37.659289911236904], [128.1650872045694, 37.66071840427511], [128.16434618026403, 37.66109424582939], [128.16470006718015, 37.66178137926592], [128.16426218040436, 37.662134517915796], [128.1641006610617, 37.66469840784382], [128.16166268758184, 37.66399828425706], [128.16026425443548, 37.6630961849046], [128.15876246487673, 37.663199617848754], [128.1562213890212, 37.662009954347894], [128.15424345093564, 37.661689210313824], [128.15293753192913, 37.66030242889408], [128.1525552425878, 37.65914452183705], [128.1506494370717, 37.6620950654937], [128.15093738286154, 37.66310720815092], [128.14952340300084, 37.665141589239944], [128.14922959038134, 37.66774982202271], [128.1481042307019, 37.66979010489648], [128.14727933170832, 37.67008951261343], [128.14617152429608, 37.67249391945811], [128.14336764432505, 37.67346312617922], [128.14158873700978, 37.67535567671878], [128.1399653684966, 37.67447436922436], [128.13782833164314, 37.6792062659215], [128.13668992953842, 37.67993346461248], [128.13424882629744, 37.68011600411484], [128.12606460721153, 37.67746987112909], [128.12320549753213, 37.678494598013266], [128.1211017393909, 37.678212489378225], [128.1187221400942, 37.67862104896935], [128.11726109080158, 37.67673955248043], [128.11491956952435, 37.67476387259649], [128.11419488367974, 37.674718629209025], [128.11168255275564, 37.67149270406612], [128.11199886462967, 37.66928250629547], [128.11154275047798, 37.666339074908485], [128.11247335420862, 37.664878969024684], [128.108415154626, 37.66262565849536], [128.10666949712606, 37.66121405270214], [128.1055937171081, 37.65940537088355], [128.10809943304542, 37.656244115996934], [128.11283483008825, 37.65527276433535], [128.1141238608219, 37.654539588730096], [128.11197137314736, 37.653814909679944], [128.10937738458512, 37.65142395524299], [128.10408191382805, 37.64977981415065], [128.09845520930037, 37.65065972275982], [128.09795679214446, 37.652091211261336], [128.09327902683262, 37.65308057716896], [128.09095170835474, 37.6521761065993], [128.0889323215214, 37.65208437319226], [128.08557057357834, 37.650193226089165], [128.08323590286605, 37.65042975536105], [128.08131564532812, 37.6494526610729], [128.07954087366733, 37.649179189936795], [128.07863821358606, 37.648585213990295], [128.0788690763295, 37.64782463509742], [128.07722769107852, 37.64717320002579], [128.07667672465018, 37.645919444286356], [128.07571496672833, 37.6452736228507], [128.07556451295102, 37.644243131258996], [128.06707349408205, 37.641014258585166], [128.066280204186, 37.63643480204426], [128.06462413514544, 37.63542238776035], [128.06113626953913, 37.63430140985125], [128.05900165350008, 37.634136148459426], [128.0566869182299, 37.63294848813604], [128.0538563762952, 37.6328101939932], [128.05236469230564, 37.63158778670741], [128.0499847743496, 37.63103968323094], [128.04996452268836, 37.62760756147495], [128.0470677223847, 37.62747391553354], [128.04444370676177, 37.62583518302598], [128.03741285172003, 37.624147316634065], [128.0351738368779, 37.62421482083726], [128.03268814403174, 37.62269736378719], [128.03145116907112, 37.62270760777054], [128.02802818161408, 37.618682624093104], [128.0252339801273, 37.61756325891416], [128.02458255005118, 37.61587176357802], [128.02299356680183, 37.61554879666786], [128.0224442180885, 37.61461375238241], [128.02011798582998, 37.61317122563279], [128.0166661095128, 37.61363511779581], [128.01444113318223, 37.61471594018051], [128.01393747804187, 37.61552956855506], [128.0140207220756, 37.62033215369109], [128.0129224170908, 37.622005787921466], [128.01420962791656, 37.6236904945302], [128.0132249343816, 37.62434705493326], [128.01328998840353, 37.62517705773649], [128.0121543555089, 37.626244831458735], [128.00837123167338, 37.62692051148179], [128.00024756206972, 37.62662973415307], [127.99784225943048, 37.62684517629101], [127.99383477906517, 37.62796515430167], [127.99243769379021, 37.62770801697224], [127.98759054955028, 37.62991089328014], [127.98455783627053, 37.630208456888596], [127.9810511260959, 37.631157422044126], [127.9806116866581, 37.63184973542314], [127.97927983932793, 37.63184613968392], [127.97962064702246, 37.633134196710515], [127.97707836561428, 37.63624267485048], [127.97566889511572, 37.63621067906245], [127.97413310220819, 37.63756913437084], [127.97120751795678, 37.63807522269622], [127.96967501172334, 37.63633969627937], [127.97012384483588, 37.63436969980067], [127.96932640273232, 37.63266304093867], [127.96802260532354, 37.63135496942295], [127.96855350284304, 37.62910584945354], [127.9674896179933, 37.626935689197374], [127.9646852795038, 37.62580821241009], [127.96178820974932, 37.62654638597794], [127.95973816357689, 37.62612468571683], [127.95919805274839, 37.62563355134578], [127.95952514686894, 37.62488986578084], [127.95715901496382, 37.622308412597455], [127.95652170229333, 37.61950064270162], [127.95400613282308, 37.61786237998417], [127.95236094925919, 37.617803295089686], [127.95243285531615, 37.61513928365774], [127.95122317860034, 37.61113782532679], [127.9452390853391, 37.60877720384446], [127.941044621854, 37.60950974549288], [127.93895427305019, 37.6092980423407], [127.93319137218258, 37.60981836492719], [127.92941644508232, 37.60684455626699], [127.92753719781841, 37.60621148006708], [127.92699815091387, 37.60414971054964], [127.92261074719005, 37.60570185604182], [127.91921265143591, 37.60454667511451], [127.91656428411243, 37.60235849684873], [127.91252774714721, 37.60071367114839], [127.91010885332282, 37.60034687119643], [127.90914547505601, 37.59893528090285], [127.90752036893598, 37.59842380766442], [127.8984683491226, 37.59789099601709], [127.89639103037011, 37.59737182752922], [127.89503959061065, 37.59831201454312], [127.8926259008125, 37.59721082606504], [127.89222756652792, 37.596685087299534], [127.89280191395812, 37.59535437433696], [127.893807075935, 37.59463445605264], [127.89375113225373, 37.593445905098136], [127.89426357901773, 37.59289104235784], [127.89427950700197, 37.59028518374704], [127.89306063508661, 37.58868618804934], [127.89379249565619, 37.58508499108464], [127.89230995238714, 37.58424140479896], [127.89257515848965, 37.58387338767425], [127.89171674914746, 37.58234823649356], [127.89018937776882, 37.581833531506405], [127.88975499885684, 37.580856163013586], [127.88907098115915, 37.58093085191919], [127.88902139850516, 37.57690253234362], [127.88792037004579, 37.57614442234611], [127.88568726193853, 37.57603475599382], [127.88426577920939, 37.57533616756136], [127.88469605749657, 37.57253039560599], [127.88414665960696, 37.57126753952791], [127.88296964288162, 37.5701430871984], [127.88155635860068, 37.5700694442092], [127.88157398086693, 37.5687406842984], [127.8787402929192, 37.56626131988752], [127.87680851425837, 37.56573142161992], [127.87241231851088, 37.56217359896539], [127.87238013346496, 37.56077565975782], [127.87373676923852, 37.55744580544933], [127.87130147659684, 37.55624726143139], [127.86898097504967, 37.55681335427646], [127.86821601300204, 37.55638595015877], [127.86627483424404, 37.55629910536348], [127.8653685465178, 37.55719909873144], [127.85955288790552, 37.55771986321017], [127.85825748731911, 37.557108450672345], [127.85726968549982, 37.55549781644051], [127.85630080831905, 37.55523116822492], [127.85520381864305, 37.553994088049926], [127.85137315742509, 37.55412251138219], [127.85009949996406, 37.553795505079215], [127.84809573451497, 37.552262761000264], [127.84475599315249, 37.55358349121604], [127.84038871090426, 37.55679078111698], [127.8403513137237, 37.558123908202234], [127.83951121227922, 37.55921694676079], [127.83685072662644, 37.55989913929379], [127.83636267931618, 37.560408537118114], [127.83427689567029, 37.56058628327309], [127.83232027308134, 37.5615663482939], [127.83124863995542, 37.560676306942895], [127.83069881205785, 37.561231722762834], [127.82800086439681, 37.56125768514617], [127.82704193890243, 37.5606083737314], [127.82622960450605, 37.56071062538418], [127.82590231711137, 37.56130838666123], [127.823765093276, 37.56183065046404], [127.8233871471939, 37.56309941730191], [127.82281031798082, 37.56323153978897], [127.821368251962, 37.563386843582954], [127.82061128995622, 37.56280027551043], [127.81826747012822, 37.563195761111025], [127.81750603468076, 37.56281305234962], [127.81703829330753, 37.56373808028562], [127.81508095669616, 37.5637712972945], [127.81386838516445, 37.56441285387024], [127.81415273629904, 37.56600617402857], [127.8135160998776, 37.56623748065917], [127.81261499410195, 37.56846821281089], [127.81100715663362, 37.569103448664144], [127.81123756755565, 37.56986797262343], [127.81042133021836, 37.57047130489158], [127.80961339090074, 37.573447201271854], [127.80563259786959, 37.57409126469242], [127.80487217839453, 37.575057373793726], [127.80407731490301, 37.579309980707244], [127.80300594192184, 37.57949322671047], [127.80074559475307, 37.58097093336974], [127.801026749092, 37.58145808198181], [127.79989531293246, 37.5823154651089], [127.79997628388296, 37.582774688710586], [127.79828290038243, 37.58322337740442], [127.7973483517858, 37.58396903954304], [127.79558219400762, 37.58426501632219], [127.7940802249116, 37.585254629079756], [127.79264416224076, 37.58505337881052], [127.79131951113165, 37.58364238835871], [127.7900779581552, 37.58061359280445], [127.78786132387627, 37.57890922553788], [127.78443814211543, 37.57811857429133], [127.77919962238028, 37.57995569861761], [127.7760753393995, 37.580045217636886], [127.77148350341186, 37.5819470131326], [127.76904981390769, 37.581737062135474], [127.76657085528089, 37.582668751993985], [127.76648739777494, 37.58357082636618], [127.76484656731887, 37.58506466114], [127.76461581891944, 37.58585477754073], [127.76219818781713, 37.58674741743383], [127.76128439385081, 37.58759120000352], [127.75798433033908, 37.58681222029575], [127.75706144937037, 37.5893166252663], [127.75609808067045, 37.58949903459581], [127.75502258285769, 37.59154462564436], [127.75410574377214, 37.59206487224401], [127.75141445524748, 37.590542477825785], [127.74955694254618, 37.59068856273671], [127.74753274860387, 37.58994681500402], [127.74470426122866, 37.58787750728572], [127.74154201062812, 37.58795875707854], [127.73939610868833, 37.587094595749214], [127.73764301005394, 37.5881013881725], [127.73233815629165, 37.58826583872803], [127.72950463598538, 37.58958947031933], [127.72798675465062, 37.5895892445457], [127.72682177455427, 37.589057234698046], [127.72312539706053, 37.590626173654144], [127.72126926343033, 37.59033455644067], [127.71588792382734, 37.58806950186417], [127.71366739975187, 37.58899712202523], [127.71159421966095, 37.58748922878214], [127.70789503420302, 37.5863531122974], [127.70634880078671, 37.588404742300575], [127.7021652074741, 37.58909101328529], [127.69819834308828, 37.59088855324334], [127.69820300322408, 37.5914079869789], [127.6974309724655, 37.59184754668804], [127.69837135954944, 37.59276717428706], [127.69822734190514, 37.59367772217899], [127.69925555535828, 37.5943555364145], [127.69911992249818, 37.59472235639619], [127.70051899230894, 37.5953061857662], [127.70083566977074, 37.59611743343004], [127.69711520746897, 37.59874996830827], [127.69618958173514, 37.60079413561249], [127.69167917447388, 37.60133499478101], [127.69162766404594, 37.6020414284161], [127.6891727753604, 37.604189921283194], [127.68668607382192, 37.60450648702636], [127.68594134325417, 37.6063642674333], [127.68330668760123, 37.607656067189495], [127.68337755739897, 37.608229186187316], [127.67943033747424, 37.60940769392056], [127.67708721578431, 37.61143760378094], [127.67529657238022, 37.61222548693491], [127.67420275034995, 37.613618366627], [127.66752103210212, 37.61725083613388], [127.66472715291064, 37.62024313474333], [127.66384545810945, 37.62379648084619], [127.66170727174865, 37.624322293568746], [127.65740823969456, 37.62256038339875], [127.65564541349941, 37.622295375031726], [127.65339405933005, 37.62230614864539], [127.65153164506224, 37.62293864708129], [127.64948989724135, 37.62465157340472], [127.64736098084747, 37.62900280466703], [127.64698793012705, 37.63273680054189], [127.63943278229414, 37.63264274405796], [127.63849843706502, 37.63340122361792], [127.63885597143815, 37.63503483092273], [127.63770738229765, 37.635749406193746], [127.6362100483541, 37.635862492891945], [127.63482790708957, 37.63538537054311], [127.63370909243011, 37.63596376251568], [127.63415330372771, 37.63993829032861], [127.6334119523109, 37.64000758088189], [127.63179372295221, 37.63923042513021], [127.63088891359439, 37.63935520144635], [127.62764522319337, 37.64253877819304], [127.62643939146264, 37.64308321769292], [127.62540951262851, 37.64299125675291], [127.62393607244562, 37.64212538347346], [127.62157103304803, 37.639565864155], [127.62117332837866, 37.64006601487324], [127.62180190440849, 37.642826138946525], [127.61902658388205, 37.64324303110263], [127.61795791213727, 37.64601795557462], [127.61550374974982, 37.64703111020261], [127.61278753155965, 37.6456090174415], [127.61273963179713, 37.646115777132046], [127.61001381129553, 37.647628844914124], [127.60903113715858, 37.649882370493245], [127.60740409478777, 37.65017510867204], [127.60660599634058, 37.65081438379312], [127.60219374786456, 37.65153658329042], [127.60031434136837, 37.6478606396053], [127.59949567952702, 37.647729079625854], [127.59882410173552, 37.64688472895378], [127.59715368576951, 37.64661979451758], [127.59597019581201, 37.64547253027478], [127.59293007942757, 37.644966375323456], [127.5915137733765, 37.64362737187124], [127.58597207205518, 37.64285252813655], [127.58486111420717, 37.64230252709956], [127.5832558506564, 37.6401340545472], [127.58348630149877, 37.635590364949344], [127.58287323194219, 37.63471945000682], [127.58065486794662, 37.633398335179734], [127.5779208424131, 37.63282074210392], [127.5753657060553, 37.63360859557792], [127.57141714937657, 37.63200064171417], [127.56971283289901, 37.632319693816754], [127.56884776196594, 37.632060891650696], [127.56723413608162, 37.63290287195262], [127.56468087073357, 37.63315721969949], [127.56196564395707, 37.630562414555314], [127.56016238270722, 37.62984146109206], [127.55946121834525, 37.62848572226658], [127.55529372554324, 37.63023212250402], [127.5542659976438, 37.63142367862709], [127.55331215497257, 37.631216703722494], [127.5527266868986, 37.63180252742304], [127.54825755437771, 37.63320799656077], [127.54818463421034, 37.63451474205692], [127.54721800083522, 37.636167986678366], [127.54725050031219, 37.63770736024248], [127.54641047797006, 37.637410828301405], [127.54371642607182, 37.63785936181868], [127.54264814190937, 37.63952796013577], [127.539618238693, 37.64047853856653], [127.53869991761609, 37.64150194750079], [127.53793690063618, 37.641478390798596], [127.53545513209116, 37.64576726299063], [127.53565507767868, 37.65069464272897], [127.53966827069776, 37.650702027945506], [127.54385442993957, 37.65173022909636], [127.54621902428595, 37.657859975964506], [127.54797668964083, 37.65888063208144], [127.54955931455005, 37.65918441063612], [127.55110751196418, 37.66012490535222], [127.55126421887869, 37.66084551437284], [127.55281588390649, 37.661528346231016], [127.55170295360203, 37.66512951140966], [127.54960906261813, 37.66684236218344], [127.54904935448, 37.668614226887044], [127.54924352853482, 37.67081758846344], [127.5498231084018, 37.67133632875271], [127.54954116383513, 37.674876443573226], [127.55080055031829, 37.67724743517338], [127.55085274461959, 37.6883371655042], [127.55172783977044, 37.6907839794668], [127.55293702583585, 37.69226040834034], [127.55260954725814, 37.69296553388988], [127.55322568087026, 37.694518210428654], [127.55416565190747, 37.695299617220094], [127.55526082817562, 37.70010812489589], [127.55657358580153, 37.701687358362946], [127.55579567503639, 37.7043626349393], [127.55863025687367, 37.706043354623866], [127.55824820910358, 37.70731860658621], [127.55877188957916, 37.708299579371364], [127.55829766129008, 37.70961806345922], [127.55890438129191, 37.712220368183914], [127.55804504070281, 37.713914844283735], [127.55971488308212, 37.71656448455091], [127.56108075384914, 37.71695555659585], [127.56181149436796, 37.71962510470463], [127.56127646675664, 37.72221648300368], [127.5597581404815, 37.72315616958485], [127.56014151046901, 37.72367830754198], [127.55934749811931, 37.72492791850105], [127.55991207716734, 37.72857664418466], [127.56430251058481, 37.727851620052824], [127.56505131892058, 37.72836271040865], [127.56754803614393, 37.73268573749444], [127.57216628498568, 37.732961353331525], [127.57366477352917, 37.73266296474535], [127.58920524571916, 37.72540368124543], [127.59348477148022, 37.72122465473426], [127.59457753116094, 37.719736537509526], [127.59434668649303, 37.71803264636632], [127.59214800111681, 37.7152006045432], [127.59153562398541, 37.71299492878142], [127.59197214930296, 37.70943003648861], [127.59418727269473, 37.70473648940563], [127.59616561328092, 37.70319433865885], [127.60176709914015, 37.7046826637057], [127.6057090743772, 37.704442364436865], [127.60706114207892, 37.70380841818835], [127.60753040256147, 37.70236025400882], [127.60956093317444, 37.70065657345439], [127.61048482656169, 37.69841714867237], [127.61058009117498, 37.69483761020415], [127.6103256108537, 37.692227277579406], [127.60793830388168, 37.68766018595101], [127.60787876051215, 37.676863635493234], [127.60939100219406, 37.67575837600119], [127.61265801317359, 37.675644919021174], [127.61857208744037, 37.67772574972909], [127.62110188912175, 37.67911150337247], [127.6229988545257, 37.681190619264385], [127.62369531974188, 37.68396893279553], [127.62334575156163, 37.691215871502344], [127.62609271333751, 37.69476998472975], [127.63007626870498, 37.69696827094816], [127.63561784299314, 37.69828327800835], [127.6381843198063, 37.698492433149184], [127.63987152671558, 37.6970916195725], [127.64148651936779, 37.694633393697345], [127.64192677806996, 37.691051402487965], [127.64132308067845, 37.683920235071625], [127.64261330528508, 37.68033586306119], [127.64388078338231, 37.67928527203075], [127.64522658904986, 37.67887897291327], [127.64693870025116, 37.67908951226577], [127.64950289358433, 37.68024922804166], [127.65153517950235, 37.68379653331991], [127.65216272240745, 37.68592214826725], [127.65097621569663, 37.694672734402715], [127.65102542505855, 37.698243341085075], [127.65272060006156, 37.69952320286241], [127.65838616403757, 37.70004501831499], [127.66696465486858, 37.69746918949688], [127.6703281358683, 37.69569301409856], [127.67126936386984, 37.696615654122674], [127.67270792766784, 37.69694843094798], [127.67360975946391, 37.696111885901914], [127.67782878830825, 37.69514599020444], [127.67811218848327, 37.69617285614398], [127.67973377909861, 37.69747949073239], [127.68104731702702, 37.697618054473125], [127.68228397798826, 37.69845556365482], [127.68413823021994, 37.701916041077105], [127.68274020285455, 37.70527313377781], [127.6841501281641, 37.707348428348546], [127.6804820834477, 37.707983659095106], [127.679589222407, 37.709248163939144], [127.67952385032693, 37.71136971105561], [127.68158535526457, 37.711714840103525], [127.68243059285294, 37.712567558283], [127.68312849305872, 37.71244048354228], [127.68303674030746, 37.7128126556968], [127.68732056380178, 37.71559624794155], [127.68746032351177, 37.71628156119167], [127.68987501795233, 37.71634238483538], [127.69067654460696, 37.71697455567531], [127.69218867831124, 37.716628419764795], [127.69332479048136, 37.71712601029069], [127.69492470572781, 37.717149550664196], [127.69664856475033, 37.71636486347041], [127.69816719541737, 37.716907172393036], [127.69943085192904, 37.71627888261823], [127.70098411899144, 37.71654531426905], [127.7010433770491, 37.71907832184675], [127.70302055252354, 37.71939513087326], [127.70495031650918, 37.72087920798639], [127.70748559743717, 37.72122978433916], [127.70792601513816, 37.722706106342606], [127.7095358821519, 37.72318550059485], [127.71074943624413, 37.72678114664891], [127.71176592419772, 37.72758446544651], [127.71509297554157, 37.7278386037647], [127.71539131558038, 37.72933969294334], [127.71731168446087, 37.72964900034693], [127.7178019420364, 37.73078938637387], [127.72083445425153, 37.731398204359394], [127.72110315192711, 37.733008690019595], [127.72174941981916, 37.73337666235518], [127.72586250719182, 37.73190122706756], [127.72730483021212, 37.73210830498252], [127.7289957382341, 37.73308272225393], [127.73112722593409, 37.735383004529545], [127.73324672670154, 37.73609118947745], [127.73440392364587, 37.73717695441582], [127.73635106804447, 37.73743990824936], [127.73993197365293, 37.73928557391818], [127.74180043933644, 37.74029164156398], [127.74299480988998, 37.74163780066002], [127.7445870903643, 37.741428161091015], [127.74645263541073, 37.74192034617814], [127.74904429236125, 37.74025831471898], [127.75042127859886, 37.7384260119345], [127.75127382696013, 37.73419938715992], [127.75472254753825, 37.7324588520708], [127.75941867709544, 37.736331808881445], [127.76346149636801, 37.737328317047776], [127.76402821025671, 37.73783115271659], [127.77146381202864, 37.73771553023664], [127.77556715331092, 37.73915663261564], [127.77598739515275, 37.740189387144895], [127.77755526136535, 37.74074413743502], [127.77940161971229, 37.740670874341276], [127.7818131054299, 37.74232027090957], [127.7864809192752, 37.73992656275483], [127.78772610573175, 37.73886078408425], [127.78718178358655, 37.73760815967202], [127.78748962869975, 37.736680959991354], [127.79486092723522, 37.73500566118104], [127.79643084419425, 37.73618122803851], [127.80102208969417, 37.73713164445352], [127.8007558787353, 37.73759601894876], [127.80168488865694, 37.73919366804744], [127.80117885222657, 37.74109330222361], [127.80175517842808, 37.74183661237704], [127.80268792921488, 37.74189840428873], [127.80371836641687, 37.7426670511125], [127.80461088368365, 37.74212181605603], [127.8063067205378, 37.7425854945626], [127.80670853776968, 37.74632727787965], [127.80944038309086, 37.74707325637436], [127.81036523137671, 37.74659786675779], [127.81098906698816, 37.74716623871583], [127.81202782536766, 37.74705803291233], [127.8139004669804, 37.74837177165354], [127.81627593820689, 37.74855216689954], [127.8190468671636, 37.747064452556195], [127.81978940728261, 37.74716910671803], [127.82181436358792, 37.744955896124395], [127.82279967148136, 37.744923979073434], [127.82441581521066, 37.74393800202307], [127.82573051545835, 37.741734751905625], [127.82837724001037, 37.74136062441867], [127.82834990240761, 37.740879661086126], [127.83103165764894, 37.741201771531564], [127.83151909891193, 37.74208632198972], [127.83230735619591, 37.74133496359756], [127.83324974741069, 37.74188473283877], [127.83598611047374, 37.74566923560808], [127.83970410191561, 37.747406997645825], [127.84134695207054, 37.747513829911306], [127.84480898235067, 37.7494556936025], [127.84462274836334, 37.75110516947544], [127.8452444137536, 37.75217396079248], [127.84286218826433, 37.75291596431518], [127.84175038610968, 37.75384369561505], [127.84059704310879, 37.755018902852235], [127.84043864385407, 37.756347217310264], [127.84170874814363, 37.75696573417258], [127.84619514236003, 37.75748266774196], [127.84813511554043, 37.75843697392183], [127.84976282363736, 37.76039408889523], [127.8509497717022, 37.76073605884027], [127.85485963370141, 37.76339709920532], [127.85625736558275, 37.76540815834947], [127.85612610848801, 37.766945769723996], [127.8573965524705, 37.76852078427658], [127.85644650348576, 37.769361043110756], [127.85608036347064, 37.77101521581679], [127.8544506983452, 37.7735234495722], [127.85183754926614, 37.77611224206996], [127.85181370590475, 37.77718873992592], [127.84983614169946, 37.777679647728995], [127.84972043500085, 37.7791948844349], [127.84659916537132, 37.78077367744284], [127.84466949123158, 37.7838371428731], [127.84406853733091, 37.787895917203635], [127.84323603731356, 37.789690492513614], [127.84231071695416, 37.79005859873546], [127.84072040727638, 37.7896921032002], [127.83732777716062, 37.79041810684669], [127.83700422114227, 37.791110459195316], [127.83324208673686, 37.792431029460445], [127.83001549789944, 37.79473199890549], [127.82837306815658, 37.795359537419905], [127.82488916194515, 37.79825255968335], [127.82571149161475, 37.80041410464822], [127.82508141123499, 37.80112376812219], [127.82520312822528, 37.802083819524846], [127.82554459756093, 37.802925207341765], [127.82684226145825, 37.80385421551988], [127.82648996736782, 37.80551777129838], [127.82715778005395, 37.808640997303925], [127.82510390715082, 37.811777089130715], [127.82501290476375, 37.81569225411249], [127.82710410855425, 37.81768443106108], [127.82774641676531, 37.819239098094165], [127.82760569598402, 37.820464496933106], [127.82621708120797, 37.821628817647195], [127.82558066917936, 37.82433802252201], [127.82203589712005, 37.824622353557075], [127.82079264529227, 37.8253044486183], [127.81722284295047, 37.828222043479165], [127.81841540852827, 37.82937455909877], [127.8136275900099, 37.83327996155428], [127.81452782145917, 37.83606323868871], [127.81433743714534, 37.836958999182706], [127.81533011748739, 37.837647829970365], [127.81421650479032, 37.83871776264922], [127.81547972438749, 37.84098978172595], [127.81943694535845, 37.842136097610215], [127.81934268166313, 37.84369535927814], [127.82225742622879, 37.845679346697565], [127.82519212777795, 37.84369766776907], [127.82787032467701, 37.84349506134376], [127.82917412685302, 37.844080793739], [127.83226963223471, 37.84363809721519], [127.83307343887792, 37.84221769589783], [127.83632999635896, 37.840009632251785], [127.83927709668168, 37.83980515111457], [127.84244244096375, 37.8377811293678], [127.84456286516689, 37.83743995456769], [127.84826111537302, 37.83562987612167], [127.85180162445813, 37.83555622210591], [127.85463393688825, 37.834804867162845], [127.85796737790932, 37.83589218812156], [127.86106567100198, 37.836194515276965], [127.86167551895171, 37.83665065947168], [127.86293613039902, 37.83622645524404], [127.86630524247977, 37.836370686827706], [127.866961376535, 37.83683519410475], [127.8693056761183, 37.836556397019045], [127.87160181402257, 37.83743727884934], [127.87118907815717, 37.83850651218467], [127.87184316347754, 37.83927703194067], [127.87175586214207, 37.841031092414724], [127.87272435378279, 37.844624234033574], [127.87357212640897, 37.845615450076565], [127.8753258809049, 37.84581641766524], [127.87735788733463, 37.84750969111105], [127.87737774808794, 37.848437769700475], [127.8781983134237, 37.84949136963167], [127.87881155634796, 37.85204457430629], [127.8780596816594, 37.85421631379189], [127.87651069759994, 37.85648801248975], [127.88074957247215, 37.860690470217946], [127.88644947604806, 37.86206276974212], [127.88805581710315, 37.86204674853944], [127.89066711256316, 37.86312335616845], [127.89496081242186, 37.86100242315441], [127.89603610732716, 37.859388376538945], [127.90067754542738, 37.85876798960468], [127.90618700397945, 37.856861172324784], [127.90831713897097, 37.855437673402406], [127.90882157242214, 37.854557079869835], [127.90795990451632, 37.85334832625873], [127.90665767522303, 37.85257792294927], [127.90567278066393, 37.84941370274141], [127.90768516237725, 37.84906095020025], [127.91848511995276, 37.844218257887405], [127.92098534527535, 37.840225158949195], [127.92228044019573, 37.83905679418234], [127.92446868103306, 37.8383161204578], [127.92535734372125, 37.837014920560364], [127.92643405490429, 37.833150263070245], [127.92927312254713, 37.82770581788105], [127.93044508935344, 37.826907987515675], [127.93278683654283, 37.826356826417026], [127.9352275888835, 37.828511816747124], [127.93550707615373, 37.83207132772767], [127.9370536216785, 37.835581072494406], [127.94164579787376, 37.83816138967399], [127.94412363976254, 37.838353864544644], [127.94472525699283, 37.838791337024134], [127.94436021071112, 37.83942490045581], [127.94609918002479, 37.841079633749516], [127.9460615542471, 37.842750853481895], [127.945335767131, 37.844050326382195], [127.9459735503079, 37.84492501980721], [127.9455978576668, 37.84578333431291], [127.94296982955218, 37.8477328992073], [127.9446915992631, 37.85301367955625], [127.94588438234776, 37.8542465428124], [127.94822096213872, 37.86020252151563], [127.95004063467309, 37.8616256786145], [127.95005030824193, 37.86321120699963], [127.95062545695295, 37.86400387985805], [127.95291524009725, 37.86488490640266], [127.95366205948406, 37.86791944749505], [127.95576275856465, 37.87015414964319], [127.95678390032123, 37.8724989392933], [127.95769536224263, 37.87311260057249], [127.95753347207192, 37.87377721020417], [127.96577824465724, 37.87780235541895], [127.967511493715, 37.88029942965762], [127.97277545788666, 37.8824836138429], [127.97232916516313, 37.884718447032036], [127.97309968676757, 37.886993357884094], [127.97197793231068, 37.88759355403735], [127.97001383676573, 37.89266437502611], [127.97140484427919, 37.896089321306405], [127.97105031231573, 37.89869163489308], [127.97593487678593, 37.904086855137386], [127.97785135192085, 37.90499495925768], [127.97964277743579, 37.90815577329258], [127.98321908075282, 37.910874319469215], [127.98596504216363, 37.91182323210895], [127.98632862433702, 37.91230780436317], [127.98447715543787, 37.91393082666085], [127.98447260128401, 37.915404686498675], [127.98505056686115, 37.91618814676594], [127.98363428047988, 37.92342154704485], [127.98677452664161, 37.9247176495185], [127.99292411327707, 37.93090276177709], [127.99314986271163, 37.93328796360537], [127.99480228539599, 37.9361349474076], [127.99511006470107, 37.941200178900516], [127.99703679840317, 37.94090855387516], [127.99981404859285, 37.93897568635615], [128.0012217750152, 37.937272015733235], [128.00413550946212, 37.93860166256574], [128.0060992620902, 37.938738634239584], [128.00863866876387, 37.9378948576291], [128.00978022247682, 37.9383206101057], [128.01271970620775, 37.938323818250176], [128.0138028714317, 37.940347433118866], [128.01613616794356, 37.942691345632774], [128.01814927119815, 37.94278910952009], [128.02154965403486, 37.94412904329302], [128.02534480803357, 37.94485677939396], [128.02610306964203, 37.94551993608945]]]}}, {"type": "Feature", "properties": {"code": "32520", "name": "횡성군"}, "geometry": {"type": "Polygon", "coordinates": [[[128.13589527382808, 37.68015986553775], [128.13782833164314, 37.6792062659215], [128.1399653684966, 37.67447436922436], [128.14158873700978, 37.67535567671878], [128.14336764432505, 37.67346312617922], [128.14617152429608, 37.67249391945811], [128.14727933170832, 37.67008951261343], [128.1481042307019, 37.66979010489648], [128.14922959038134, 37.66774982202271], [128.14952340300084, 37.665141589239944], [128.15093738286154, 37.66310720815092], [128.1506494370717, 37.6620950654937], [128.1525552425878, 37.65914452183705], [128.15293753192913, 37.66030242889408], [128.15424345093564, 37.661689210313824], [128.1562213890212, 37.662009954347894], [128.15876246487673, 37.663199617848754], [128.16026425443548, 37.6630961849046], [128.16166268758184, 37.66399828425706], [128.1641006610617, 37.66469840784382], [128.16426218040436, 37.662134517915796], [128.16470006718015, 37.66178137926592], [128.16434618026403, 37.66109424582939], [128.1650872045694, 37.66071840427511], [128.16591095117315, 37.659289911236904], [128.1682815068177, 37.65851814818555], [128.16980721474332, 37.65859258052017], [128.17418333503366, 37.65578359067651], [128.17530934461567, 37.65418113050169], [128.17692719595277, 37.655253166671415], [128.1772758706882, 37.654526420056364], [128.17895576759435, 37.653763020189544], [128.18128235077435, 37.653476810438846], [128.1810588824682, 37.652624300902694], [128.18157188162846, 37.65154424674765], [128.18576894539228, 37.64964346202085], [128.18651044911672, 37.64440894890491], [128.188210702351, 37.644433247751536], [128.18927723017146, 37.644949834487406], [128.1909565315996, 37.64605738834223], [128.19180827778578, 37.647311779787124], [128.19487628927382, 37.64925381142969], [128.19541568678008, 37.65014590090111], [128.19955760144575, 37.65167236487213], [128.20209051071768, 37.65028874663875], [128.20553830940364, 37.65000359889257], [128.20872234847053, 37.64906562850799], [128.2106946650407, 37.64574888920467], [128.2129009664561, 37.64586335617731], [128.21526090721596, 37.64382103071479], [128.21579952460309, 37.64271720068844], [128.2157011618777, 37.64087301019561], [128.21949560217743, 37.63942675984785], [128.22435376430047, 37.633140972711125], [128.22638002846963, 37.63203574348102], [128.22854386435924, 37.62875050183435], [128.23074035923767, 37.62804068037942], [128.23583043924475, 37.62522169756423], [128.24204333590575, 37.62668868016171], [128.24354576347787, 37.62612246250956], [128.24615114140957, 37.62606572586965], [128.2471485293997, 37.62506108387075], [128.24848478754697, 37.62601575189498], [128.25389645599316, 37.62737062911456], [128.25634624275708, 37.6265735198293], [128.25808710356947, 37.6254706511406], [128.2611530975199, 37.62545113581825], [128.2655277787314, 37.62457753513051], [128.27449006210827, 37.62078134995443], [128.27800029557142, 37.62010074668563], [128.2830420832463, 37.62056125996864], [128.2836684434455, 37.61897141029327], [128.28004199065555, 37.61466753623521], [128.27937642019677, 37.61054227832919], [128.28029571980233, 37.609262860621726], [128.28081372819273, 37.605411776660574], [128.2846744644336, 37.603577790704826], [128.2859933764583, 37.601866390596], [128.28454510611073, 37.60046972998244], [128.28256818042587, 37.599778956742895], [128.2814637440529, 37.598808543085184], [128.28011362816287, 37.5985441757307], [128.27899404826724, 37.59562346333406], [128.2795388718083, 37.59374222664207], [128.279294536326, 37.59186946213993], [128.2816743818286, 37.586481731208316], [128.2847645267196, 37.58540723670537], [128.28471303312983, 37.58420959908806], [128.28542817923335, 37.58328718741507], [128.28407093986766, 37.579845173394894], [128.2843260563385, 37.57830911548928], [128.28515733926253, 37.577298089153544], [128.28711854464325, 37.57682640713239], [128.29088633275902, 37.57308134782548], [128.29233232818493, 37.57009189423215], [128.2949231915586, 37.568801302888744], [128.29400430109752, 37.56811368072254], [128.2951686210031, 37.56528261708768], [128.2948183483906, 37.56326311166693], [128.29537224305665, 37.559219196795055], [128.2956494894899, 37.55797388273905], [128.2978574345333, 37.55499859312771], [128.29601859527665, 37.55295344302717], [128.29633411113525, 37.55207256051918], [128.29578882563717, 37.5508215950407], [128.2946851866893, 37.55038401066055], [128.29535415737078, 37.54904744259585], [128.2938854002395, 37.54500370116399], [128.29430851232553, 37.54396840612468], [128.29693472792383, 37.54152073695907], [128.30226670340292, 37.537961608196966], [128.29958239462462, 37.534399501009446], [128.30008499667454, 37.533179873694515], [128.30175156677896, 37.53189024501978], [128.30199339699752, 37.530374825833704], [128.30127856631069, 37.52935694496653], [128.30082158939098, 37.52409286822836], [128.29878639388804, 37.52228528046767], [128.29821888905428, 37.51990069457983], [128.29713858273362, 37.51920098642849], [128.29631701592473, 37.51784125646657], [128.29777249247766, 37.51252838925707], [128.2975633879736, 37.51183263503333], [128.29099481544398, 37.51124066136031], [128.28972913525598, 37.50971706987198], [128.28981720353295, 37.50700155288162], [128.28569824549692, 37.50733036404181], [128.28461307688917, 37.505396362688465], [128.2828687402286, 37.503914525036684], [128.2817487329799, 37.504113876796175], [128.278682385077, 37.50257109135785], [128.27681695329906, 37.502515217758344], [128.2773810840213, 37.501646532879434], [128.27603201351246, 37.50035223544089], [128.27480074080663, 37.49757524397065], [128.273240640993, 37.4976780561573], [128.27182439746858, 37.49610835140626], [128.27214917251445, 37.49546194151736], [128.27070770723796, 37.494796682759024], [128.2696535790867, 37.49305686336063], [128.26843161465686, 37.49260012908395], [128.26800195991933, 37.49158791299155], [128.26829958474332, 37.49014780491852], [128.26712601516505, 37.48874424986952], [128.26698907402383, 37.487322398268155], [128.26666352109564, 37.486782078643714], [128.26488150129856, 37.48614450774134], [128.26486843013407, 37.48541672697035], [128.2638622564281, 37.48462917088131], [128.26269205738254, 37.48475024149339], [128.2581247094704, 37.48351313051964], [128.25537042622116, 37.481861678282854], [128.2528553883178, 37.481199545646184], [128.24448916423415, 37.48029161751885], [128.24352922846558, 37.47972026501235], [128.244093996876, 37.477946346336964], [128.24496457093267, 37.477456269317784], [128.24466128438075, 37.46885492298061], [128.24355415646235, 37.46834948391782], [128.24666977371754, 37.466221862369736], [128.2462787162992, 37.46505307475256], [128.2465547252596, 37.46051215191704], [128.2458165740985, 37.45803380949696], [128.2450407632173, 37.45719538110442], [128.2447469874475, 37.45453242753835], [128.24607190134867, 37.45324411137024], [128.2454245574991, 37.45172869943338], [128.24650844804364, 37.448771348826405], [128.24671610954488, 37.44696172692192], [128.2462761790791, 37.44599236757417], [128.2470712612004, 37.44495076468915], [128.24766904971685, 37.44201126910271], [128.24865261084736, 37.441033785734085], [128.25195209195635, 37.441116535355945], [128.25425961200494, 37.44068697240077], [128.25772909723057, 37.43850236075993], [128.25716314044882, 37.435571886098344], [128.25603313170663, 37.43351773997626], [128.2562041317283, 37.42958386032254], [128.25513964146816, 37.42949596364775], [128.25409072975646, 37.42795534550348], [128.25690252488553, 37.42451748796624], [128.25787834623773, 37.42402937177365], [128.25830621215047, 37.423190988276865], [128.25783763947265, 37.42165214871677], [128.25866804454077, 37.420187083911635], [128.25920287598748, 37.41687935755743], [128.26069932918477, 37.416323143136154], [128.26312060279454, 37.41165517701819], [128.2642381307642, 37.41089925870646], [128.26548178305345, 37.408444341607016], [128.26365666328573, 37.407164374676746], [128.2605425308423, 37.40648716544841], [128.25914563070265, 37.405067101588976], [128.25761186742108, 37.40178572620596], [128.25774893041847, 37.39941580436361], [128.2572515329084, 37.39809825514898], [128.2553674703585, 37.39506970608628], [128.25379231870778, 37.393242569375204], [128.25065387249882, 37.39388454275412], [128.2486270027075, 37.39367387922169], [128.24715806722412, 37.394860093777496], [128.24470148773307, 37.395622141942745], [128.2409250561759, 37.39129989053744], [128.2361773741614, 37.38794182045392], [128.23265339664263, 37.389823909706735], [128.22869204533464, 37.389893806434834], [128.22524877356244, 37.39251242909811], [128.2207468034314, 37.39423171633236], [128.21576207215128, 37.39286108615633], [128.2139483240331, 37.392859394333556], [128.21324449041305, 37.39391982833866], [128.20811209603667, 37.39498960278707], [128.20458225369856, 37.3936797393017], [128.20061453769048, 37.39097256608447], [128.19582559826856, 37.390780018959994], [128.1934554464372, 37.39031529544314], [128.1933006978668, 37.38974160637443], [128.1922333542124, 37.39116294548356], [128.18901846766244, 37.391532019145906], [128.18743735659322, 37.3928201590032], [128.18522933814359, 37.39270245187176], [128.18419335867083, 37.39012072480698], [128.18273547792955, 37.38962569476329], [128.1822499908708, 37.388719540660404], [128.1798145138368, 37.38723267405862], [128.1792771777096, 37.38586139325638], [128.18010888509693, 37.38294747262303], [128.18118702375483, 37.38186098874571], [128.18027903031256, 37.380872699805394], [128.18013383576107, 37.37826027828281], [128.17805013227274, 37.37652597337189], [128.17804078281918, 37.37506154949907], [128.17914213683218, 37.37066842439909], [128.18094329419478, 37.36911579737855], [128.18156588083085, 37.367373805882224], [128.1814243018119, 37.36526907326879], [128.18205818259082, 37.3634517252945], [128.18543838142512, 37.35937562549197], [128.18394562068417, 37.35838565366062], [128.18399622310685, 37.357237781978185], [128.18306180189026, 37.35524451458996], [128.18487536783365, 37.35128945133016], [128.1845653500921, 37.348940491770364], [128.18543054899567, 37.34812087881399], [128.18520915037288, 37.344678987035245], [128.18555332673054, 37.3427683601688], [128.18654319210646, 37.34142915297176], [128.18615248568432, 37.34089419557609], [128.18473543830984, 37.34034063186893], [128.18387161268154, 37.3393247791573], [128.18180274700586, 37.33887523657013], [128.18032892567575, 37.33950469772564], [128.1790791139156, 37.33854120992838], [128.17664863775724, 37.33811752403302], [128.17592997064577, 37.337576983787365], [128.17349310490755, 37.3378014858329], [128.17267925264375, 37.33861701994472], [128.169183318565, 37.33914919647743], [128.16802723295936, 37.338051343864976], [128.1676557323478, 37.33759739745961], [128.1685491807898, 37.336439321831776], [128.1681963373204, 37.33616492467462], [128.16958527825238, 37.33452895175742], [128.17260740895685, 37.328566126913735], [128.17300146993543, 37.32500981615287], [128.17140049373677, 37.324757387883565], [128.17038208986176, 37.32352092232669], [128.16784188164502, 37.322099807630295], [128.1666994011197, 37.321834750139274], [128.16498103819484, 37.32218479980213], [128.16313167371044, 37.32342449918101], [128.1612923576602, 37.32300943489725], [128.1584086050567, 37.323627480149135], [128.15267533286985, 37.327268073867806], [128.15066790729117, 37.326995960738195], [128.14896844653484, 37.325555049607466], [128.14840751351414, 37.32408191829642], [128.146672555955, 37.322952750642], [128.1438528193346, 37.324823265355434], [128.1391706484503, 37.325064904294024], [128.13625129548205, 37.325864762162354], [128.13340386620862, 37.32839434436356], [128.1315385050143, 37.3288516480971], [128.12945654714946, 37.328471472286076], [128.12353115398955, 37.324939720017994], [128.12064276155425, 37.32403948044741], [128.119486429143, 37.323066069582346], [128.11963359572312, 37.32075897277711], [128.11758094522116, 37.31991766539967], [128.11588297397427, 37.318226068465506], [128.11492651999896, 37.31565174354147], [128.11542707417567, 37.313170312584745], [128.11462441986376, 37.312110509839876], [128.11472653305927, 37.310051075918494], [128.1156664155204, 37.30762551599755], [128.11802261625854, 37.304044218508594], [128.1158676699355, 37.3032241666586], [128.11376726846945, 37.30150528655384], [128.1099809275289, 37.30001041024389], [128.10857188288975, 37.29878009588061], [128.10451887315503, 37.30091285740048], [128.10168169174048, 37.29953710938436], [128.10011098259437, 37.30080632233492], [128.09813535889487, 37.30125824329063], [128.09368075515889, 37.30053022030625], [128.08889803372344, 37.301805233173205], [128.0878515913729, 37.30084910384567], [128.084931259291, 37.301984935251284], [128.08342431429978, 37.3017503826129], [128.08122054331253, 37.30338721177259], [128.07932523576295, 37.30345348309234], [128.0778047934929, 37.304127013948175], [128.07653880233477, 37.30388399325736], [128.07364974172356, 37.30438800342255], [128.06975160072454, 37.307588250795845], [128.0665419842482, 37.308845062321836], [128.06384444877207, 37.30879947833333], [128.06218934591976, 37.309264814152186], [128.05495117671407, 37.30910563701846], [128.051977344832, 37.30845605223237], [128.04830597926002, 37.31103528032542], [128.04756561403534, 37.31240034511622], [128.0454212149275, 37.314024724800866], [128.04512928806966, 37.31511806253999], [128.043173577012, 37.316757918948426], [128.042761549362, 37.317760226551], [128.04203663403004, 37.318314240730984], [128.0408486701238, 37.3183458003869], [128.04005353302065, 37.31910171961913], [128.0393676678818, 37.32096067933928], [128.0383801128938, 37.32167379205642], [128.0371370061081, 37.32763231656457], [128.03560394765248, 37.32768063971557], [128.03483105176122, 37.330920804920034], [128.03435894442393, 37.33100320253387], [128.03367509309498, 37.33248143848833], [128.03439347694305, 37.334165362492726], [128.0377463052497, 37.33759582662962], [128.03774620305745, 37.3409249647383], [128.03940296168867, 37.343517096517544], [128.039391668107, 37.344694672785124], [128.0383377110325, 37.34503840501435], [128.03685632502697, 37.34661486351518], [128.03689115112562, 37.350511870121046], [128.0382778872641, 37.353178183092226], [128.03823670591368, 37.354568587138104], [128.03918951613844, 37.3559640764414], [128.041879259265, 37.35652439732313], [128.0457976555227, 37.35925560064013], [128.0456342099014, 37.36146134673479], [128.04615998702965, 37.36340930126004], [128.0468642186718, 37.36349683310862], [128.04727944918884, 37.36451718170895], [128.04871059221333, 37.36495107265068], [128.04965055134957, 37.36600702777238], [128.0555586550141, 37.36399883078712], [128.05704907239863, 37.36412885889511], [128.06004287778964, 37.366014430390294], [128.06547706087562, 37.36441232103586], [128.06711785603417, 37.364972492261636], [128.07016221657742, 37.36694547504775], [128.072679500786, 37.36741543001884], [128.07328650004962, 37.36879686775813], [128.0727890493095, 37.369860302270574], [128.07529204844656, 37.37152299934113], [128.07678598980408, 37.373741026192555], [128.07487457208723, 37.37554963873914], [128.07529156781052, 37.37705837614808], [128.07446802711837, 37.37965193092671], [128.07615292937373, 37.38080254831258], [128.07648102545173, 37.38277720529397], [128.07631147370566, 37.38461870975665], [128.07556337951982, 37.38476205685721], [128.07400280346113, 37.387193364937815], [128.07327522516243, 37.38999524440412], [128.07180407922547, 37.39185415027175], [128.07451194080534, 37.394568002164526], [128.07553296668084, 37.39682694088811], [128.0765495055677, 37.39688893338907], [128.07714051438617, 37.39811733269927], [128.07848515765792, 37.39895988116867], [128.0787149506733, 37.39999897897516], [128.0817432653254, 37.40110151183236], [128.08350022302983, 37.40101195461574], [128.08447630889017, 37.400514809244854], [128.0862678020681, 37.401181718160096], [128.08840684712024, 37.40127891255065], [128.08905443031617, 37.40215590924649], [128.09091805494137, 37.4022657366747], [128.0921335057281, 37.403408619841876], [128.09458427368477, 37.4041870047926], [128.09487633583353, 37.4050498037591], [128.09625694342583, 37.405406984061024], [128.09744830852992, 37.40631690951288], [128.0960456490745, 37.41024320388576], [128.0939175585057, 37.41033496093125], [128.09125261164712, 37.411621759657486], [128.08857829540418, 37.414292978487], [128.0858999587177, 37.42071417671373], [128.08604677798962, 37.422033874786756], [128.0836093208547, 37.424422658983936], [128.08423595006275, 37.426727346445695], [128.08219690022977, 37.427078805164804], [128.07653083103247, 37.43015884906989], [128.07529919142326, 37.430072622102834], [128.07506220295076, 37.43053623248563], [128.07361543967983, 37.43096212384238], [128.07262231515114, 37.430642562878745], [128.07117876210236, 37.430848495573805], [128.0678466216931, 37.43403790206439], [128.06440263431796, 37.4357292352368], [128.06216670568364, 37.435765375848234], [128.06244699888165, 37.436787143033875], [128.06140037494032, 37.437858261222026], [128.06238144383084, 37.439196414343655], [128.06261451052788, 37.44077354736262], [128.06209800156978, 37.44178051039721], [128.06113574717267, 37.44212897660506], [128.06114893437655, 37.44286455237413], [128.0591895195856, 37.443117201012704], [128.0598094093254, 37.44450786352762], [128.05893183022732, 37.445131196201594], [128.05410344526538, 37.44336250473768], [128.05378418372135, 37.44371222059883], [128.04760329633206, 37.44306433462148], [128.04676745126872, 37.443976635486536], [128.04272246637, 37.44331690834056], [128.04154121920172, 37.44384874431484], [128.04177737176255, 37.44557709301646], [128.04001340447118, 37.44605631626175], [128.0385203157505, 37.447103197897896], [128.03716667139273, 37.44635440676176], [128.033577648062, 37.446371441405525], [128.032400458422, 37.447773991337534], [128.03107189493986, 37.44764141636974], [128.02741388965666, 37.44858602581724], [128.0239290329247, 37.447987797520824], [128.0233404646246, 37.44768458658171], [128.0235115241505, 37.44722783755266], [128.02094411273404, 37.446258098500024], [128.02010576644207, 37.446726505731405], [128.0194074274621, 37.445878574568965], [128.01817954400178, 37.446136629690685], [128.01765549120117, 37.44566700195383], [128.01640444195712, 37.44585681842351], [128.0157437833731, 37.44533767564083], [128.01423927353522, 37.44524611766522], [128.01374248147982, 37.44755742469146], [128.01300168390807, 37.44798356484234], [128.0120199662269, 37.44977109157962], [128.00811830260088, 37.44926662434629], [128.00696665777238, 37.44979223278045], [128.0074787415869, 37.450927034817816], [128.00667258393403, 37.4524388032878], [128.00711952391427, 37.45287506128499], [128.00483885472923, 37.45568322523904], [128.00262326844094, 37.45684203019588], [127.99973553353209, 37.45633038138826], [127.99750907079418, 37.45686356726938], [127.99423490373457, 37.456158231353164], [127.99249622052635, 37.45640144377512], [127.99208850851063, 37.45711380773263], [127.98940251919892, 37.45850914653956], [127.98788823947866, 37.458901608354736], [127.98578102150081, 37.45846643937653], [127.9831828041521, 37.45940253843032], [127.98270958708086, 37.46019143918486], [127.97839505647593, 37.458059789228], [127.97703265573341, 37.458484642159576], [127.97629056695328, 37.458291426278606], [127.97633905080326, 37.457618677431135], [127.97426991232396, 37.457633758819675], [127.97345268539082, 37.456219195518294], [127.96884061560921, 37.45230909374327], [127.96497737188487, 37.45088455183614], [127.9647687330253, 37.452564496155176], [127.96358300479895, 37.45354607906448], [127.9616083668461, 37.453734169927515], [127.96055713503003, 37.45313848966368], [127.95805008115522, 37.45303491877641], [127.95466047604582, 37.4555478746774], [127.95240771630567, 37.454640831208316], [127.94930219638714, 37.45444194017137], [127.94857769870858, 37.45838021799968], [127.94718220694158, 37.46014491135875], [127.94433657321804, 37.462348561097976], [127.94371758942411, 37.46444742263832], [127.94255712244134, 37.46629718475427], [127.94162281646366, 37.46688828078088], [127.94196691440064, 37.46810439534635], [127.93932077356544, 37.47347550498608], [127.93901114208442, 37.47555413221304], [127.93847215329744, 37.47607224889011], [127.93752898684589, 37.475908541337695], [127.93696850413014, 37.47629081956636], [127.93751308361426, 37.47876896111569], [127.9386476157587, 37.48027726494002], [127.93774743561134, 37.4814686103496], [127.93846239662224, 37.48250638398091], [127.93574250893836, 37.48550393417656], [127.93288532399872, 37.48705082518771], [127.93246341225726, 37.49046487873683], [127.93395300851166, 37.49176348261416], [127.93573496050126, 37.49241611244372], [127.93570602251181, 37.49477351029965], [127.9380582278033, 37.49626147554358], [127.93868126913867, 37.499347691987516], [127.93966718154633, 37.50115193790149], [127.93617683222348, 37.50215518648882], [127.93450636418653, 37.503608529408886], [127.93315948980286, 37.50383258109366], [127.92915351944487, 37.50690993580396], [127.9270460092261, 37.50613277934193], [127.9244627073254, 37.50293371557365], [127.92261780668309, 37.5017143520088], [127.92211488732707, 37.4994956962409], [127.92142394715631, 37.498654447403574], [127.91875385887992, 37.497967669339324], [127.91846114203034, 37.4974958067811], [127.91903709258426, 37.49691386842462], [127.9182079226659, 37.495975981469265], [127.91912583330597, 37.49287374490984], [127.91644812737506, 37.49108046312049], [127.91409982043656, 37.490503985219114], [127.91257528346318, 37.48865355413059], [127.91162709758161, 37.48826049736977], [127.91126885907927, 37.48704046821922], [127.91036130149985, 37.4870812396543], [127.90969318390836, 37.48644218206746], [127.90894309107516, 37.48191493286697], [127.9073982818679, 37.47915122366605], [127.9079069809885, 37.47859181903868], [127.9059894714542, 37.47511608899395], [127.90610784809257, 37.47327184519748], [127.90535039086976, 37.47268046556572], [127.9031076740286, 37.47213421215202], [127.89587015530611, 37.47234660425107], [127.8970822432344, 37.46864961842493], [127.89626603357098, 37.469401926943256], [127.89435809807685, 37.469605562002826], [127.89356561427232, 37.468523331975845], [127.88894980948466, 37.46619387342951], [127.88841350130026, 37.4662153602688], [127.88745251960358, 37.467306551680686], [127.88726178571395, 37.46856568870106], [127.88423002540728, 37.46776538822091], [127.88451933776126, 37.470198113040254], [127.88328997449263, 37.46941246186207], [127.88207622552817, 37.469473039916885], [127.87698724361769, 37.466920827122784], [127.87724846859216, 37.46657202356954], [127.87664979170259, 37.466001798910575], [127.87621052879376, 37.463498362515985], [127.87535042811079, 37.462071045067255], [127.8758519811152, 37.460341405021474], [127.87475692215455, 37.45805144061726], [127.87515165077576, 37.456583308045595], [127.87465156722662, 37.455006069364195], [127.87092580262944, 37.453413176515255], [127.8685715141508, 37.4506861552325], [127.86834172099113, 37.44901286454105], [127.86565275967362, 37.44695044525854], [127.8659477177809, 37.44014363191262], [127.86423414961124, 37.438488489218685], [127.86404763034709, 37.437004645762215], [127.86338787753687, 37.43624981311733], [127.86508670347798, 37.431956911476185], [127.86394398593768, 37.425326125197394], [127.86731952174519, 37.421410895047835], [127.86750319889771, 37.4201332522577], [127.8704416795823, 37.41841924735794], [127.87126045901786, 37.41565423149636], [127.87066507073439, 37.41453323654981], [127.87032542208756, 37.41110550640803], [127.86926406116378, 37.40884254280528], [127.86996071406081, 37.40648079289901], [127.86878439707618, 37.40569063940756], [127.86808135454956, 37.404161575737355], [127.86800411967853, 37.39963046633649], [127.8671624460921, 37.3990504308889], [127.86421884836965, 37.39844181173016], [127.86115867931265, 37.39834499885439], [127.85790874954779, 37.398908047063905], [127.85650229613162, 37.39865244318258], [127.85241304808385, 37.39693514148843], [127.8509935722205, 37.395331171651], [127.84978173961187, 37.39693124198159], [127.84965035196095, 37.39820567412916], [127.84763705260814, 37.40078651191711], [127.84945491940817, 37.402442291525794], [127.85052123002862, 37.40504693585179], [127.85014256981366, 37.40645885285825], [127.85121580545065, 37.407763208071515], [127.85126633826209, 37.40858246302731], [127.84955177424418, 37.41056511496415], [127.84821917398659, 37.413345207090806], [127.84741835462638, 37.41806280808294], [127.84566551778315, 37.419275332271134], [127.84578555477114, 37.421195269536966], [127.84490518714101, 37.42381244487064], [127.84396973681278, 37.42432619902566], [127.84246177465215, 37.426332896198346], [127.84081673152062, 37.42925476733142], [127.8397238304462, 37.43259644225544], [127.8400224678588, 37.43382387876007], [127.83883546684852, 37.4342408352432], [127.83450183476828, 37.43399580759215], [127.83318809970221, 37.436109710537465], [127.83173810198289, 37.43660220116919], [127.83068285719555, 37.43837750834119], [127.82889549058373, 37.438860797614744], [127.82658268955235, 37.44028081427917], [127.8262004891614, 37.44116897647169], [127.82519015310747, 37.44145194833111], [127.82509899322788, 37.44254220629113], [127.82363402842806, 37.442942089254075], [127.82187646187924, 37.44546016108755], [127.82091335237563, 37.445384059687846], [127.82058024323403, 37.446282008335466], [127.81983337030466, 37.44657549557218], [127.81481573973615, 37.44486081654155], [127.81343658239186, 37.44526925370987], [127.81032506663209, 37.44188656660964], [127.81050470799752, 37.441385566492265], [127.79993145093519, 37.438702179316955], [127.79838844783026, 37.44259094975691], [127.79937193477977, 37.445817909094536], [127.79888611143515, 37.44862012540735], [127.79946361609387, 37.449016678444316], [127.79893557669527, 37.451063646239646], [127.79938192990832, 37.451770204298946], [127.79813611794611, 37.45488709506149], [127.79848892835484, 37.455248420164445], [127.79817552205927, 37.45610672809479], [127.79735608310418, 37.456444562154076], [127.79790984000608, 37.458722629389605], [127.796572863753, 37.45976805851853], [127.7967214490027, 37.462711929440225], [127.7962662326759, 37.46304395338475], [127.79647037144667, 37.46372152877454], [127.79761504717615, 37.4640143996342], [127.79789632681349, 37.46491600804125], [127.79942724201125, 37.465564416127265], [127.80071372176768, 37.467860989271855], [127.80097393045689, 37.47003742294236], [127.79978713503512, 37.47238314893196], [127.79515072197921, 37.47258267320334], [127.79470915794666, 37.473281221204985], [127.79374135674882, 37.47312751959522], [127.79133333320699, 37.47427941697445], [127.7910752099933, 37.474863445211035], [127.7895801291418, 37.47479708610607], [127.78775841231943, 37.4764238051168], [127.78757352524337, 37.4776399273928], [127.78484590150057, 37.47869020763582], [127.78470596134018, 37.47990867020232], [127.78370627527826, 37.48059409995034], [127.78369547382789, 37.48142759622014], [127.78216669906396, 37.48168022896047], [127.78128835233696, 37.48639058840484], [127.78018809480434, 37.48865116550563], [127.77802315611716, 37.48801679529036], [127.77606624489829, 37.48854458189524], [127.77612209667284, 37.48952094941225], [127.77509527194036, 37.490321475124134], [127.77468904094798, 37.491746346811716], [127.77135272471114, 37.49176457228784], [127.7700970274304, 37.49269165019769], [127.7681822297691, 37.49216996120181], [127.76530080530495, 37.49307302076123], [127.76404311085773, 37.49191847633852], [127.76211638583369, 37.49271677598877], [127.76019291093147, 37.492218287780446], [127.75979140390984, 37.49248214113334], [127.75947610529226, 37.49686133746503], [127.75959990055155, 37.498118110417415], [127.76030388255873, 37.49876000756124], [127.75987416757822, 37.503133393395096], [127.76026388382603, 37.50341923938107], [127.76543748421801, 37.50276354536576], [127.76970512348727, 37.50540083532127], [127.77179045367946, 37.505185337704766], [127.77484932212047, 37.50665964038081], [127.77596885191743, 37.508100611400266], [127.7767482807179, 37.50809091265675], [127.78111919706026, 37.51306150627099], [127.78370426642351, 37.512138058240886], [127.7854960763997, 37.513310812229896], [127.78711721203658, 37.5149756157415], [127.78878727581753, 37.518551841723884], [127.79194536232406, 37.520022294037986], [127.79207599299255, 37.52072489074906], [127.79356562427161, 37.521959001477576], [127.7963987322218, 37.523105953138106], [127.79623053772889, 37.524050227852925], [127.79503554522036, 37.524890360602186], [127.79549392268927, 37.52653215887107], [127.79631934649122, 37.52718050542209], [127.79634377093288, 37.528582055092755], [127.79778027435894, 37.52852162734342], [127.79996242353774, 37.52931333642088], [127.80233803556511, 37.52927566533362], [127.80501420100593, 37.53016492750884], [127.80647298686236, 37.53117146934668], [127.80673656945194, 37.533544020130826], [127.80623197105965, 37.53491977276538], [127.80959603388509, 37.53701386541928], [127.80958058512475, 37.53786222395872], [127.81197059815365, 37.53756097762308], [127.81366985930926, 37.53797397062776], [127.8151170620786, 37.53717254263021], [127.81636862239445, 37.53703183664615], [127.82252727650595, 37.538460021827724], [127.82568856638261, 37.537872715618185], [127.82827207505092, 37.53663876281504], [127.83054838511214, 37.5380091837994], [127.83191303436006, 37.53763048174147], [127.83212760258392, 37.538264823129225], [127.8336264227242, 37.539207540174175], [127.83730099729442, 37.538190751211324], [127.83889261607175, 37.538458757389364], [127.83960046270822, 37.539057005773145], [127.84202294510088, 37.53890089572046], [127.84304363297935, 37.541918282651274], [127.84594601319868, 37.544093054290016], [127.8449717650923, 37.54569377715633], [127.84513802337008, 37.54772506148597], [127.84761835536872, 37.54952326620847], [127.84811314400362, 37.550333880443226], [127.84806021993518, 37.5523003431082], [127.85009949996406, 37.553795505079215], [127.8526724184276, 37.55424407196693], [127.85520381864305, 37.553994088049926], [127.85630080831905, 37.55523116822492], [127.85726968549982, 37.55549781644051], [127.85825748731911, 37.557108450672345], [127.85955288790552, 37.55771986321017], [127.8653685465178, 37.55719909873144], [127.86627483424404, 37.55629910536348], [127.86821601300204, 37.55638595015877], [127.86898097504967, 37.55681335427646], [127.87130147659684, 37.55624726143139], [127.87373676923852, 37.55744580544933], [127.87238013346496, 37.56077565975782], [127.87241231851088, 37.56217359896539], [127.87680851425837, 37.56573142161992], [127.8787402929192, 37.56626131988752], [127.88157398086693, 37.5687406842984], [127.88155635860068, 37.5700694442092], [127.88296964288162, 37.5701430871984], [127.88414665960696, 37.57126753952791], [127.88469605749657, 37.57253039560599], [127.88426577920939, 37.57533616756136], [127.88568726193853, 37.57603475599382], [127.88792037004579, 37.57614442234611], [127.88902139850516, 37.57690253234362], [127.88907098115915, 37.58093085191919], [127.88975499885684, 37.580856163013586], [127.89018937776882, 37.581833531506405], [127.89171674914746, 37.58234823649356], [127.89257515848965, 37.58387338767425], [127.89230995238714, 37.58424140479896], [127.89379249565619, 37.58508499108464], [127.89306063508661, 37.58868618804934], [127.89427950700197, 37.59028518374704], [127.89426357901773, 37.59289104235784], [127.89375113225373, 37.593445905098136], [127.893807075935, 37.59463445605264], [127.89280191395812, 37.59535437433696], [127.89222756652792, 37.596685087299534], [127.8926259008125, 37.59721082606504], [127.89503959061065, 37.59831201454312], [127.89639103037011, 37.59737182752922], [127.8984683491226, 37.59789099601709], [127.90752036893598, 37.59842380766442], [127.90914547505601, 37.59893528090285], [127.91010885332282, 37.60034687119643], [127.91252774714721, 37.60071367114839], [127.91656428411243, 37.60235849684873], [127.91921265143591, 37.60454667511451], [127.92261074719005, 37.60570185604182], [127.92699815091387, 37.60414971054964], [127.92753719781841, 37.60621148006708], [127.92941644508232, 37.60684455626699], [127.93319137218258, 37.60981836492719], [127.93895427305019, 37.6092980423407], [127.941044621854, 37.60950974549288], [127.9452390853391, 37.60877720384446], [127.95122317860034, 37.61113782532679], [127.95243285531615, 37.61513928365774], [127.95236094925919, 37.617803295089686], [127.95400613282308, 37.61786237998417], [127.95652170229333, 37.61950064270162], [127.95715901496382, 37.622308412597455], [127.95952514686894, 37.62488986578084], [127.95919805274839, 37.62563355134578], [127.95973816357689, 37.62612468571683], [127.96178820974932, 37.62654638597794], [127.9646852795038, 37.62580821241009], [127.9674896179933, 37.626935689197374], [127.96855350284304, 37.62910584945354], [127.96802260532354, 37.63135496942295], [127.96932640273232, 37.63266304093867], [127.97012384483588, 37.63436969980067], [127.96967501172334, 37.63633969627937], [127.97120751795678, 37.63807522269622], [127.97413310220819, 37.63756913437084], [127.97566889511572, 37.63621067906245], [127.97707836561428, 37.63624267485048], [127.97962064702246, 37.633134196710515], [127.97927983932793, 37.63184613968392], [127.9806116866581, 37.63184973542314], [127.9810511260959, 37.631157422044126], [127.98455783627053, 37.630208456888596], [127.98759054955028, 37.62991089328014], [127.99243769379021, 37.62770801697224], [127.99383477906517, 37.62796515430167], [127.99784225943048, 37.62684517629101], [128.00024756206972, 37.62662973415307], [128.00837123167338, 37.62692051148179], [128.0121543555089, 37.626244831458735], [128.01328998840353, 37.62517705773649], [128.0132249343816, 37.62434705493326], [128.01420962791656, 37.6236904945302], [128.0129224170908, 37.622005787921466], [128.0140207220756, 37.62033215369109], [128.01393747804187, 37.61552956855506], [128.01444113318223, 37.61471594018051], [128.0166661095128, 37.61363511779581], [128.02011798582998, 37.61317122563279], [128.0224442180885, 37.61461375238241], [128.02299356680183, 37.61554879666786], [128.02458255005118, 37.61587176357802], [128.0252339801273, 37.61756325891416], [128.02802818161408, 37.618682624093104], [128.03145116907112, 37.62270760777054], [128.03268814403174, 37.62269736378719], [128.0351738368779, 37.62421482083726], [128.03741285172003, 37.624147316634065], [128.04444370676177, 37.62583518302598], [128.0470677223847, 37.62747391553354], [128.04996452268836, 37.62760756147495], [128.0499847743496, 37.63103968323094], [128.05236469230564, 37.63158778670741], [128.0538563762952, 37.6328101939932], [128.0566869182299, 37.63294848813604], [128.05900165350008, 37.634136148459426], [128.06113626953913, 37.63430140985125], [128.06462413514544, 37.63542238776035], [128.066280204186, 37.63643480204426], [128.06707349408205, 37.641014258585166], [128.07556451295102, 37.644243131258996], [128.07571496672833, 37.6452736228507], [128.07667672465018, 37.645919444286356], [128.07722769107852, 37.64717320002579], [128.0788690763295, 37.64782463509742], [128.07863821358606, 37.648585213990295], [128.07954087366733, 37.649179189936795], [128.08131564532812, 37.6494526610729], [128.08323590286605, 37.65042975536105], [128.08557057357834, 37.650193226089165], [128.0889323215214, 37.65208437319226], [128.09095170835474, 37.6521761065993], [128.09327902683262, 37.65308057716896], [128.09795679214446, 37.652091211261336], [128.09845520930037, 37.65065972275982], [128.10408191382805, 37.64977981415065], [128.10937738458512, 37.65142395524299], [128.11197137314736, 37.653814909679944], [128.1141238608219, 37.654539588730096], [128.11283483008825, 37.65527276433535], [128.10809943304542, 37.656244115996934], [128.1055937171081, 37.65940537088355], [128.10666949712606, 37.66121405270214], [128.108415154626, 37.66262565849536], [128.11247335420862, 37.664878969024684], [128.11154275047798, 37.666339074908485], [128.11199886462967, 37.66928250629547], [128.11147341527683, 37.6707438679351], [128.11419488367974, 37.674718629209025], [128.11491956952435, 37.67476387259649], [128.11726109080158, 37.67673955248043], [128.1187221400942, 37.67862104896935], [128.1211017393909, 37.678212489378225], [128.12320549753213, 37.678494598013266], [128.12606460721153, 37.67746987112909], [128.13092574023588, 37.67929960009192], [128.13589527382808, 37.68015986553775]]]}}, {"type": "Feature", "properties": {"code": "32530", "name": "영월군"}, "geometry": {"type": "Polygon", "coordinates": [[[128.27225195972477, 37.40871069215152], [128.2748258034443, 37.40740973709527], [128.27678949842576, 37.40732312106875], [128.2784416443405, 37.40652347706302], [128.28141257122368, 37.406891726834395], [128.28282231580812, 37.40665581824659], [128.28503762754656, 37.4047378003951], [128.29231219376896, 37.40205233317582], [128.2932733621732, 37.4021327683762], [128.2943302009406, 37.401005083805174], [128.29341014620337, 37.39677766720129], [128.29453922958197, 37.39393683962461], [128.29664910022035, 37.39124034195358], [128.29751191697437, 37.38870358524554], [128.30284066236388, 37.38846883541129], [128.3047422491184, 37.38730852373249], [128.30701223602674, 37.38683052328115], [128.30879147825357, 37.383893925083356], [128.31186757439278, 37.38329114317618], [128.31684755276973, 37.37791714658651], [128.31841402292983, 37.37932807135351], [128.319422864048, 37.37965347190455], [128.32121163319405, 37.378535558491635], [128.32593780195657, 37.378069234388406], [128.3271067137926, 37.375645623982145], [128.32498611324425, 37.373957857223914], [128.32341500521161, 37.37131753672931], [128.32355606431423, 37.370103398325575], [128.32025019048035, 37.366658059556585], [128.32069824550132, 37.36554021641676], [128.31951488930954, 37.3643414249442], [128.31977421561436, 37.361222871044475], [128.31928730434524, 37.36012047915609], [128.3177310618399, 37.35928384054766], [128.3164812968049, 37.35349327870097], [128.3168806278752, 37.35227952364491], [128.31910706789157, 37.349546924774145], [128.32164621915067, 37.34735519717333], [128.3219433615464, 37.345091118448714], [128.32276922465255, 37.34373965457767], [128.32173878624403, 37.34222966207762], [128.3219792940365, 37.34041328959836], [128.3211453259684, 37.339212914116835], [128.321956070026, 37.335530849509375], [128.32352305481865, 37.3337200906888], [128.32342110478797, 37.33216250201379], [128.3242830914282, 37.329446015052746], [128.32364897876732, 37.32388631912021], [128.3244781076546, 37.321370059218275], [128.3248199844528, 37.320873854267674], [128.32547665047514, 37.321482375233295], [128.33038488632099, 37.32261384485567], [128.33173625449777, 37.32137492707599], [128.33451335517532, 37.32011686299615], [128.3368589859972, 37.31678142625991], [128.34312969254748, 37.311713700005114], [128.35200071625297, 37.30924847665268], [128.35759120072333, 37.30856711951647], [128.35814485397754, 37.30709766560959], [128.3576299254362, 37.3059371000116], [128.36044035822766, 37.30517927603534], [128.36301419939235, 37.30172319532566], [128.36381794926396, 37.29910569100016], [128.3689698931863, 37.296297199831145], [128.36946498055207, 37.29517149407166], [128.37106850686092, 37.294376483488875], [128.3716528209655, 37.29334732720359], [128.37120753426632, 37.29161808628785], [128.37371764860447, 37.29046480689724], [128.37669214746046, 37.289929428681], [128.3771627298697, 37.28939047390959], [128.38090723939965, 37.28868983745936], [128.38271342176245, 37.288954505700666], [128.38632806768467, 37.291236298786515], [128.38878419299164, 37.29133629291857], [128.38875677374114, 37.291852631955244], [128.3902090602124, 37.29308135238353], [128.39715349591262, 37.297269786138486], [128.4001488070674, 37.297073104856146], [128.40094891266256, 37.29603152698535], [128.40268335708893, 37.29515368784227], [128.40393473978222, 37.29520362150557], [128.4060946709212, 37.29401383562284], [128.40694668964812, 37.294525347225026], [128.4084603035667, 37.294289593485], [128.40884898513318, 37.29465904903229], [128.4093470686193, 37.29605531715656], [128.40809549865992, 37.2994053471319], [128.40565895751016, 37.30159721946752], [128.4060320222544, 37.30356677218042], [128.40702701181027, 37.304939104176455], [128.40663044178703, 37.305419524651725], [128.41043866008027, 37.30757196740155], [128.410757904138, 37.30872955556428], [128.40734637158673, 37.31130336615508], [128.40673605483497, 37.314448167650234], [128.4053131346965, 37.31662177931538], [128.40468769176712, 37.32084974317002], [128.40670095194758, 37.32277852544379], [128.40596073966267, 37.32378883910782], [128.4066446372912, 37.32491380018604], [128.41196379373295, 37.33038407083747], [128.4112079743402, 37.334090121926664], [128.41287317136087, 37.337024227616006], [128.41172338661895, 37.33856838604412], [128.4139619306262, 37.33939314596178], [128.41898911272776, 37.34336625443395], [128.42059429131763, 37.34365678542303], [128.4216904617855, 37.34318867358367], [128.42575188041383, 37.34277479595573], [128.4271717678082, 37.342206258999376], [128.42970759542155, 37.33981537079106], [128.43248985084145, 37.33973029800882], [128.4330933024035, 37.339187960078455], [128.43561331146856, 37.339555695125455], [128.44401792826994, 37.33693192230219], [128.4487044865004, 37.33762413049049], [128.450294038338, 37.336381825849195], [128.45282137753415, 37.33568969601483], [128.45397139718182, 37.333737683102], [128.45400638967473, 37.33210345097927], [128.45605820390762, 37.33071341778452], [128.45938011104465, 37.32721060857677], [128.45966153098942, 37.3260990800571], [128.46302769237812, 37.32417951585848], [128.4637716804293, 37.322252876899704], [128.46366105240907, 37.3209763212429], [128.46470870791893, 37.31934910273322], [128.46330511887342, 37.318340716728585], [128.46443070211723, 37.31653689307904], [128.4627298821671, 37.315333413714605], [128.46129221557857, 37.31264603486675], [128.46114940564019, 37.311261970060464], [128.4624724033462, 37.30849047192415], [128.46470711876682, 37.306676814136864], [128.4706034446755, 37.30690735730423], [128.47307066510223, 37.30622626466026], [128.47613583841198, 37.30427031763851], [128.4771685217998, 37.304231469426725], [128.48135165767653, 37.302590564643175], [128.48402492111512, 37.302515443466525], [128.4853605950091, 37.302917832475295], [128.4929665459402, 37.302324395371784], [128.49668589519464, 37.30339745892632], [128.49753306086953, 37.30215816501653], [128.49814809674714, 37.29816752152062], [128.50007591663552, 37.29578997175774], [128.50022878225337, 37.29324187206459], [128.5008670695379, 37.2929862129018], [128.50048370637984, 37.29082146339043], [128.50087610076127, 37.28928656517418], [128.5021399511796, 37.28950692382764], [128.5050229316574, 37.28874998337837], [128.50877771502158, 37.28877727713438], [128.50970168822894, 37.28952627488104], [128.51293430966516, 37.28739783024896], [128.51758414485528, 37.287580096978665], [128.51843240232117, 37.28801607034081], [128.51981627462797, 37.28762218816865], [128.5211665208603, 37.287970982119035], [128.52250768140738, 37.28985093392257], [128.52598686731116, 37.28980823158337], [128.52719811560493, 37.29026587532829], [128.52902317065025, 37.2924816180843], [128.53269596621936, 37.289554343826076], [128.53592685572505, 37.28388356256428], [128.53694880549514, 37.28477558243889], [128.539938423285, 37.28528634550042], [128.54133701310607, 37.28647905172097], [128.54322659848253, 37.285618299379394], [128.54496934455074, 37.28739742237935], [128.54938815807364, 37.28916381974233], [128.55253042453066, 37.28918640374783], [128.5564260705244, 37.28851912943877], [128.55941958524636, 37.286102652043134], [128.56452901479787, 37.27926840603531], [128.56649807806966, 37.27881707121832], [128.57082505317894, 37.280628331478226], [128.57212502611074, 37.280729498191874], [128.57474148276583, 37.27972202588351], [128.57646676741766, 37.27510077475567], [128.57827210029177, 37.273209074317634], [128.5789987588219, 37.27115944445087], [128.57772912213386, 37.268848842505854], [128.5760171058041, 37.268284024461565], [128.5757868465098, 37.26887073345616], [128.57499362236308, 37.26863314479381], [128.5706465654297, 37.2710354201533], [128.56825571279455, 37.27088027921064], [128.5659593202044, 37.26670810359132], [128.56487776161896, 37.258081200993374], [128.56587827184902, 37.25326018650107], [128.56765193586244, 37.252350324259645], [128.56956129652477, 37.2492685704284], [128.5752895337655, 37.24629655047504], [128.5767409187548, 37.24511315210186], [128.57617646114423, 37.2396821911061], [128.576694671681, 37.23781241557215], [128.57561219091073, 37.23575663199187], [128.57682986575523, 37.22797979348918], [128.57802686571358, 37.22671557450355], [128.5781524670231, 37.22513918515995], [128.5773501195935, 37.22227433024368], [128.57920665082275, 37.22002091960581], [128.5822759390256, 37.221413069352295], [128.58620601532468, 37.22115489316598], [128.59161099666179, 37.217660353560426], [128.59775952451506, 37.21522438878165], [128.60022626593002, 37.21277654719388], [128.6011569370841, 37.21416020828414], [128.60266964492013, 37.21456013672541], [128.60436977458176, 37.21828159879577], [128.6061884610791, 37.21760124507397], [128.6095056765175, 37.21863947068762], [128.61121835781285, 37.21821610688677], [128.61474961431222, 37.21818468257747], [128.61611592847046, 37.216957481055054], [128.6192648384205, 37.218634161522886], [128.62059048261176, 37.217394867964224], [128.6205743185966, 37.21560489273344], [128.6223742807785, 37.21450813526029], [128.62252416291494, 37.213386502964326], [128.62206707768738, 37.21173385822874], [128.62117274832076, 37.2105970896041], [128.61987364276303, 37.2100321589563], [128.61844315394896, 37.20681994143969], [128.6175353513478, 37.20598735358617], [128.62019267017797, 37.205394132503564], [128.6206302019398, 37.20442624626252], [128.62226439944772, 37.2042165378314], [128.62278966662174, 37.20094896787514], [128.62638598841733, 37.199250054840576], [128.62706516656402, 37.19839608757094], [128.62762717040914, 37.19857915669363], [128.6290813596319, 37.195761825644944], [128.63121602954442, 37.19741944128997], [128.633483040659, 37.196617900176214], [128.6338203095721, 37.19425161546314], [128.63573657132085, 37.19159719369246], [128.63552334391153, 37.187781520392356], [128.63854977561806, 37.186023344273195], [128.63914462421772, 37.18469411197502], [128.64207097497467, 37.182402374174], [128.6464970839608, 37.181827177776455], [128.65149379357183, 37.18352917141425], [128.65528464719932, 37.18585368251377], [128.66030440261514, 37.18677261175959], [128.6629582405351, 37.18615113384464], [128.66638828289058, 37.18685824329359], [128.66817218869272, 37.185521193990546], [128.67088784077555, 37.1862320208693], [128.67167863689542, 37.18722100185434], [128.67436529588426, 37.18627583268128], [128.67676312264712, 37.187073129699236], [128.67895535009876, 37.186333450159545], [128.6803245766224, 37.186327131425614], [128.6825091799594, 37.184921382522866], [128.685069565455, 37.18560637785691], [128.6877453720994, 37.18485776081376], [128.68798958028532, 37.18435429452572], [128.69075637339336, 37.1851441541598], [128.6943932823495, 37.184573188378444], [128.6969848741631, 37.18616979189086], [128.69755598990702, 37.187700636638226], [128.69890212840093, 37.18841402773521], [128.6991787043087, 37.19001093765234], [128.70140438655184, 37.19072296054983], [128.7096789639554, 37.19079343114936], [128.71054806332214, 37.19202231196833], [128.7124814102457, 37.19243493712267], [128.71602857063198, 37.195604894021166], [128.71869751644334, 37.195572188639325], [128.7227411020533, 37.19702005240994], [128.72528336369257, 37.198451792026624], [128.72903436636327, 37.19729009369122], [128.7318907013927, 37.19766227247595], [128.73324356704944, 37.198653805574445], [128.73337063058736, 37.200288459710954], [128.73439923257186, 37.20137931482268], [128.7354274607395, 37.2016364793265], [128.73797274825785, 37.204554688352516], [128.7412743813036, 37.206994927951875], [128.7438412284848, 37.20780026789659], [128.74555578438054, 37.20906168460312], [128.74674625157147, 37.21083997286412], [128.74875529059324, 37.21194918467746], [128.75159663650032, 37.21142295968435], [128.75431292680165, 37.21157505998487], [128.75856096665362, 37.20882201010608], [128.75922842671625, 37.207901187863946], [128.76477122620275, 37.205984371538655], [128.76828771462303, 37.20316372039542], [128.77172786721934, 37.20218981905685], [128.77423063672697, 37.202560470996694], [128.7745740471278, 37.201903251107005], [128.7791535424194, 37.20070562676542], [128.77977835124452, 37.20016918041093], [128.78304510369338, 37.20060061490208], [128.78456047934228, 37.19815188362165], [128.78530829405426, 37.19786434890631], [128.79069810069026, 37.19765486588738], [128.7920863085174, 37.196923534070436], [128.79533199848865, 37.196543886286584], [128.79703410132578, 37.196005372545685], [128.79694282086993, 37.19537180690543], [128.79850499907297, 37.19463233022754], [128.80064504228693, 37.19409696377029], [128.80239092340577, 37.19220036377348], [128.80571176900423, 37.19081853130102], [128.80647597056944, 37.19001153604869], [128.8075230869538, 37.190848245219335], [128.80936280926898, 37.19058873119562], [128.80972028674162, 37.18922221750618], [128.81145237514608, 37.1866532790588], [128.8151557358188, 37.18525314169992], [128.820336872116, 37.17616019737713], [128.8214720090387, 37.17564162301719], [128.82459307091347, 37.17545703787508], [128.8264169548643, 37.174713584910606], [128.82808865104553, 37.17487642527986], [128.8301053038626, 37.17599804763126], [128.83348536470567, 37.17572635668645], [128.83561793814917, 37.172736653931004], [128.83712151055767, 37.17165714073248], [128.83738644529953, 37.17065653177281], [128.83822746795008, 37.1706108489034], [128.83936256310628, 37.1695279119664], [128.840112973148, 37.167482734129536], [128.8415295696821, 37.167741760921224], [128.84155078214215, 37.167095891772014], [128.84549721041054, 37.16647748952918], [128.84597837578875, 37.16703297137908], [128.85039153700868, 37.16689006606624], [128.8526675719342, 37.16771840123043], [128.85768330820548, 37.16793263025478], [128.85953754844357, 37.16850051804722], [128.86045713657242, 37.168217766181996], [128.8613348185214, 37.168563874286654], [128.8632765359589, 37.16845594727151], [128.8652099040141, 37.16952616566935], [128.86705573210196, 37.169368683374486], [128.8684289010368, 37.16836313509207], [128.87201652882482, 37.167305960812556], [128.87867499396742, 37.16784044439133], [128.88030617219815, 37.16865757346091], [128.88230337175798, 37.168356940488344], [128.88372299547947, 37.16892349492117], [128.8856381619125, 37.168468568342064], [128.88649118898965, 37.16783660934262], [128.88667795874537, 37.1653052234301], [128.88815968365478, 37.1644241014863], [128.8889851614114, 37.162889453049615], [128.8907927483845, 37.16227428602788], [128.89187704947324, 37.16058658091657], [128.8924149332517, 37.158856743470764], [128.8920183448615, 37.156877713921055], [128.89316705719258, 37.15208935220029], [128.89756007226896, 37.15084707750205], [128.89831636122528, 37.15019279047792], [128.89825064587, 37.14912451537212], [128.90053118465065, 37.1470773373002], [128.8973788741687, 37.147174541526496], [128.89400391536185, 37.14622790846534], [128.8925102097289, 37.14470048441966], [128.8906785834329, 37.144120173993514], [128.88818208188718, 37.14106753901237], [128.8869234747496, 37.13632310582596], [128.88697433231897, 37.134289120775364], [128.88762558944492, 37.132662450842], [128.88724450106713, 37.13254871604657], [128.8880894452417, 37.131886936976535], [128.88803409154673, 37.1302232459121], [128.88901728418065, 37.12878283627221], [128.88863256690047, 37.1270535595529], [128.88924490154434, 37.12471126795838], [128.88880823472465, 37.12418836624368], [128.8875079878928, 37.12344975379097], [128.88632472897189, 37.12174246723245], [128.88446927928084, 37.12129700577448], [128.88320276630594, 37.12021320066716], [128.88309198209157, 37.11945875238602], [128.87962944874397, 37.118695517534924], [128.87919231401278, 37.11723843528019], [128.8784655762461, 37.116552851678385], [128.87759522288684, 37.116542980195966], [128.8775875447858, 37.11593273122648], [128.8761532158544, 37.11459361939244], [128.87444253594987, 37.113850651754035], [128.87237770298344, 37.11417126955882], [128.87046362650193, 37.113632482219046], [128.87027295790818, 37.1127548223682], [128.86931968929127, 37.112115552941354], [128.86943874062118, 37.10979294332061], [128.86716180845036, 37.10874403345223], [128.8681705128107, 37.10724781808326], [128.868789209381, 37.10710574777645], [128.87048457457993, 37.10796391035793], [128.87528310713532, 37.10818827989653], [128.87715026151787, 37.106686853552276], [128.87880398104093, 37.10447311391536], [128.88189992060012, 37.10412758521914], [128.88351216824933, 37.10298738505632], [128.88646025632198, 37.10257932632458], [128.887405761525, 37.101714042369196], [128.8864545338146, 37.09858972330471], [128.88655154669988, 37.097256781081974], [128.88782840487983, 37.095455447830886], [128.88856072615118, 37.09170973122541], [128.88633993350447, 37.08933986731821], [128.8860495172001, 37.08961869730212], [128.88564625961754, 37.08935651788126], [128.88499854292897, 37.08403106639741], [128.88092020227387, 37.08056385243165], [128.87559832609415, 37.07846558397511], [128.8745364895365, 37.07859582694407], [128.87508405349618, 37.07748662570766], [128.8748225801423, 37.07547155157917], [128.87640600853948, 37.072024955744325], [128.88046919195892, 37.06898250214214], [128.8857014180724, 37.06594667320494], [128.8853847633821, 37.0645645536376], [128.88661783219288, 37.06248942820568], [128.88838887999583, 37.061685052904124], [128.89162330525096, 37.06203699531248], [128.89416297111273, 37.06346725739881], [128.89529230135616, 37.06363082615548], [128.8987592847767, 37.06665714460039], [128.90131885935136, 37.066789600694406], [128.90511560082132, 37.06597165039307], [128.91032076594294, 37.0683213485478], [128.91041654347217, 37.066134789295106], [128.90554518402837, 37.06397265113982], [128.90486079228305, 37.06204214681373], [128.8980744566733, 37.057604068945956], [128.89680269895754, 37.055064638043476], [128.8969817778981, 37.05056537652093], [128.8976916462443, 37.049747721533656], [128.89764874245344, 37.04546051787667], [128.89641982636505, 37.04451557405747], [128.894793619228, 37.0452510550129], [128.8928373834132, 37.04748136235504], [128.8916768864556, 37.04769502613921], [128.8891969509556, 37.04975341337549], [128.88734115304135, 37.05035522104862], [128.88517189801365, 37.05024432821892], [128.88430892775443, 37.05118297718344], [128.88096994700652, 37.05182522127541], [128.87854418471443, 37.05325513129972], [128.87790305564135, 37.05185826105077], [128.87835197191018, 37.050863534423904], [128.87712089611517, 37.04903793086675], [128.87684218720912, 37.04607807901288], [128.8756637582937, 37.04474590265535], [128.87247945200198, 37.04394525963456], [128.8697075739443, 37.04555259496937], [128.8673663942012, 37.046207309935006], [128.86594851655963, 37.047942724083306], [128.8646275483841, 37.04803294414358], [128.86365421290583, 37.048695077199355], [128.8589787866968, 37.04965737047994], [128.85698539539692, 37.04892219346319], [128.85251530022728, 37.05033591683768], [128.85108140490644, 37.05019990352853], [128.85039928442666, 37.05072819729711], [128.8468747628974, 37.05160661247033], [128.8460576917833, 37.052925238992174], [128.84392492140452, 37.05462274870171], [128.84401684106322, 37.05716887804073], [128.84064747435855, 37.059356498756244], [128.8399772411725, 37.061671121649184], [128.8359526914796, 37.06594274027459], [128.8329626341822, 37.06731465526654], [128.8316659888112, 37.06740405735492], [128.83093109167532, 37.07016730750578], [128.83126350694198, 37.0741066963223], [128.8320818760931, 37.075075456536936], [128.82938357544597, 37.078459056546244], [128.82840951166452, 37.07889780729542], [128.82634602099557, 37.07883054119347], [128.82435279260756, 37.07785182917827], [128.81942806560104, 37.07703095498932], [128.81762272284888, 37.07776986129516], [128.81256962781674, 37.078711786093685], [128.81052042753822, 37.077792149183246], [128.8080035053455, 37.07575679392518], [128.80565533934134, 37.077210382796665], [128.80381282278995, 37.0779415841887], [128.80218570586993, 37.077712263395945], [128.7999655824417, 37.07897491936574], [128.80047994660174, 37.08002580066147], [128.80011370477573, 37.081275581988365], [128.8015262482901, 37.08435404475113], [128.80109279802858, 37.08560032049682], [128.79942335898886, 37.086944257340534], [128.78580641532875, 37.087853532726875], [128.782691151203, 37.09144075040868], [128.78127783075857, 37.09226974899677], [128.78028227597443, 37.09234272047378], [128.77643345520315, 37.08977553915436], [128.7766828075836, 37.08878884588127], [128.77359135857216, 37.087508052538745], [128.77784025110924, 37.08328033562165], [128.77792828570495, 37.07893482246265], [128.77541366690383, 37.0786531344188], [128.77423175886955, 37.077346848650315], [128.77134036874762, 37.076349267348796], [128.77098796493937, 37.07563221805247], [128.77008163658337, 37.075233627082575], [128.76981984114434, 37.07396286063389], [128.76857585071252, 37.072706190169114], [128.76838756124403, 37.06780969438407], [128.76535607776222, 37.06403452749525], [128.76475217521755, 37.063548156829974], [128.7601514261493, 37.06675717061779], [128.758079134942, 37.0690808618337], [128.7581483261791, 37.06972387542069], [128.75750983005358, 37.0700124810828], [128.7564262944859, 37.06829210004139], [128.75656750287936, 37.06707786456287], [128.7552605054871, 37.06621810300028], [128.75581523574078, 37.064974425228996], [128.75405842107023, 37.061942377732414], [128.75469385456003, 37.06113837694891], [128.75455059537342, 37.05974576137084], [128.7525849115152, 37.05786093323128], [128.75232021345988, 37.055934396754175], [128.75302124291244, 37.0537179394118], [128.75464022433565, 37.05279470620789], [128.75519342764005, 37.0501646273833], [128.7566416040378, 37.049093544239824], [128.7572512410072, 37.047576656576126], [128.75910226599763, 37.04700134748322], [128.76001277660183, 37.04548999694059], [128.76067770128864, 37.04537175139047], [128.761420368027, 37.04443888467039], [128.76254456251914, 37.03785656588135], [128.76217588073348, 37.03615542661532], [128.75978458916947, 37.035616045768045], [128.75455013500667, 37.03196272534544], [128.75376494600684, 37.027832488141826], [128.7527980955519, 37.028206265929796], [128.75097589559232, 37.02810180083866], [128.7490789911524, 37.02886289005652], [128.74450997032, 37.03344145298219], [128.7431126503116, 37.03391672311781], [128.74321887589474, 37.034487277199], [128.74057216946366, 37.036700168348894], [128.7346183658539, 37.040227798374154], [128.73200392189764, 37.04038306400564], [128.73011845813377, 37.04112862555003], [128.72745619289023, 37.04102685850833], [128.72588235270013, 37.0423518539836], [128.72225255409458, 37.042497737672875], [128.71866888891478, 37.04375141650347], [128.7150142494605, 37.04278897830024], [128.71275001884015, 37.042652493377155], [128.7090990016336, 37.03935578371335], [128.70506428498797, 37.04012187928951], [128.7041309588616, 37.04091770889164], [128.70040356513255, 37.04082755558498], [128.69683558732655, 37.044242004424035], [128.69670781820042, 37.04528781274742], [128.69527171610017, 37.046194084933674], [128.68907346431666, 37.053054553024865], [128.68373237131217, 37.05143521301769], [128.68288032642167, 37.05314447683829], [128.68061496108248, 37.05383116921214], [128.67975822413217, 37.055794437881524], [128.67752409836876, 37.05701163697943], [128.67565092667684, 37.058847617626945], [128.67313348864593, 37.05897603218583], [128.67191767693737, 37.05859392785787], [128.67030960710113, 37.05943671918357], [128.66927348685698, 37.0593994907031], [128.6642752334956, 37.06090332824291], [128.66190582596835, 37.06104153188661], [128.6594101213344, 37.06034948650541], [128.65739765190096, 37.06116679174686], [128.65600636528038, 37.06446289176731], [128.65307916095026, 37.06571436171351], [128.65216473745997, 37.06542779832149], [128.6505993358905, 37.06582847001008], [128.64593296964244, 37.06909692348892], [128.64466936240723, 37.06905218532253], [128.64267078790877, 37.07076245156074], [128.6404606619728, 37.07104000222928], [128.6390999602549, 37.07066228249679], [128.63739684983625, 37.072257403836225], [128.6343622566238, 37.07070079543106], [128.63352523437536, 37.07232019051048], [128.628212915108, 37.07515610353516], [128.628220763186, 37.07652193635763], [128.62730358066338, 37.07746507705168], [128.62827849928996, 37.08133259158328], [128.6245558452499, 37.084428442328836], [128.6226423202794, 37.08740181777251], [128.62065192110614, 37.08583027994769], [128.61765577422065, 37.08514206185381], [128.61754039794312, 37.084233529530145], [128.61503174965483, 37.08188109065896], [128.61201595290905, 37.08067987401334], [128.61129645458112, 37.079824143667445], [128.609920158802, 37.07991335471348], [128.60796929415204, 37.07750722621349], [128.60640456038803, 37.076670231285455], [128.60492596263114, 37.077974597709186], [128.60487973339178, 37.07936227042965], [128.60297655911265, 37.07838185582619], [128.6010147595855, 37.078871740532], [128.6008605724497, 37.08082400151166], [128.6020105052471, 37.08220105692823], [128.6016230258909, 37.08305668350637], [128.5991261245545, 37.08307237797919], [128.59959472788987, 37.082581853990696], [128.59921769849694, 37.08209460846408], [128.59689532324936, 37.08241652394738], [128.59503667035648, 37.08153642996562], [128.5939837515802, 37.08085631217447], [128.5935651696865, 37.07884054995434], [128.59184743693183, 37.07815524123343], [128.5908318000629, 37.078366838675684], [128.58868488605435, 37.079975477818365], [128.58320255393042, 37.08074930892652], [128.58173423056863, 37.08167431949132], [128.57440621796331, 37.08131707388301], [128.5733395277504, 37.08296291795043], [128.57036842314704, 37.08447459786531], [128.5709067138767, 37.0862171246287], [128.56917951662734, 37.08671058360587], [128.56740954971514, 37.08823725629194], [128.56483506551618, 37.0886576632568], [128.56170213994548, 37.090236267900096], [128.55667719887714, 37.08722660114019], [128.5497474290307, 37.08618887497193], [128.54709824231273, 37.08728153789182], [128.5444654300219, 37.087585890441915], [128.5415567056061, 37.08902901951143], [128.5381309554226, 37.08962700495368], [128.53683430577829, 37.09013604581164], [128.5355737139242, 37.09186597961089], [128.5341358619051, 37.098112299166864], [128.53116570055911, 37.100014346504395], [128.52771009738572, 37.10152762081212], [128.5249426304672, 37.10146482195265], [128.52183560048397, 37.103091369652596], [128.52072548194724, 37.10223981413017], [128.5184316110719, 37.10188712818301], [128.51551696177538, 37.10325128790323], [128.51446627878877, 37.10135162449442], [128.51364616888856, 37.10602589787792], [128.51119068415787, 37.1108684676916], [128.51075840168878, 37.11395422437258], [128.5066721093665, 37.11544215684875], [128.50342441001234, 37.11848862937352], [128.5029852369704, 37.11966505654743], [128.49655392047495, 37.1257906908686], [128.49099653957603, 37.123817780724494], [128.48944600927024, 37.12101198950424], [128.4868492542641, 37.12006617154181], [128.48555587527653, 37.1177672210957], [128.48452337160327, 37.11740601637412], [128.48238968577684, 37.11495690727821], [128.48176130437432, 37.11418293741768], [128.48187393280628, 37.11270031526453], [128.48086993887418, 37.111687537258916], [128.47927782612192, 37.111328200257695], [128.47780577426437, 37.11015490772681], [128.47230076591467, 37.10984350525555], [128.4681674165146, 37.11020505640278], [128.46632478997455, 37.109719451157254], [128.4623550387823, 37.11046475510554], [128.46166829569694, 37.11015533717212], [128.46119802244854, 37.11047248068682], [128.458045660595, 37.11027554064469], [128.45672819873602, 37.110677615877435], [128.45531105966745, 37.11184546914903], [128.45252130302012, 37.11172150425638], [128.4508362386555, 37.11235957961147], [128.44665766748125, 37.10901600964993], [128.44480126308764, 37.10626583274362], [128.44269186735622, 37.109241137442574], [128.43981739685105, 37.10995716144639], [128.436140082946, 37.11199235120171], [128.43514108394078, 37.11147687013407], [128.43555124067595, 37.109508094243765], [128.43058068608627, 37.10675361410344], [128.43012317254104, 37.103670864253345], [128.42470044991438, 37.10246400377906], [128.4230626287421, 37.103248677065785], [128.42215528555198, 37.107785669952825], [128.42257002055882, 37.109386514413465], [128.42216177635157, 37.11015768006161], [128.4235605808128, 37.11224428502534], [128.42104626619087, 37.11370344632012], [128.4198948077543, 37.11629900538529], [128.42002011046816, 37.118003389752246], [128.41847330692525, 37.11981445427565], [128.4161487385984, 37.12081609005274], [128.41513955927502, 37.120246003450525], [128.4110441140547, 37.12213440498602], [128.4072853481154, 37.126378374755554], [128.4057515092807, 37.12698772959576], [128.39600246987968, 37.128594066909216], [128.3979002021467, 37.130615880073755], [128.39809267239846, 37.13165303186062], [128.40078853690432, 37.13333125509976], [128.40087974736795, 37.13409483605353], [128.4017929712773, 37.134808471751306], [128.40131949012195, 37.13542506457056], [128.40182222172902, 37.138516199246794], [128.40366341169855, 37.13961848064511], [128.40241433280065, 37.1415516646639], [128.4008742866781, 37.14687632016126], [128.3963747131365, 37.14856876934055], [128.39536631191766, 37.15053956183085], [128.39317760483254, 37.15173434527673], [128.39252848543444, 37.15338731697811], [128.39279983926517, 37.15480321479862], [128.39106769696423, 37.15512131221209], [128.38875873171347, 37.15461574731881], [128.38435166557764, 37.15812161404999], [128.38369725029239, 37.158206180458286], [128.38332005555927, 37.156603368668314], [128.381853446797, 37.15522387902052], [128.38147018369398, 37.155987945295806], [128.38050955323288, 37.15499178339526], [128.37875181135274, 37.154687165696714], [128.37877492087378, 37.15384054537746], [128.3780882471099, 37.15308355080232], [128.37816282863992, 37.15173617065123], [128.37707906091947, 37.15166780692054], [128.375829416793, 37.15331335075794], [128.3741317120815, 37.15348652189895], [128.36931065027358, 37.155120867526136], [128.36788810517564, 37.15443079032715], [128.36535288871056, 37.15763801125324], [128.36442173095045, 37.15763209920856], [128.36445715764427, 37.15624336866224], [128.36257799086346, 37.15394483536289], [128.36216949702128, 37.15269620920122], [128.35971534682918, 37.150220817386796], [128.35828268393217, 37.152276390104184], [128.35559469793264, 37.153597063392944], [128.3539848274512, 37.15567479170223], [128.35151373381893, 37.157412619654465], [128.35080180250668, 37.1575715662951], [128.35051218098644, 37.15703426493342], [128.34874921125214, 37.15698788660376], [128.34822141083976, 37.15650759089413], [128.3476314365582, 37.15649975151343], [128.34704426362043, 37.15717783780747], [128.34537732526502, 37.156101435609955], [128.34343480944742, 37.156306447410444], [128.34258855248433, 37.15594212198836], [128.34048628896, 37.15809257808163], [128.33709310321547, 37.15785242740712], [128.33474641013206, 37.15652154758509], [128.33445924680606, 37.1559792745546], [128.33490714022815, 37.15512383562506], [128.3334726490422, 37.152476048926346], [128.33305377394663, 37.15255951911934], [128.33067274228532, 37.15034315983219], [128.32922121241995, 37.15200737567652], [128.32746560232437, 37.15293574393135], [128.3259871575623, 37.14910563591188], [128.324732947537, 37.14807344493591], [128.32201917115114, 37.1492219497247], [128.31978525104262, 37.14726422728359], [128.31852780015583, 37.14784323826548], [128.3167204156896, 37.14755932796855], [128.3121140915679, 37.145000615751655], [128.31111201315596, 37.14578388446317], [128.3095150172277, 37.14492532686377], [128.30931727996, 37.142803403625116], [128.30588262840723, 37.13953336832918], [128.3063609202491, 37.13752592493771], [128.30099303346228, 37.135948650597726], [128.30072782752083, 37.13527140473907], [128.29790739097865, 37.134098964381344], [128.29623430074358, 37.13410767463128], [128.2957082021961, 37.136027463645966], [128.29267395013247, 37.13929850119081], [128.29061707330024, 37.13984768199258], [128.28889299715493, 37.141234521000676], [128.2849685391441, 37.142369539553954], [128.2846860039619, 37.14315393029278], [128.2818483270619, 37.14306636477458], [128.27993154092493, 37.142462831587046], [128.27758806512972, 37.14415576760409], [128.276723023511, 37.14613600108041], [128.27328634383088, 37.14762916016908], [128.27225709419884, 37.14894861120053], [128.27226629392771, 37.151159038112624], [128.27058559387467, 37.154228594209584], [128.2672446324974, 37.15602773212304], [128.26620092164165, 37.156026775806325], [128.26591601937577, 37.157866706672465], [128.2644415416554, 37.160415061611936], [128.26632169878934, 37.161270941603426], [128.27038521856562, 37.16177147350395], [128.27004838720123, 37.164877024525175], [128.2707173180012, 37.16635789970449], [128.273203921428, 37.16834889309166], [128.27366607307252, 37.16964135943455], [128.2759215843712, 37.17105954572124], [128.27629927212857, 37.17268176474297], [128.27841519319816, 37.17213302859776], [128.28111416066727, 37.17340246322438], [128.28243308335496, 37.1717878309278], [128.28781500999227, 37.17129705697778], [128.28967575315505, 37.1701483507483], [128.29587405466398, 37.17155110645287], [128.2980728005293, 37.17165939943385], [128.29729286051756, 37.1740338673153], [128.29730008942732, 37.17614659260239], [128.29606059903165, 37.1784635725053], [128.29562354750138, 37.183288335643816], [128.29992347807848, 37.18358197571932], [128.30264340890938, 37.1866239317943], [128.3059860824297, 37.187065813481276], [128.30638889608264, 37.18626090903898], [128.30765625871413, 37.18600311922875], [128.30865603293486, 37.1874730793392], [128.31048786774176, 37.18733713449747], [128.3111004620069, 37.18983791845124], [128.314198416294, 37.189997337212915], [128.31299386817696, 37.19114253889218], [128.3137074110487, 37.19332853087877], [128.31285490686534, 37.19505265200212], [128.3133922378433, 37.19677574288145], [128.31506338406388, 37.19712352477286], [128.31508105120267, 37.19676209438216], [128.31880269841386, 37.196439771701534], [128.32175803031913, 37.1955475631533], [128.32150335982814, 37.197577048298044], [128.32243505074112, 37.198347410248694], [128.324695689394, 37.197478078151725], [128.3249153419195, 37.19699584874106], [128.32638747509242, 37.19729108033423], [128.32745852698383, 37.19850104280078], [128.32749952801143, 37.199596972921604], [128.32964144438606, 37.20225817227657], [128.32968677199187, 37.2031974996733], [128.32870344959645, 37.20461236100443], [128.32876452844516, 37.20607012939549], [128.32988456885218, 37.20779561823304], [128.3298511907721, 37.20964637852159], [128.3305539973511, 37.21174396594373], [128.33292076981405, 37.21453350096448], [128.33339658772843, 37.21578670082256], [128.32998715734695, 37.216236631525966], [128.32896601935465, 37.21681983059212], [128.32706597985143, 37.21680684833359], [128.32382898978983, 37.21923371948037], [128.32100656097433, 37.21935895858092], [128.32005731563234, 37.219859718977304], [128.31868370058268, 37.221649371391536], [128.31631785736917, 37.22244626990245], [128.31658564104697, 37.22339073667947], [128.31404062918068, 37.222690866814574], [128.31014582802382, 37.21926182039912], [128.30914086184134, 37.21745688149769], [128.30137967614345, 37.21689530754944], [128.2999813077357, 37.21623772961033], [128.29703737512716, 37.21633500612335], [128.2946853162894, 37.2156331663551], [128.2936468203189, 37.215945485110055], [128.2912761355721, 37.21460240143515], [128.28818052739635, 37.21507332589624], [128.28465072028737, 37.21167324750898], [128.2839471075549, 37.21018101660298], [128.282526110075, 37.210272136341494], [128.28043597054236, 37.20942639849094], [128.27854352130916, 37.21009552456024], [128.27479221152436, 37.20964571921543], [128.2728557716213, 37.209857132408686], [128.26840122067782, 37.20791509645728], [128.26703812720626, 37.20908968611774], [128.26651305995125, 37.21059514909316], [128.26168769908028, 37.214121010915434], [128.25979441718044, 37.216409932799635], [128.25797551634787, 37.221237673700934], [128.2572216292778, 37.221946119441945], [128.25600195702918, 37.221456738029474], [128.25535627447277, 37.22183876108994], [128.2551939136002, 37.22215134589417], [128.25625310197532, 37.221863869011436], [128.25711440475848, 37.222409070852194], [128.25395377006924, 37.225069468496876], [128.25393168240086, 37.225948445674625], [128.25262649323372, 37.22714393759532], [128.25264940440894, 37.22797653859644], [128.25193590841707, 37.228224802408306], [128.2509333289929, 37.229582357553326], [128.25022328769387, 37.22974244974254], [128.24812461944813, 37.22894691664902], [128.24430528529868, 37.22654203904717], [128.24372133947557, 37.22700708562796], [128.24092258296406, 37.22744381872345], [128.24039627554615, 37.228439285899185], [128.23912163603802, 37.22906387645943], [128.2375768051531, 37.22888376569126], [128.23742368346595, 37.22931839316372], [128.2356541022486, 37.22863520921677], [128.2344598419744, 37.22734403681183], [128.23368355474832, 37.22754470397229], [128.2330236149543, 37.22701914012444], [128.22924385688603, 37.22756659777153], [128.22849886630686, 37.228026497569005], [128.22862280799194, 37.23017772222569], [128.2271797964544, 37.23121979334754], [128.22622809037418, 37.23283536454911], [128.22435041564538, 37.23293726009243], [128.2203134356206, 37.240298249088134], [128.21478521713783, 37.24184024103748], [128.21464566170766, 37.24607459994393], [128.2120159707234, 37.24535595420082], [128.21024157358457, 37.245792754757176], [128.20779919210813, 37.24882300920751], [128.20858623903564, 37.24890311779801], [128.20931647109904, 37.25012354475793], [128.20957403163678, 37.25436454721772], [128.21210361329838, 37.25977022762789], [128.21194222316313, 37.260779564502094], [128.2130652723984, 37.262057325341694], [128.21248877966985, 37.263654699262894], [128.21293246139348, 37.263838401124964], [128.21300624154168, 37.26613515139076], [128.21149680625805, 37.2671985386852], [128.2113798141374, 37.267791282144245], [128.21176603890652, 37.273145917818375], [128.210736748048, 37.275074399476864], [128.21276220067128, 37.27564044983576], [128.21406839113385, 37.27687746571701], [128.21654736709974, 37.27724622390174], [128.21689443130566, 37.27781732375879], [128.2178481969064, 37.277574956263265], [128.21845526406176, 37.27855866734378], [128.2169164262358, 37.280302109939825], [128.21617473137397, 37.28218797692704], [128.21642778365126, 37.283222065583615], [128.21508440929765, 37.28538412202719], [128.2149143942565, 37.28664610465754], [128.21412035691958, 37.28815352426696], [128.21287654606732, 37.28882031236439], [128.2085249845897, 37.288739203292565], [128.20657084000212, 37.28782546720281], [128.20441005313364, 37.290178408955335], [128.2034507046619, 37.289881885298136], [128.20182057068638, 37.290857949697376], [128.1983720427426, 37.29608982835412], [128.19608292493612, 37.29741993410455], [128.1944570418982, 37.29727866216406], [128.19199375555613, 37.29612881925079], [128.1915631924306, 37.29582258974675], [128.1916232726812, 37.29440126391391], [128.18964027781746, 37.29326258245462], [128.18808836718426, 37.29284370335294], [128.18699560040142, 37.293026687714274], [128.18453403714207, 37.292263808226515], [128.18266656546743, 37.29289118674151], [128.1788211905998, 37.29185958631863], [128.17765013023413, 37.28911957489042], [128.1790937007453, 37.28539937700419], [128.1787462685618, 37.28345530817401], [128.17769075650364, 37.28244713080414], [128.1781072503229, 37.28095355328954], [128.17782944359146, 37.27951839985658], [128.17327791878427, 37.279207662838445], [128.1716349108035, 37.27795465351895], [128.1701640406951, 37.27791963690871], [128.16797466241084, 37.27621190096983], [128.16466596802638, 37.275392471800885], [128.16286902832326, 37.273783273734054], [128.15935338668453, 37.273864446063655], [128.15853915178687, 37.27317330643119], [128.15710016898157, 37.27323494412433], [128.1524570189883, 37.272245176549816], [128.14842575137484, 37.272449577550056], [128.14256027329142, 37.27104215181208], [128.13680193516794, 37.27180479377955], [128.13136766252487, 37.2744809069284], [128.1286184449166, 37.27471659661418], [128.1274142886911, 37.27434484869274], [128.12555470151435, 37.27522099468597], [128.12384313439435, 37.27463160531166], [128.1214084381056, 37.272221720550014], [128.11554963759662, 37.27247690228489], [128.11459281224714, 37.273486278829715], [128.11544882842622, 37.27651427790246], [128.11420286176147, 37.27830263310695], [128.11309337226297, 37.278281802768305], [128.11042225704696, 37.27924332326983], [128.109838854407, 37.28117126196311], [128.11043518509084, 37.28243043635123], [128.11007449121158, 37.28320725992478], [128.1089642803986, 37.28383961224188], [128.10853617081824, 37.28617436169544], [128.1091274671486, 37.288481830870396], [128.1078584566833, 37.289682718175946], [128.1071624459374, 37.29276355761779], [128.1089476907346, 37.29670022412458], [128.10857188288975, 37.29878009588061], [128.1099809275289, 37.30001041024389], [128.11376726846945, 37.30150528655384], [128.1158676699355, 37.3032241666586], [128.11802261625854, 37.304044218508594], [128.1156664155204, 37.30762551599755], [128.11472653305927, 37.310051075918494], [128.11462441986376, 37.312110509839876], [128.11542707417567, 37.313170312584745], [128.11492651999896, 37.31565174354147], [128.11588297397427, 37.318226068465506], [128.11758094522116, 37.31991766539967], [128.11963359572312, 37.32075897277711], [128.119486429143, 37.323066069582346], [128.11995480144455, 37.32362991720773], [128.12353115398955, 37.324939720017994], [128.12945654714946, 37.328471472286076], [128.1315385050143, 37.3288516480971], [128.13340386620862, 37.32839434436356], [128.13625129548205, 37.325864762162354], [128.1391706484503, 37.325064904294024], [128.1438528193346, 37.324823265355434], [128.146672555955, 37.322952750642], [128.14840751351414, 37.32408191829642], [128.14896844653484, 37.325555049607466], [128.15066790729117, 37.326995960738195], [128.15267533286985, 37.327268073867806], [128.1584086050567, 37.323627480149135], [128.1612923576602, 37.32300943489725], [128.16313167371044, 37.32342449918101], [128.16498103819484, 37.32218479980213], [128.1666994011197, 37.321834750139274], [128.16784188164502, 37.322099807630295], [128.17038208986176, 37.32352092232669], [128.17140049373677, 37.324757387883565], [128.17300146993543, 37.32500981615287], [128.17260740895685, 37.328566126913735], [128.16958527825238, 37.33452895175742], [128.1681963373204, 37.33616492467462], [128.1685491807898, 37.336439321831776], [128.1676557323478, 37.33759739745961], [128.16802723295936, 37.338051343864976], [128.169183318565, 37.33914919647743], [128.17267925264375, 37.33861701994472], [128.17349310490755, 37.3378014858329], [128.17592997064577, 37.337576983787365], [128.17664863775724, 37.33811752403302], [128.1790791139156, 37.33854120992838], [128.18032892567575, 37.33950469772564], [128.18180274700586, 37.33887523657013], [128.18387161268154, 37.3393247791573], [128.18473543830984, 37.34034063186893], [128.18615248568432, 37.34089419557609], [128.18654319210646, 37.34142915297176], [128.18555332673054, 37.3427683601688], [128.18520915037288, 37.344678987035245], [128.18543054899567, 37.34812087881399], [128.1845653500921, 37.348940491770364], [128.18487536783365, 37.35128945133016], [128.18306180189026, 37.35524451458996], [128.18399622310685, 37.357237781978185], [128.18394562068417, 37.35838565366062], [128.18543838142512, 37.35937562549197], [128.18205818259082, 37.3634517252945], [128.1814243018119, 37.36526907326879], [128.18156588083085, 37.367373805882224], [128.18094329419478, 37.36911579737855], [128.17914213683218, 37.37066842439909], [128.17804078281918, 37.37506154949907], [128.17805013227274, 37.37652597337189], [128.18013383576107, 37.37826027828281], [128.18027903031256, 37.380872699805394], [128.18118702375483, 37.38186098874571], [128.18010888509693, 37.38294747262303], [128.1792771777096, 37.38586139325638], [128.1798145138368, 37.38723267405862], [128.1822499908708, 37.388719540660404], [128.18273547792955, 37.38962569476329], [128.18419335867083, 37.39012072480698], [128.18522933814359, 37.39270245187176], [128.18743735659322, 37.3928201590032], [128.18901846766244, 37.391532019145906], [128.1922333542124, 37.39116294548356], [128.1933006978668, 37.38974160637443], [128.1934554464372, 37.39031529544314], [128.19582559826856, 37.390780018959994], [128.20061453769048, 37.39097256608447], [128.20458225369856, 37.3936797393017], [128.20811209603667, 37.39498960278707], [128.21324449041305, 37.39391982833866], [128.2139483240331, 37.392859394333556], [128.21576207215128, 37.39286108615633], [128.2207468034314, 37.39423171633236], [128.22524877356244, 37.39251242909811], [128.22869204533464, 37.389893806434834], [128.23265339664263, 37.389823909706735], [128.2361773741614, 37.38794182045392], [128.2409250561759, 37.39129989053744], [128.24470148773307, 37.395622141942745], [128.24715806722412, 37.394860093777496], [128.2486270027075, 37.39367387922169], [128.25065387249882, 37.39388454275412], [128.25379231870778, 37.393242569375204], [128.2572515329084, 37.39809825514898], [128.25774893041847, 37.39941580436361], [128.25761186742108, 37.40178572620596], [128.25847124848818, 37.40395995152836], [128.2603158299238, 37.40630185095086], [128.26365666328573, 37.407164374676746], [128.2646172344435, 37.40806153404754], [128.26705370827358, 37.40876621775317], [128.27225195972477, 37.40871069215152]]]}}, {"type": "Feature", "properties": {"code": "32540", "name": "평창군"}, "geometry": {"type": "Polygon", "coordinates": [[[128.59996419436982, 37.80881603194019], [128.5981494540934, 37.80437799376044], [128.59880501582202, 37.8030377898538], [128.599740935528, 37.802887156669165], [128.60093954342037, 37.801738899148134], [128.60068450077554, 37.79956930057819], [128.6012496041757, 37.797904594793536], [128.60088869473043, 37.79544901297881], [128.6015871807071, 37.79376898104472], [128.59978637345438, 37.79161023633009], [128.60028400621204, 37.78961453695348], [128.59998695864007, 37.78871939656904], [128.601031945536, 37.787169228160366], [128.601410531505, 37.7813332373444], [128.6008458128457, 37.7810354556526], [128.6009917593214, 37.780105010977294], [128.6000002142342, 37.77934006414667], [128.5991113106468, 37.777261265947004], [128.59879264778667, 37.774501327413404], [128.60102709727602, 37.77066765225785], [128.60244492600447, 37.76934833566453], [128.60669234213242, 37.76837335069426], [128.607998563651, 37.767000015930115], [128.61040139230184, 37.766206275591166], [128.6107536113798, 37.76720791450129], [128.61175070651413, 37.767675686302326], [128.61402582676874, 37.770539174751704], [128.61470046412413, 37.7705758323973], [128.61612230567627, 37.7693714247041], [128.61810938790092, 37.769730420216085], [128.61959660196166, 37.769283501796394], [128.62261131543423, 37.77044698381829], [128.62362524571253, 37.769586202057916], [128.62562019131582, 37.77054573300056], [128.62706158927696, 37.772736919678515], [128.62958641812705, 37.772559046905776], [128.6304712757055, 37.772945725240795], [128.63323552906826, 37.77940045472959], [128.6349580277612, 37.78127543944945], [128.6373397934764, 37.782463633981656], [128.63898396704604, 37.78243656188426], [128.63947247048745, 37.78020604580359], [128.64091909716393, 37.77908996665151], [128.6423680705959, 37.778643863201715], [128.64309177742405, 37.777319638375495], [128.6476929599731, 37.77621100165435], [128.65038655185305, 37.77379252263057], [128.6514150565236, 37.77377615196823], [128.65569525214758, 37.77142512119423], [128.65748316640142, 37.771302885627264], [128.658437579453, 37.77198820250725], [128.66062766786837, 37.77051628168537], [128.6660629103017, 37.77025888929823], [128.66737568444702, 37.769794962818565], [128.67084765158117, 37.76687658377016], [128.67363116196307, 37.76985386237336], [128.67617584601456, 37.77103783132516], [128.67697005634506, 37.77095024032508], [128.67984191253558, 37.773032306808936], [128.68198847809612, 37.7725225583122], [128.68485368501382, 37.77305117290739], [128.68721514218743, 37.77233866671803], [128.68821829411752, 37.771004547403564], [128.68956202977577, 37.770831879316916], [128.69097271293543, 37.769720490844556], [128.6952821790246, 37.7703511495882], [128.69596928207517, 37.7708240759852], [128.6967568028788, 37.76983896896158], [128.69837196365705, 37.771333671029105], [128.70323408910608, 37.769935058221606], [128.70326873765183, 37.76892503184394], [128.70407222593278, 37.768378264030915], [128.7061067935201, 37.76878097007613], [128.70890013483114, 37.768049681016194], [128.7115325508715, 37.76504599711059], [128.7105329626697, 37.764725773778785], [128.71009825673167, 37.76372677590809], [128.71358050726084, 37.762525676285414], [128.71358936549967, 37.761693367107], [128.71757692804402, 37.757521259526236], [128.7180558223956, 37.75607262773758], [128.72022651197275, 37.75596469711185], [128.72236344485464, 37.75513399581023], [128.7233656703858, 37.75388828173057], [128.72277829567196, 37.753114237129736], [128.72331830749445, 37.75245717405415], [128.72313388212226, 37.75132280987311], [128.72536312337158, 37.749495829830444], [128.7318835387487, 37.74769904513036], [128.7341070064866, 37.74571461277863], [128.73586283179387, 37.7450553770473], [128.73595751438017, 37.74429697328648], [128.73966325740497, 37.74162736028155], [128.7417685574556, 37.742030952427285], [128.7437991433781, 37.74143204638847], [128.7441677681304, 37.73563122553373], [128.74499584911234, 37.73176359007276], [128.7440053653418, 37.730034231274885], [128.744026956207, 37.72879270071297], [128.74567157723874, 37.72676789736006], [128.74455470981943, 37.72343942288572], [128.74523739082585, 37.722324083805006], [128.74848023205035, 37.71995326418206], [128.74690867499436, 37.71834682681312], [128.74782565542216, 37.71409667678914], [128.74888555715876, 37.71296389867326], [128.7531826685147, 37.71070765803372], [128.75337990227194, 37.70859501643455], [128.75493536611094, 37.707551950723705], [128.75399083276045, 37.70683574183596], [128.75393291264078, 37.70539973169008], [128.75525356392592, 37.703672680796146], [128.75438865761186, 37.7008599296742], [128.75456059119645, 37.69964516167802], [128.75723337981483, 37.69475987694581], [128.75858494683075, 37.69417332731868], [128.75913124373636, 37.69265792539688], [128.75863720499717, 37.69138916444847], [128.759306120769, 37.68969598929121], [128.75927203830466, 37.68654206873987], [128.7610012981323, 37.68638565224413], [128.7607116370699, 37.68283636082375], [128.76395458818382, 37.680701354873385], [128.76339788680005, 37.67793158547619], [128.7651107395492, 37.673515684914705], [128.76441718666175, 37.672584647692986], [128.76237639677257, 37.67240371154722], [128.76062281700578, 37.67127650371401], [128.75839606504024, 37.67139275054874], [128.75613025750786, 37.67033306358186], [128.75246651196858, 37.66977972227634], [128.75188634836525, 37.66757670280487], [128.74949219779793, 37.666576784224], [128.74727100296096, 37.666487228230906], [128.74575931807482, 37.66502767247676], [128.74598132900877, 37.6636187561502], [128.74479247073893, 37.66290578291609], [128.74466139765337, 37.6617228007126], [128.74364982776603, 37.66029129078039], [128.74366769385645, 37.65882824183714], [128.74140617671904, 37.65757732820228], [128.73929616499532, 37.65747556375303], [128.7366761783397, 37.65664086048195], [128.73347034503954, 37.65489693840759], [128.7329195533969, 37.652007877190144], [128.73176781450866, 37.649784157465], [128.7337695508325, 37.64683510089193], [128.73105536726007, 37.643308611748466], [128.73064338627918, 37.64033586323334], [128.72898017984411, 37.63870065493641], [128.72869766975376, 37.63680423411231], [128.73007023345696, 37.63448549435977], [128.7317199695721, 37.63406295343335], [128.73293069555632, 37.6328149276449], [128.73583484802552, 37.62870398217228], [128.73564637846187, 37.626534239738056], [128.73630146002154, 37.6257385991269], [128.73595150071927, 37.61975743433815], [128.73641785138614, 37.61927958672128], [128.73619644169298, 37.61803710727117], [128.73710404368603, 37.61402499461521], [128.7359159101376, 37.612223266349915], [128.73656019966174, 37.60974989523454], [128.73551536333147, 37.6090870656171], [128.73397463555435, 37.60905846409365], [128.72449479113953, 37.61036841786039], [128.72302467689192, 37.61131636819412], [128.72020578230337, 37.608864009442044], [128.71665242868306, 37.60426858654314], [128.71634589564806, 37.59338224866885], [128.71312259326774, 37.59184658904735], [128.71207131374254, 37.59086636035972], [128.71207334025584, 37.58863636806961], [128.7083305644177, 37.58863059826923], [128.70344242587504, 37.589999591637905], [128.70327825569808, 37.59082204299876], [128.7017929509041, 37.59198476324591], [128.69892306950064, 37.59351591189731], [128.6953311037738, 37.59210527514924], [128.6931819400911, 37.59250265560342], [128.6919716903901, 37.592037741538775], [128.68395611547407, 37.593847080965645], [128.68371992836657, 37.5922201345943], [128.6842709903293, 37.59114473066449], [128.68281318221605, 37.58552286494886], [128.68267855193494, 37.58200710519679], [128.6815267334301, 37.5797558094108], [128.68143520021644, 37.57382505321728], [128.68069829289593, 37.57337862281964], [128.6800858601546, 37.57144901221816], [128.67896402423864, 37.56986110290002], [128.67648259193086, 37.57060697478086], [128.67439304897624, 37.57049609973847], [128.67030715004933, 37.56937360267401], [128.66845093704987, 37.56962122448726], [128.66731537161917, 37.56873307722692], [128.6682040483677, 37.56759041902914], [128.66836707305546, 37.56361474181795], [128.66786891036963, 37.56135185098346], [128.66955519588535, 37.56000994968202], [128.67194276102518, 37.5600600165231], [128.6729892028608, 37.55961213185115], [128.67386826349286, 37.55591784516521], [128.6699929193462, 37.55757457297786], [128.66819463871607, 37.55751597388116], [128.66010650594833, 37.55563873770281], [128.65903167179206, 37.55589814128766], [128.65616712344305, 37.55529911043279], [128.65442227752732, 37.55584573066061], [128.6523464362251, 37.55508078198448], [128.65004828698676, 37.55529740803382], [128.6503168493806, 37.55504567815986], [128.6490026622447, 37.5544567875932], [128.64510805010912, 37.55312936776322], [128.6416015440681, 37.545186844833374], [128.64131451928364, 37.543052407272626], [128.64190259886306, 37.541493918178325], [128.64037209382175, 37.54069143109679], [128.63462251207804, 37.539705053551515], [128.63244298970832, 37.54256272266593], [128.63161113725113, 37.544616633007955], [128.63206574547968, 37.548936948085604], [128.63174076719577, 37.55024750715108], [128.6305337018218, 37.55101304568623], [128.6301956815788, 37.55257183505087], [128.6279397692177, 37.55375003041659], [128.626748168763, 37.555625133336335], [128.62717959817118, 37.557021687466566], [128.62637728803756, 37.56353108376496], [128.624832696419, 37.565548073907124], [128.6245156322835, 37.56764004812735], [128.62571185944074, 37.57265524105284], [128.62516620984945, 37.57316606432383], [128.6199908705281, 37.57467678943978], [128.6190126213746, 37.57429193151881], [128.6169810146124, 37.57474279741686], [128.61546551119946, 37.57550538824711], [128.61162609564767, 37.5733231862529], [128.6061086489364, 37.571926890592245], [128.60090729348988, 37.56959155096092], [128.59791755912855, 37.5660845605942], [128.59246461396532, 37.5616067183765], [128.58960415628403, 37.560284661257015], [128.58836353693724, 37.55723976618846], [128.58804179565612, 37.55638191220247], [128.5889584391644, 37.55365268327447], [128.5882137412428, 37.55186602936687], [128.58843487356964, 37.5496316548514], [128.58723441348548, 37.548843768564396], [128.58701429347536, 37.54803372488563], [128.5887586982262, 37.54424062904999], [128.5893902327548, 37.540487827283116], [128.5886502834478, 37.53877861043031], [128.58763148018372, 37.53782930638529], [128.58451075943725, 37.537224152717485], [128.58317769653527, 37.53579959966806], [128.5825212856318, 37.5329329624702], [128.58337418267675, 37.531859895873666], [128.58340209199562, 37.530455543763644], [128.58214489912638, 37.530037594211144], [128.581168337451, 37.52804481309583], [128.5807985647998, 37.523404879072785], [128.57954004152873, 37.520607104444075], [128.57990609158836, 37.519379218247], [128.57948870679198, 37.51737949418229], [128.57822370875115, 37.51508819080252], [128.57827409567184, 37.5132801458259], [128.57717101085768, 37.51112772993984], [128.57714632347185, 37.50500790671685], [128.57641121859524, 37.50294610461243], [128.57742438362703, 37.50119212958935], [128.57733429862816, 37.498826717131365], [128.5766247062707, 37.49596454022923], [128.57533210058287, 37.493751139077965], [128.57599504108876, 37.4931585156536], [128.57902220732396, 37.49239606621309], [128.58156449029175, 37.49091906257548], [128.58334826910763, 37.49085766526664], [128.5845464318355, 37.48911748072713], [128.58445882350577, 37.48729528246617], [128.58067916479988, 37.49024900915093], [128.57534274781113, 37.48918872785241], [128.57352225345784, 37.489264728286045], [128.57211393723716, 37.490233885452376], [128.57098911737359, 37.49235192970888], [128.5700498941401, 37.497704396044355], [128.56550369982293, 37.50035473366577], [128.565538761552, 37.50243523776702], [128.56506775257733, 37.50240509846739], [128.5642942883389, 37.49945104716572], [128.5615983734034, 37.49635989567595], [128.5613696766954, 37.4948819107574], [128.5602310513053, 37.49463934078477], [128.55796159554285, 37.489767153982235], [128.55659076183423, 37.489027102444524], [128.556590900007, 37.48573039317754], [128.55793840959123, 37.481095264010804], [128.56046265041095, 37.47743327184352], [128.56046930117807, 37.47578746691339], [128.56151153174673, 37.47332708100553], [128.5618334321949, 37.468931684164666], [128.56128263958968, 37.46617853278332], [128.56313143835206, 37.463519248630355], [128.56343230518542, 37.46136563134236], [128.5585070278626, 37.45874483275756], [128.55561593246864, 37.45814426566161], [128.55434217397192, 37.45705428091225], [128.55219393703675, 37.456449834399], [128.5462764864962, 37.45940220324372], [128.54386582247471, 37.45985783130023], [128.54224841152637, 37.45941273845303], [128.53540931313842, 37.46145576257976], [128.53252956594642, 37.46143969313847], [128.52909207457824, 37.46303795730394], [128.5238035094499, 37.46362329312022], [128.52201476535888, 37.460301308483245], [128.5202075575171, 37.45978598854249], [128.51638840795655, 37.457265010878295], [128.51493117390174, 37.457010592680135], [128.51320798624297, 37.45510407388011], [128.51311431234245, 37.44962604663794], [128.51413008427605, 37.44696455746038], [128.51508981673663, 37.446107070260815], [128.51578821017728, 37.44237377220613], [128.51785734495553, 37.440554822207325], [128.51816702739916, 37.43593000195882], [128.51899463152975, 37.434447009864826], [128.5184236255915, 37.432838220449476], [128.5139044031192, 37.42828248235496], [128.5132848962314, 37.426658762357825], [128.51353380892675, 37.42283708061758], [128.51014496159783, 37.42027540434956], [128.5063196956261, 37.41822145805282], [128.5059737988131, 37.41656202535759], [128.50805654082583, 37.4147808385434], [128.50836975192652, 37.410260231630026], [128.5092925931658, 37.409329871107744], [128.51064553471093, 37.408926817826284], [128.51392560896943, 37.40410610904762], [128.5155220143886, 37.40346848974321], [128.5197243317455, 37.40374302264506], [128.52143307554877, 37.40276460597315], [128.52338591717486, 37.4026954744295], [128.5265764987858, 37.40173712952315], [128.52993316595027, 37.3996636604312], [128.53461586735648, 37.40055353479545], [128.5388850693643, 37.39969102711694], [128.53882715949143, 37.39861062397127], [128.540434773112, 37.39683449404049], [128.54060673516773, 37.395907036283226], [128.540116165133, 37.39274340459466], [128.5426965510356, 37.389397738275], [128.54253158086902, 37.38748095769989], [128.5442852377285, 37.387078485480494], [128.5453148160581, 37.38600652123812], [128.54458619474676, 37.38250871978076], [128.54559115187948, 37.379781662622676], [128.5480527378795, 37.37831365063288], [128.5481904822864, 37.377349356732076], [128.54979821010457, 37.375998486539146], [128.55034976370135, 37.373921581180305], [128.55211621940026, 37.37132615676209], [128.55369936629685, 37.370529942164175], [128.55308285042864, 37.369661656141595], [128.55353777686625, 37.36417332553005], [128.55232911076743, 37.36251986583984], [128.55251504641362, 37.361048054323795], [128.5509459088765, 37.35978168307452], [128.54898614945313, 37.359035249534095], [128.54720988328552, 37.3549009239345], [128.54822759399252, 37.354523807274674], [128.5518164123618, 37.35446257466243], [128.55274513484267, 37.353808236513416], [128.5566987044219, 37.35283083520978], [128.55836782172474, 37.35141564032628], [128.55831932023779, 37.35099428829005], [128.56021562432346, 37.35058422827498], [128.5611018308996, 37.348969736188735], [128.56442888034022, 37.347229464631994], [128.56620593999605, 37.345314306125765], [128.56606937348113, 37.34154352306361], [128.56658864558761, 37.33957532292583], [128.56991279554478, 37.33587457329784], [128.5686013171442, 37.33451454353958], [128.56990486201963, 37.32870294296738], [128.57106879367447, 37.32658229118286], [128.57096366085628, 37.325197727314794], [128.5735850247183, 37.32437722571513], [128.57389222476817, 37.322968263041055], [128.57592484212952, 37.32043640317188], [128.5757537496686, 37.31971723268029], [128.57702402472924, 37.31685910822926], [128.57969787473144, 37.31382865078622], [128.58068754132427, 37.311718138285926], [128.58395984650215, 37.31059626721622], [128.58322463274777, 37.30861307835321], [128.5839569747557, 37.30819567068432], [128.58460809759606, 37.30655814845746], [128.58420821477532, 37.30491759890972], [128.5833851270993, 37.304597256567206], [128.58217684832053, 37.302303498114156], [128.58030023027166, 37.30039543250409], [128.5796880073216, 37.29873421723089], [128.58027356808, 37.29855715008173], [128.58292944769877, 37.294925352585565], [128.58302935242952, 37.29395361877518], [128.58509354112647, 37.29398883800942], [128.58636697917765, 37.293374133691096], [128.58940546562732, 37.29044341262277], [128.5894143703286, 37.289520631554105], [128.59091833775227, 37.287536347386194], [128.59250633646906, 37.28736253639216], [128.59413367487406, 37.2851193354836], [128.59514464100693, 37.284519689620424], [128.5963546228632, 37.2826214676537], [128.59609507870857, 37.28008492453105], [128.59340850754054, 37.2794691395491], [128.59202196149113, 37.27831032354938], [128.59031094457012, 37.278156133488935], [128.58709072876505, 37.275479945145534], [128.58508490550344, 37.275098507458885], [128.5821534972652, 37.27084039973368], [128.5823861219252, 37.26975589007193], [128.58144920057825, 37.26781020026661], [128.58202555189652, 37.2667231558443], [128.57682576440433, 37.26697750410898], [128.5759137330662, 37.26712326054778], [128.5760171058041, 37.268284024461565], [128.57772912213386, 37.268848842505854], [128.5789987588219, 37.27115944445087], [128.57827210029177, 37.273209074317634], [128.57646676741766, 37.27510077475567], [128.57474148276583, 37.27972202588351], [128.57212502611074, 37.280729498191874], [128.57082505317894, 37.280628331478226], [128.56649807806966, 37.27881707121832], [128.56452901479787, 37.27926840603531], [128.55941958524636, 37.286102652043134], [128.5564260705244, 37.28851912943877], [128.55253042453066, 37.28918640374783], [128.54938815807364, 37.28916381974233], [128.54496934455074, 37.28739742237935], [128.54322659848253, 37.285618299379394], [128.54133701310607, 37.28647905172097], [128.539938423285, 37.28528634550042], [128.53694880549514, 37.28477558243889], [128.53592685572505, 37.28388356256428], [128.53269596621936, 37.289554343826076], [128.52902317065025, 37.2924816180843], [128.52719811560493, 37.29026587532829], [128.52598686731116, 37.28980823158337], [128.52250768140738, 37.28985093392257], [128.5211665208603, 37.287970982119035], [128.51981627462797, 37.28762218816865], [128.51843240232117, 37.28801607034081], [128.51758414485528, 37.287580096978665], [128.51293430966516, 37.28739783024896], [128.50970168822894, 37.28952627488104], [128.50877771502158, 37.28877727713438], [128.5050229316574, 37.28874998337837], [128.5021399511796, 37.28950692382764], [128.50087610076127, 37.28928656517418], [128.50048370637984, 37.29082146339043], [128.5008670695379, 37.2929862129018], [128.50022878225337, 37.29324187206459], [128.50007591663552, 37.29578997175774], [128.49814809674714, 37.29816752152062], [128.49753306086953, 37.30215816501653], [128.49668589519464, 37.30339745892632], [128.4929665459402, 37.302324395371784], [128.4853605950091, 37.302917832475295], [128.48402492111512, 37.302515443466525], [128.48135165767653, 37.302590564643175], [128.4771685217998, 37.304231469426725], [128.47613583841198, 37.30427031763851], [128.47307066510223, 37.30622626466026], [128.4706034446755, 37.30690735730423], [128.46470711876682, 37.306676814136864], [128.4624724033462, 37.30849047192415], [128.46114940564019, 37.311261970060464], [128.46129221557857, 37.31264603486675], [128.4627298821671, 37.315333413714605], [128.46443070211723, 37.31653689307904], [128.46330511887342, 37.318340716728585], [128.46470870791893, 37.31934910273322], [128.46366105240907, 37.3209763212429], [128.4637716804293, 37.322252876899704], [128.46302769237812, 37.32417951585848], [128.45966153098942, 37.3260990800571], [128.45938011104465, 37.32721060857677], [128.45605820390762, 37.33071341778452], [128.45400638967473, 37.33210345097927], [128.45397139718182, 37.333737683102], [128.45282137753415, 37.33568969601483], [128.450294038338, 37.336381825849195], [128.4487044865004, 37.33762413049049], [128.44401792826994, 37.33693192230219], [128.43561331146856, 37.339555695125455], [128.4330933024035, 37.339187960078455], [128.43248985084145, 37.33973029800882], [128.42970759542155, 37.33981537079106], [128.4271717678082, 37.342206258999376], [128.42059429131763, 37.34365678542303], [128.41898911272776, 37.34336625443395], [128.4139619306262, 37.33939314596178], [128.41172338661895, 37.33856838604412], [128.41287317136087, 37.337024227616006], [128.4112079743402, 37.334090121926664], [128.41196379373295, 37.33038407083747], [128.4066446372912, 37.32491380018604], [128.40596073966267, 37.32378883910782], [128.40670095194758, 37.32277852544379], [128.40468769176712, 37.32084974317002], [128.4053131346965, 37.31662177931538], [128.40673605483497, 37.314448167650234], [128.40734637158673, 37.31130336615508], [128.410757904138, 37.30872955556428], [128.41043866008027, 37.30757196740155], [128.40663044178703, 37.305419524651725], [128.40702701181027, 37.304939104176455], [128.4060320222544, 37.30356677218042], [128.40565895751016, 37.30159721946752], [128.40809549865992, 37.2994053471319], [128.4093470686193, 37.29605531715656], [128.40884898513318, 37.29465904903229], [128.4084603035667, 37.294289593485], [128.40694668964812, 37.294525347225026], [128.4060946709212, 37.29401383562284], [128.40393473978222, 37.29520362150557], [128.40268335708893, 37.29515368784227], [128.40094891266256, 37.29603152698535], [128.4001488070674, 37.297073104856146], [128.39715349591262, 37.297269786138486], [128.3902090602124, 37.29308135238353], [128.38875677374114, 37.291852631955244], [128.38878419299164, 37.29133629291857], [128.38632806768467, 37.291236298786515], [128.38271342176245, 37.288954505700666], [128.38090723939965, 37.28868983745936], [128.3771627298697, 37.28939047390959], [128.37669214746046, 37.289929428681], [128.37371764860447, 37.29046480689724], [128.37120753426632, 37.29161808628785], [128.3716528209655, 37.29334732720359], [128.37106850686092, 37.294376483488875], [128.36946498055207, 37.29517149407166], [128.3689698931863, 37.296297199831145], [128.36381794926396, 37.29910569100016], [128.36301419939235, 37.30172319532566], [128.36044035822766, 37.30517927603534], [128.3576299254362, 37.3059371000116], [128.35814485397754, 37.30709766560959], [128.35759120072333, 37.30856711951647], [128.35200071625297, 37.30924847665268], [128.34312969254748, 37.311713700005114], [128.3368589859972, 37.31678142625991], [128.33451335517532, 37.32011686299615], [128.33173625449777, 37.32137492707599], [128.33038488632099, 37.32261384485567], [128.32547665047514, 37.321482375233295], [128.3248199844528, 37.320873854267674], [128.32364897876732, 37.32388631912021], [128.3242830914282, 37.329446015052746], [128.32342110478797, 37.33216250201379], [128.32352305481865, 37.3337200906888], [128.321956070026, 37.335530849509375], [128.3211453259684, 37.339212914116835], [128.3219792940365, 37.34041328959836], [128.32173878624403, 37.34222966207762], [128.32276922465255, 37.34373965457767], [128.3219433615464, 37.345091118448714], [128.32164621915067, 37.34735519717333], [128.31910706789157, 37.349546924774145], [128.3168806278752, 37.35227952364491], [128.3164812968049, 37.35349327870097], [128.3177310618399, 37.35928384054766], [128.31928730434524, 37.36012047915609], [128.31977421561436, 37.361222871044475], [128.31951488930954, 37.3643414249442], [128.32069824550132, 37.36554021641676], [128.32025019048035, 37.366658059556585], [128.320702647692, 37.36753538687559], [128.32283976479502, 37.369108358230456], [128.32378580259527, 37.370522059131666], [128.32341500521161, 37.37131753672931], [128.32408968015525, 37.37264557970999], [128.32721453143404, 37.376110200932494], [128.32593780195657, 37.378069234388406], [128.32121163319405, 37.378535558491635], [128.319422864048, 37.37965347190455], [128.31841402292983, 37.37932807135351], [128.31684755276973, 37.37791714658651], [128.31186757439278, 37.38329114317618], [128.30879147825357, 37.383893925083356], [128.30701223602674, 37.38683052328115], [128.3047422491184, 37.38730852373249], [128.30284066236388, 37.38846883541129], [128.29751191697437, 37.38870358524554], [128.29664910022035, 37.39124034195358], [128.29453922958197, 37.39393683962461], [128.29341014620337, 37.39677766720129], [128.2943302009406, 37.401005083805174], [128.2932733621732, 37.4021327683762], [128.29231219376896, 37.40205233317582], [128.28503762754656, 37.4047378003951], [128.28282231580812, 37.40665581824659], [128.28141257122368, 37.406891726834395], [128.2784416443405, 37.40652347706302], [128.27678949842576, 37.40732312106875], [128.2748258034443, 37.40740973709527], [128.27342793479792, 37.408397276500786], [128.2714646554466, 37.40896138312504], [128.26502556930126, 37.40868701471745], [128.2642381307642, 37.41089925870646], [128.26312060279454, 37.41165517701819], [128.26069932918477, 37.416323143136154], [128.25920287598748, 37.41687935755743], [128.25866804454077, 37.420187083911635], [128.25783763947265, 37.42165214871677], [128.25830621215047, 37.423190988276865], [128.25787834623773, 37.42402937177365], [128.25690252488553, 37.42451748796624], [128.25409072975646, 37.42795534550348], [128.25513964146816, 37.42949596364775], [128.2562041317283, 37.42958386032254], [128.25603313170663, 37.43351773997626], [128.25716314044882, 37.435571886098344], [128.25772909723057, 37.43850236075993], [128.25425961200494, 37.44068697240077], [128.25195209195635, 37.441116535355945], [128.2489797400972, 37.44083423880101], [128.24766904971685, 37.44201126910271], [128.2470712612004, 37.44495076468915], [128.2462761790791, 37.44599236757417], [128.24671610954488, 37.44696172692192], [128.24650844804364, 37.448771348826405], [128.2454245574991, 37.45172869943338], [128.24607190134867, 37.45324411137024], [128.2447469874475, 37.45453242753835], [128.2450407632173, 37.45719538110442], [128.2458165740985, 37.45803380949696], [128.2465547252596, 37.46051215191704], [128.2462787162992, 37.46505307475256], [128.24666977371754, 37.466221862369736], [128.24355415646235, 37.46834948391782], [128.24466128438075, 37.46885492298061], [128.24497635972392, 37.47167941390727], [128.24460485494714, 37.476311424447005], [128.24496457093267, 37.477456269317784], [128.244093996876, 37.477946346336964], [128.24362802390615, 37.47998457158727], [128.25007859248893, 37.48111870971412], [128.2528553883178, 37.481199545646184], [128.25537042622116, 37.481861678282854], [128.2581247094704, 37.48351313051964], [128.26269205738254, 37.48475024149339], [128.2638622564281, 37.48462917088131], [128.26486843013407, 37.48541672697035], [128.26488150129856, 37.48614450774134], [128.26666352109564, 37.486782078643714], [128.26698907402383, 37.487322398268155], [128.26712601516505, 37.48874424986952], [128.26829958474332, 37.49014780491852], [128.26800195991933, 37.49158791299155], [128.26843161465686, 37.49260012908395], [128.2696535790867, 37.49305686336063], [128.27070770723796, 37.494796682759024], [128.27214917251445, 37.49546194151736], [128.27182439746858, 37.49610835140626], [128.273240640993, 37.4976780561573], [128.27480074080663, 37.49757524397065], [128.27603201351246, 37.50035223544089], [128.2773810840213, 37.501646532879434], [128.27681695329906, 37.502515217758344], [128.278682385077, 37.50257109135785], [128.2817487329799, 37.504113876796175], [128.2828687402286, 37.503914525036684], [128.28461307688917, 37.505396362688465], [128.28569824549692, 37.50733036404181], [128.28981720353295, 37.50700155288162], [128.28972913525598, 37.50971706987198], [128.29099481544398, 37.51124066136031], [128.2975633879736, 37.51183263503333], [128.29777249247766, 37.51252838925707], [128.29631701592473, 37.51784125646657], [128.29713858273362, 37.51920098642849], [128.29821888905428, 37.51990069457983], [128.29878639388804, 37.52228528046767], [128.30082158939098, 37.52409286822836], [128.30127856631069, 37.52935694496653], [128.30199339699752, 37.530374825833704], [128.30175156677896, 37.53189024501978], [128.30008499667454, 37.533179873694515], [128.29958239462462, 37.534399501009446], [128.30226670340292, 37.537961608196966], [128.29693472792383, 37.54152073695907], [128.29430851232553, 37.54396840612468], [128.2938854002395, 37.54500370116399], [128.29535415737078, 37.54904744259585], [128.2946851866893, 37.55038401066055], [128.29578882563717, 37.5508215950407], [128.29633411113525, 37.55207256051918], [128.29601859527665, 37.55295344302717], [128.2978574345333, 37.55499859312771], [128.2956494894899, 37.55797388273905], [128.29537224305665, 37.559219196795055], [128.2948183483906, 37.56326311166693], [128.2951686210031, 37.56528261708768], [128.29400430109752, 37.56811368072254], [128.2949231915586, 37.568801302888744], [128.29233232818493, 37.57009189423215], [128.29088633275902, 37.57308134782548], [128.28711854464325, 37.57682640713239], [128.28515733926253, 37.577298089153544], [128.2843260563385, 37.57830911548928], [128.28407093986766, 37.579845173394894], [128.28542817923335, 37.58328718741507], [128.28471303312983, 37.58420959908806], [128.2847645267196, 37.58540723670537], [128.2816743818286, 37.586481731208316], [128.279294536326, 37.59186946213993], [128.2795388718083, 37.59374222664207], [128.27899404826724, 37.59562346333406], [128.28011362816287, 37.5985441757307], [128.2814637440529, 37.598808543085184], [128.28256818042587, 37.599778956742895], [128.28454510611073, 37.60046972998244], [128.2859933764583, 37.601866390596], [128.2846744644336, 37.603577790704826], [128.28081372819273, 37.605411776660574], [128.28029571980233, 37.609262860621726], [128.27937642019677, 37.61054227832919], [128.28004199065555, 37.61466753623521], [128.2836684434455, 37.61897141029327], [128.2830420832463, 37.62056125996864], [128.27800029557142, 37.62010074668563], [128.27449006210827, 37.62078134995443], [128.2655277787314, 37.62457753513051], [128.2611530975199, 37.62545113581825], [128.25808710356947, 37.6254706511406], [128.25634624275708, 37.6265735198293], [128.25389645599316, 37.62737062911456], [128.25433684209526, 37.62834232647345], [128.25529288870743, 37.62835919767242], [128.2632254348582, 37.63250756649312], [128.26459785466574, 37.63239913074159], [128.26631168920204, 37.63353226431257], [128.27034468845113, 37.63266404881932], [128.27151110501566, 37.636904694780156], [128.2734063869312, 37.638596870324896], [128.2755069108649, 37.63915896083958], [128.27573826268596, 37.63966547297328], [128.2745682558427, 37.64120657767902], [128.27370574150638, 37.644276199186], [128.27311082045966, 37.65253531515501], [128.27445135487488, 37.65416869004256], [128.27366484088898, 37.65520394141168], [128.2738580770553, 37.65600648704945], [128.27625555861349, 37.65777314499392], [128.27781495379995, 37.65976927177517], [128.2782730797643, 37.66143720490493], [128.27796511289694, 37.662003045058505], [128.2788273287382, 37.66395884093992], [128.27657690757178, 37.66887938741756], [128.27907109056616, 37.669832706006325], [128.28037780529397, 37.67303902904737], [128.28335155382217, 37.67455632617646], [128.28443593240803, 37.67452425487302], [128.28748958116162, 37.67875373381465], [128.29218426294943, 37.6829936042597], [128.29507372175337, 37.68349629872606], [128.2977990610514, 37.68763393650786], [128.30444630109625, 37.69120486088784], [128.30522239080975, 37.69334100427755], [128.30722038690516, 37.69565197685698], [128.3069966831788, 37.69635124039143], [128.30784325025905, 37.696964060167865], [128.30977045524963, 37.701384739573335], [128.31018144670617, 37.701846959438434], [128.31119689022847, 37.7015803310578], [128.3125537868287, 37.70271559370116], [128.312322934234, 37.70328872649626], [128.31333825123454, 37.70315592274611], [128.31452929321048, 37.700991742190624], [128.3167110438501, 37.69971628877608], [128.31757833108028, 37.696744881157656], [128.3201075273199, 37.69389143609376], [128.3203380814406, 37.692085905516706], [128.32138702063003, 37.690820782349846], [128.32337208857035, 37.690043474165144], [128.32866995386036, 37.69238854056784], [128.3315794724268, 37.69275187484633], [128.33690045670767, 37.69555015095442], [128.34063647714984, 37.695603208799774], [128.3423195341651, 37.69618037101363], [128.3461607060899, 37.69559890467044], [128.34964484529476, 37.69661148902556], [128.35163644844778, 37.69776634352206], [128.35633572656215, 37.69788418114084], [128.35803667179053, 37.699375046589694], [128.35878413561792, 37.69899707886489], [128.35989426067084, 37.6993488759686], [128.36044627591238, 37.69855224924181], [128.36497708053153, 37.69778654635638], [128.36566725844386, 37.69662568066676], [128.36914682522215, 37.693900680792815], [128.3738464021104, 37.69291223964969], [128.37608137854286, 37.691613959813246], [128.37935717588252, 37.691427920971286], [128.3846991936061, 37.69229330480339], [128.38591795935525, 37.691303774447505], [128.3890892504976, 37.69193766716584], [128.3907786178409, 37.69192593936444], [128.39279229892404, 37.69129662285752], [128.39471475032835, 37.69134064217175], [128.3955241941209, 37.691808838664144], [128.3992472016898, 37.689667634756624], [128.4004264989564, 37.68970122693457], [128.40443152034152, 37.6883262227524], [128.4085248205183, 37.69078787403932], [128.41288962776068, 37.68849386575461], [128.41548841748235, 37.68798412842475], [128.42219080326123, 37.68952800339415], [128.42340341540307, 37.69076817337798], [128.42486046856467, 37.691411902061574], [128.42932207117963, 37.691401040065955], [128.43121580092264, 37.69240258497196], [128.43307338022487, 37.691981960871885], [128.43525760229733, 37.692390387167876], [128.43592524164617, 37.69526711421585], [128.43759055171668, 37.696650830765215], [128.43972283771208, 37.697479848677226], [128.43988102607028, 37.698019857841665], [128.4439493317943, 37.70073112264689], [128.44465677389653, 37.70885528772875], [128.44613773916277, 37.71099479605076], [128.4458650268891, 37.71346771347482], [128.44458602655575, 37.715877789189676], [128.44492036244063, 37.71765689987293], [128.4462769453956, 37.71905804873478], [128.4472349440497, 37.71913245818064], [128.44853805163328, 37.722207095774706], [128.44989220722036, 37.723912291681714], [128.45260820911696, 37.72605426325504], [128.45249785180715, 37.72706518286979], [128.45438048263048, 37.728868822257375], [128.45780646274062, 37.73081245023741], [128.4600594203585, 37.73026855267348], [128.46288183059085, 37.72834762912668], [128.4661930379572, 37.728485585247505], [128.46822450269593, 37.72944200844824], [128.46905468791297, 37.731006267251104], [128.47112884975616, 37.73279007944851], [128.47195125076598, 37.733095698072646], [128.47318838366598, 37.73286319420808], [128.4786979393723, 37.734661647660836], [128.48034333132006, 37.73360386977627], [128.48623807321644, 37.73408802864756], [128.49269055604287, 37.7328081086177], [128.49604022574675, 37.73289040011606], [128.50128289127977, 37.731641675074655], [128.5033251816218, 37.731897205097724], [128.50473559575977, 37.731036329838005], [128.5067252721328, 37.731196749030886], [128.50961780425732, 37.73055420497673], [128.51306857243247, 37.730365295434765], [128.5149505770013, 37.73194077870162], [128.5160644634933, 37.7322085629647], [128.52057035628707, 37.73109119464177], [128.52221795346608, 37.7297065131447], [128.52643211392927, 37.7315557483818], [128.52799733784667, 37.73296592225038], [128.52750242413063, 37.73406774888887], [128.52770455560048, 37.736523696146456], [128.52517447016942, 37.73881932570477], [128.5253145837284, 37.74005201010159], [128.52447503507568, 37.74099949107935], [128.52406284902892, 37.7426314774011], [128.52644643133863, 37.747735389336114], [128.52598673615978, 37.74877932997347], [128.52683915528277, 37.75057906827317], [128.52710728240135, 37.75281061702076], [128.52602525617075, 37.75428545821121], [128.52405755338577, 37.755350004428166], [128.52395077027154, 37.76401473543671], [128.52652298520124, 37.76495329308879], [128.5281069011093, 37.76713373800478], [128.53322628492955, 37.770959932841194], [128.5330817369403, 37.77399241924615], [128.53365554965964, 37.7759150877055], [128.53287603726338, 37.77739702104491], [128.53320128624597, 37.7797863042353], [128.53436232349702, 37.78008341262312], [128.5395910333535, 37.783219569544045], [128.54252200525553, 37.78834243374278], [128.54292866486782, 37.78957805518039], [128.54287495930276, 37.79158601587641], [128.54234513081008, 37.79227732500336], [128.5425813790878, 37.79345466590817], [128.54396629462576, 37.79534498112404], [128.54326093702903, 37.79715088251093], [128.54375739001472, 37.80022762110294], [128.5486567633865, 37.80352671294458], [128.55039301680944, 37.80372178836], [128.55125509817717, 37.804276871054604], [128.5523254327232, 37.80635589927513], [128.55547446351116, 37.80911440847565], [128.55638367317954, 37.80945825578634], [128.5633605338499, 37.80863370208159], [128.5680631963872, 37.80804790787883], [128.5696645691506, 37.807410626273295], [128.5708400916717, 37.80799629902107], [128.57056776723644, 37.80839124399755], [128.57154920260572, 37.80989781818288], [128.57574568070228, 37.81414765985037], [128.57591645950882, 37.81573906299489], [128.57696761616745, 37.81705997369588], [128.58273576081092, 37.821385079912325], [128.58549638269415, 37.818540947947405], [128.59191854880297, 37.816037837773415], [128.59699572811562, 37.811573224069846], [128.59794868080925, 37.81003335738495], [128.59996419436982, 37.80881603194019]]]}}, {"type": "Feature", "properties": {"code": "32550", "name": "정선군"}, "geometry": {"type": "Polygon", "coordinates": [[[128.89024671920535, 37.58854574494725], [128.89263230971153, 37.58841040802066], [128.89445483393064, 37.58775002252828], [128.89593765131227, 37.586473187299866], [128.89776326591794, 37.586690476996154], [128.89751607665877, 37.58502110577736], [128.89868624474423, 37.58400177768116], [128.89821208941382, 37.581807930084615], [128.89954759835246, 37.580699518104744], [128.89933955989247, 37.57924881804184], [128.90043039869965, 37.574846618683026], [128.90123025855675, 37.57398890941219], [128.90101747121307, 37.57189220031179], [128.9013863789455, 37.57150255716782], [128.90406577750474, 37.57144109622137], [128.90477376447106, 37.57036722806455], [128.9057293273452, 37.56709999408648], [128.90446221871463, 37.56578293141552], [128.90417092585253, 37.56356362949658], [128.90482279584165, 37.56333071738066], [128.90545457624313, 37.56139212120024], [128.9049006911118, 37.55984651075166], [128.90520512630712, 37.55781578910055], [128.90447205054784, 37.55546593875999], [128.90574016184976, 37.55262016410384], [128.91292029662668, 37.55285291757113], [128.9144560728465, 37.55192970952439], [128.91483915311002, 37.551202252206686], [128.91454877174854, 37.55027231532247], [128.91621543431992, 37.54801397093725], [128.9175142185366, 37.54883238634285], [128.919066652531, 37.54849553983521], [128.91979292705793, 37.54766902259431], [128.92476409135264, 37.54723848573488], [128.9263467745696, 37.54464355018208], [128.9280586191973, 37.54308754207114], [128.92970226675325, 37.54249654317595], [128.93084591216493, 37.542781054035096], [128.9314075035686, 37.54230680297773], [128.93197522921164, 37.539384084734245], [128.93276084945083, 37.53885239812737], [128.9337181605879, 37.53889106342889], [128.93437617744667, 37.53814158735664], [128.9372591633128, 37.537770604739535], [128.9416508988919, 37.53854250638305], [128.9428198645826, 37.539217792065465], [128.94393677295602, 37.540692874770336], [128.9456329795521, 37.54122038604278], [128.94924733934585, 37.53967467495625], [128.9512641542564, 37.540918912725544], [128.95340586106872, 37.54154058347119], [128.95512602472746, 37.5414386541273], [128.9572443808664, 37.5432216167314], [128.95686253961568, 37.543816874172556], [128.95838982008382, 37.54457108671132], [128.95972998567171, 37.546023733564255], [128.95954326622387, 37.54840058702976], [128.9612346569259, 37.5487469329875], [128.96278210668137, 37.543155355902435], [128.96504113869858, 37.5419359954343], [128.96642970096957, 37.54031359364574], [128.96830616057665, 37.539623028015875], [128.9682904530155, 37.53856760200321], [128.97000473641032, 37.536766597084615], [128.9711947986644, 37.536837962019234], [128.97216189787474, 37.53634915346673], [128.97217164318127, 37.5352555764282], [128.97337881384757, 37.53373577529209], [128.96872905588114, 37.53023469642478], [128.96862933914989, 37.52825559708525], [128.96788778257297, 37.52775924762685], [128.96820840824122, 37.5271945301732], [128.9672902598306, 37.52597621282306], [128.9684568022612, 37.52269567662974], [128.96775662264832, 37.520568930081964], [128.96707444001484, 37.519368920935], [128.96386916257376, 37.51715882504261], [128.96338541073908, 37.5148947352822], [128.96241879232534, 37.5144347395156], [128.96231897887424, 37.5136864356547], [128.96098201412497, 37.512578325484], [128.96185236896238, 37.5095217875382], [128.9629736215328, 37.50816933783756], [128.96417599002248, 37.507689076473866], [128.96514241800492, 37.505407059994994], [128.9658495034398, 37.5051636082998], [128.96816764381228, 37.50585106362905], [128.96980113728176, 37.50562959778323], [128.9707649717579, 37.50602680508946], [128.97251500776594, 37.50572199892572], [128.97439104897643, 37.50343880065339], [128.9746811147301, 37.502725941016145], [128.97383299618497, 37.50181080913418], [128.97346251737727, 37.50001810179279], [128.97140283739333, 37.49793319497043], [128.97002235471376, 37.494730852133834], [128.970955854352, 37.49266048022968], [128.972511770917, 37.49163597637091], [128.97555018747565, 37.49309755190053], [128.97865538180815, 37.493455782097094], [128.97967649499566, 37.49431364320214], [128.98046042715288, 37.49361444730308], [128.98249584098565, 37.49317127459776], [128.98362397688902, 37.49305100437664], [128.98455522591138, 37.493569127588984], [128.98531721674684, 37.493070710491885], [128.98678643455634, 37.49311583659963], [128.9868523447114, 37.491228274872604], [128.98828154633836, 37.49003143674031], [128.98966273573032, 37.48450591220885], [128.98919102626255, 37.4833965054185], [128.98618116371995, 37.48370273718141], [128.985704657045, 37.482769911833174], [128.98809856785132, 37.47932216991382], [128.98626520063425, 37.4763843727768], [128.98756926150864, 37.47532702555996], [128.98595482992113, 37.47318392261966], [128.9863633649934, 37.47245777540459], [128.98501335116893, 37.47153510995964], [128.9847131845802, 37.470414642092656], [128.97736623881684, 37.468621730943276], [128.97418620282326, 37.46537687315583], [128.97377576958627, 37.46338606055093], [128.9712629496491, 37.463252319633476], [128.97032820083126, 37.46161368061981], [128.9689761327317, 37.46075899200183], [128.96539032867116, 37.46041664854879], [128.96416023217557, 37.45917221211376], [128.96433837930917, 37.454747687907044], [128.96233356700068, 37.45258173179367], [128.96000170957484, 37.451112583251245], [128.96000167562175, 37.45019059984834], [128.95761847835263, 37.44663730512872], [128.95508409872895, 37.44942036775549], [128.94686981532078, 37.44974209097], [128.94384701062904, 37.449299342101035], [128.94060730801513, 37.45006334658965], [128.9387160171058, 37.45103350395126], [128.93710573600774, 37.45109113436529], [128.93561698806346, 37.45038715515321], [128.9353068337777, 37.44866896231022], [128.9342913670778, 37.447595533928244], [128.9323680776556, 37.447759484079086], [128.9308710369719, 37.44847091621059], [128.92755953110233, 37.44856432992145], [128.92584104344047, 37.44723292859084], [128.92251923002982, 37.44626553610758], [128.921178969579, 37.445310380140455], [128.9187385402979, 37.44125045762009], [128.91448620067484, 37.439658785934604], [128.910610125152, 37.43634012831245], [128.90406854702462, 37.4380717507531], [128.90279439304575, 37.43722313275626], [128.90123384542284, 37.43553809819819], [128.90132480791115, 37.43486191836392], [128.900017914693, 37.43352306225262], [128.899945947273, 37.43264785799036], [128.8984095082556, 37.43155895549669], [128.89785513514, 37.43029203080562], [128.89802753302433, 37.427363253829135], [128.89712746399158, 37.42570868878702], [128.89837870159474, 37.42396415100265], [128.898593391288, 37.421035917495416], [128.89773566327491, 37.42013425551669], [128.89742948518187, 37.41679537749247], [128.89789785997053, 37.415118438022006], [128.8968220721771, 37.411663860999774], [128.8954287014036, 37.40956065399179], [128.8903415225234, 37.405889752223956], [128.88954333241213, 37.40484105767384], [128.88473235205433, 37.40624577307796], [128.88282048653278, 37.404396900172024], [128.87072230581984, 37.400300385137335], [128.86979585373737, 37.398750064113166], [128.87064047850268, 37.39531842847327], [128.86986053138537, 37.394664448644804], [128.86798300281436, 37.39436905708309], [128.86905280377943, 37.392774779769375], [128.86895805072285, 37.39145050047868], [128.86852021644594, 37.39101945711671], [128.8653678586159, 37.390354476625355], [128.8642935031006, 37.38707941539586], [128.86259544885613, 37.385725727671485], [128.86136654500095, 37.382023622346345], [128.85871730594133, 37.38177044842007], [128.85797822632577, 37.380928918928944], [128.85834951677793, 37.37701552833786], [128.85679226762116, 37.37604720777284], [128.85675144749513, 37.374969477390344], [128.8559728582806, 37.37390461658439], [128.85634813523396, 37.37243094463752], [128.8551942640201, 37.37183081002764], [128.8549804877065, 37.36956460984994], [128.85363649542137, 37.368532296944586], [128.85447477934662, 37.36669806086585], [128.8515676841459, 37.365430447814774], [128.85228836320528, 37.363879213108014], [128.8512578897103, 37.36253779193612], [128.8521687734824, 37.359485275891], [128.85191795450203, 37.358631552660626], [128.85010002134473, 37.35813850680169], [128.8490477684799, 37.35607008825661], [128.84942410298632, 37.35142142099896], [128.84841024997542, 37.350563926549064], [128.84791867478947, 37.34737494259472], [128.84648255851107, 37.344316593969666], [128.84602757703865, 37.33973259231954], [128.84914820940637, 37.34147368624078], [128.85176204891172, 37.34143285901578], [128.85553938681448, 37.34060553041011], [128.85668534653468, 37.340819278993294], [128.86346129149123, 37.33846176342667], [128.86459592971505, 37.339006310101645], [128.86684877805408, 37.33895866397117], [128.86997745110557, 37.32940200002924], [128.87331847196108, 37.3269361174946], [128.8762326608679, 37.32586147708095], [128.8784063947004, 37.32395204259742], [128.87326223973457, 37.321099653112135], [128.87156818953073, 37.319444370545355], [128.8701306181113, 37.31900943115473], [128.86701687300027, 37.314860909624805], [128.8675150892104, 37.31241894794346], [128.86475815905845, 37.31162982745527], [128.85972761903673, 37.307228545304184], [128.8595722609549, 37.305349997468625], [128.85846720886687, 37.30423262703842], [128.858792418445, 37.30017066659457], [128.859571264652, 37.29846685020641], [128.861657058203, 37.29647087067109], [128.8641143094177, 37.29557984129461], [128.86584541559245, 37.293215916900785], [128.86825296820385, 37.29303617063311], [128.8711295993215, 37.29167448429274], [128.87223401573442, 37.29038349010191], [128.8724341019183, 37.28923272661008], [128.8718738264297, 37.28814489512723], [128.87220926992364, 37.28759661022804], [128.87169311700916, 37.284447929902065], [128.87313601510675, 37.28181953548634], [128.87709762169183, 37.27868912505427], [128.8813072131876, 37.27839613806533], [128.88316445550154, 37.27688349125281], [128.88545475188283, 37.276981208187415], [128.88873834728741, 37.275930019753815], [128.88838399138217, 37.27394232540122], [128.8876286425224, 37.27306092691596], [128.88395690842987, 37.272874873565456], [128.8820719361035, 37.27184870142579], [128.87994869085495, 37.26478039253475], [128.88175481230755, 37.262915972867425], [128.88349219878907, 37.26196298487878], [128.8868120774737, 37.26176084307369], [128.8884713340347, 37.25889711321611], [128.8914466746283, 37.25596082194779], [128.8916966069864, 37.25496107350507], [128.89416899172423, 37.254025883843454], [128.89527538081012, 37.25166237249305], [128.89648459542792, 37.25101816440851], [128.89695012624733, 37.250279901388005], [128.8966764009257, 37.24933575468402], [128.89793481052166, 37.24869218640996], [128.8984941478933, 37.24573628784319], [128.90079853074397, 37.24291490380025], [128.9006730420939, 37.240195392700976], [128.89864697128445, 37.23594604702288], [128.89986452338496, 37.23474055214244], [128.90118131625368, 37.230772368446615], [128.90217732242922, 37.23040100138935], [128.90315444404183, 37.22868629836659], [128.9043978869683, 37.22783917982915], [128.9035480878793, 37.22490827610011], [128.90539929435158, 37.219456794307746], [128.9054604983554, 37.21791812521208], [128.90718976489063, 37.21664561184025], [128.91098064392926, 37.215148413799064], [128.91165182266755, 37.21321780922629], [128.91607289832098, 37.21184742088613], [128.91550911552665, 37.210208158530655], [128.91608088395316, 37.20668959987984], [128.9155494361127, 37.204615118259596], [128.91174406997715, 37.19805685090627], [128.91150570459465, 37.19689373453856], [128.91298534235997, 37.19483296084019], [128.91208310715925, 37.19348264150106], [128.9133311787083, 37.191103525752084], [128.91275454076998, 37.18611136704962], [128.9137729173507, 37.185024254046915], [128.9148559507707, 37.18078346238823], [128.91185288143427, 37.17726432427904], [128.9130997842791, 37.17267066748117], [128.9140411282497, 37.171270035284536], [128.91496743941013, 37.17100479748756], [128.9159159299872, 37.169387813347676], [128.9177513647915, 37.16232820562665], [128.91679820605958, 37.159392838941905], [128.91694809436328, 37.15791686133437], [128.91255023231506, 37.15002603570079], [128.91194112052978, 37.14925966469393], [128.9091743829168, 37.14792218089733], [128.90708386189704, 37.147866569400804], [128.9050059790591, 37.14838505675419], [128.90182172491077, 37.14777061427058], [128.90053118465065, 37.1470773373002], [128.89955262353013, 37.147737319200154], [128.89825064587, 37.14912451537212], [128.89831636122528, 37.15019279047792], [128.89756007226896, 37.15084707750205], [128.89316705719258, 37.15208935220029], [128.8920183448615, 37.156877713921055], [128.8924149332517, 37.158856743470764], [128.89187704947324, 37.16058658091657], [128.8907927483845, 37.16227428602788], [128.8889851614114, 37.162889453049615], [128.88815968365478, 37.1644241014863], [128.88667795874537, 37.1653052234301], [128.88649118898965, 37.16783660934262], [128.8848473115803, 37.16884168343209], [128.88372299547947, 37.16892349492117], [128.88230337175798, 37.168356940488344], [128.88030617219815, 37.16865757346091], [128.87867499396742, 37.16784044439133], [128.87201652882482, 37.167305960812556], [128.8684289010368, 37.16836313509207], [128.86705573210196, 37.169368683374486], [128.8652099040141, 37.16952616566935], [128.8632765359589, 37.16845594727151], [128.8613348185214, 37.168563874286654], [128.86045713657242, 37.168217766181996], [128.85953754844357, 37.16850051804722], [128.85768330820548, 37.16793263025478], [128.8526675719342, 37.16771840123043], [128.85039153700868, 37.16689006606624], [128.84597837578875, 37.16703297137908], [128.84549721041054, 37.16647748952918], [128.84155078214215, 37.167095891772014], [128.8415295696821, 37.167741760921224], [128.840112973148, 37.167482734129536], [128.83936256310628, 37.1695279119664], [128.83822746795008, 37.1706108489034], [128.83738644529953, 37.17065653177281], [128.83712151055767, 37.17165714073248], [128.83561793814917, 37.172736653931004], [128.83348536470567, 37.17572635668645], [128.8301053038626, 37.17599804763126], [128.82808865104553, 37.17487642527986], [128.8264169548643, 37.174713584910606], [128.82459307091347, 37.17545703787508], [128.8214720090387, 37.17564162301719], [128.820336872116, 37.17616019737713], [128.8151557358188, 37.18525314169992], [128.81145237514608, 37.1866532790588], [128.80972028674162, 37.18922221750618], [128.80936280926898, 37.19058873119562], [128.8075230869538, 37.190848245219335], [128.80647597056944, 37.19001153604869], [128.80571176900423, 37.19081853130102], [128.80239092340577, 37.19220036377348], [128.80064504228693, 37.19409696377029], [128.79850499907297, 37.19463233022754], [128.79694282086993, 37.19537180690543], [128.79703410132578, 37.196005372545685], [128.79533199848865, 37.196543886286584], [128.7920863085174, 37.196923534070436], [128.79069810069026, 37.19765486588738], [128.78530829405426, 37.19786434890631], [128.78456047934228, 37.19815188362165], [128.78304510369338, 37.20060061490208], [128.77977835124452, 37.20016918041093], [128.7791535424194, 37.20070562676542], [128.7745740471278, 37.201903251107005], [128.77423063672697, 37.202560470996694], [128.77172786721934, 37.20218981905685], [128.7677477480101, 37.20336232730655], [128.76477122620275, 37.205984371538655], [128.75922842671625, 37.207901187863946], [128.75856096665362, 37.20882201010608], [128.75431292680165, 37.21157505998487], [128.75159663650032, 37.21142295968435], [128.74875529059324, 37.21194918467746], [128.74674625157147, 37.21083997286412], [128.74555578438054, 37.20906168460312], [128.7438412284848, 37.20780026789659], [128.7412743813036, 37.206994927951875], [128.73797274825785, 37.204554688352516], [128.7354274607395, 37.2016364793265], [128.73439923257186, 37.20137931482268], [128.73337063058736, 37.200288459710954], [128.73324356704944, 37.198653805574445], [128.7318907013927, 37.19766227247595], [128.72903436636327, 37.19729009369122], [128.72528336369257, 37.198451792026624], [128.7227411020533, 37.19702005240994], [128.71869751644334, 37.195572188639325], [128.71602857063198, 37.195604894021166], [128.7124814102457, 37.19243493712267], [128.71054806332214, 37.19202231196833], [128.7096789639554, 37.19079343114936], [128.70140438655184, 37.19072296054983], [128.6991787043087, 37.19001093765234], [128.69890212840093, 37.18841402773521], [128.69755598990702, 37.187700636638226], [128.6969848741631, 37.18616979189086], [128.6943932823495, 37.184573188378444], [128.69075637339336, 37.1851441541598], [128.68798958028532, 37.18435429452572], [128.6877453720994, 37.18485776081376], [128.685069565455, 37.18560637785691], [128.6825091799594, 37.184921382522866], [128.6803245766224, 37.186327131425614], [128.67895535009876, 37.186333450159545], [128.67676312264712, 37.187073129699236], [128.67436529588426, 37.18627583268128], [128.67167863689542, 37.18722100185434], [128.67088784077555, 37.1862320208693], [128.66817218869272, 37.185521193990546], [128.66638828289058, 37.18685824329359], [128.6629582405351, 37.18615113384464], [128.66030440261514, 37.18677261175959], [128.65528464719932, 37.18585368251377], [128.65149379357183, 37.18352917141425], [128.6464970839608, 37.181827177776455], [128.64207097497467, 37.182402374174], [128.63914462421772, 37.18469411197502], [128.63854977561806, 37.186023344273195], [128.63552334391153, 37.187781520392356], [128.63573657132085, 37.19159719369246], [128.6338203095721, 37.19425161546314], [128.633483040659, 37.196617900176214], [128.63121602954442, 37.19741944128997], [128.6290813596319, 37.195761825644944], [128.62762717040914, 37.19857915669363], [128.62706516656402, 37.19839608757094], [128.62638598841733, 37.199250054840576], [128.62278966662174, 37.20094896787514], [128.62226439944772, 37.2042165378314], [128.6206302019398, 37.20442624626252], [128.62019267017797, 37.205394132503564], [128.6175353513478, 37.20598735358617], [128.61844315394896, 37.20681994143969], [128.61987364276303, 37.2100321589563], [128.62117274832076, 37.2105970896041], [128.62206707768738, 37.21173385822874], [128.62252416291494, 37.213386502964326], [128.6223742807785, 37.21450813526029], [128.6205743185966, 37.21560489273344], [128.62059048261176, 37.217394867964224], [128.6192648384205, 37.218634161522886], [128.61611592847046, 37.216957481055054], [128.61474961431222, 37.21818468257747], [128.61121835781285, 37.21821610688677], [128.6095056765175, 37.21863947068762], [128.6061884610791, 37.21760124507397], [128.60436977458176, 37.21828159879577], [128.60266964492013, 37.21456013672541], [128.6011569370841, 37.21416020828414], [128.60022626593002, 37.21277654719388], [128.59775952451506, 37.21522438878165], [128.59161099666179, 37.217660353560426], [128.58620601532468, 37.22115489316598], [128.5822759390256, 37.221413069352295], [128.57920665082275, 37.22002091960581], [128.5773501195935, 37.22227433024368], [128.5781524670231, 37.22513918515995], [128.57802686571358, 37.22671557450355], [128.57682986575523, 37.22797979348918], [128.57561219091073, 37.23575663199187], [128.576694671681, 37.23781241557215], [128.57617646114423, 37.2396821911061], [128.5767409187548, 37.24511315210186], [128.5752895337655, 37.24629655047504], [128.56956129652477, 37.2492685704284], [128.56765193586244, 37.252350324259645], [128.56587827184902, 37.25326018650107], [128.56483579054665, 37.25954821094229], [128.5659593202044, 37.26670810359132], [128.56825571279455, 37.27088027921064], [128.56937514360536, 37.27108293845122], [128.5706465654297, 37.2710354201533], [128.57499362236308, 37.26863314479381], [128.5757868465098, 37.26887073345616], [128.5759137330662, 37.26712326054778], [128.58202555189652, 37.2667231558443], [128.58144920057825, 37.26781020026661], [128.5823861219252, 37.26975589007193], [128.5820992687572, 37.27066514590126], [128.58408682785182, 37.27309047524053], [128.58427169516372, 37.27420762756418], [128.58508490550344, 37.275098507458885], [128.5861333232487, 37.27510591227083], [128.58833120537508, 37.27623239943105], [128.59031094457012, 37.278156133488935], [128.59202196149113, 37.27831032354938], [128.59340850754054, 37.2794691395491], [128.59602587920156, 37.28003316500587], [128.5963546228632, 37.2826214676537], [128.59250633646906, 37.28736253639216], [128.59091833775227, 37.287536347386194], [128.5894143703286, 37.289520631554105], [128.58940546562732, 37.29044341262277], [128.58636697917765, 37.293374133691096], [128.58509354112647, 37.29398883800942], [128.58302935242952, 37.29395361877518], [128.58292944769877, 37.294925352585565], [128.58027356808, 37.29855715008173], [128.5796880073216, 37.29873421723089], [128.58030023027166, 37.30039543250409], [128.58217684832053, 37.302303498114156], [128.5833851270993, 37.304597256567206], [128.58420821477532, 37.30491759890972], [128.58460809759606, 37.30655814845746], [128.5839569747557, 37.30819567068432], [128.58322463274777, 37.30861307835321], [128.58395984650215, 37.31059626721622], [128.58068754132427, 37.311718138285926], [128.57969787473144, 37.31382865078622], [128.57702402472924, 37.31685910822926], [128.5757537496686, 37.31971723268029], [128.57592484212952, 37.32043640317188], [128.57389222476817, 37.322968263041055], [128.5735850247183, 37.32437722571513], [128.57096366085628, 37.325197727314794], [128.57106879367447, 37.32658229118286], [128.56990486201963, 37.32870294296738], [128.5686013171442, 37.33451454353958], [128.56991279554478, 37.33587457329784], [128.56658864558761, 37.33957532292583], [128.56606937348113, 37.34154352306361], [128.56620593999605, 37.345314306125765], [128.56442888034022, 37.347229464631994], [128.5611018308996, 37.348969736188735], [128.56021562432346, 37.35058422827498], [128.55831932023779, 37.35099428829005], [128.55836782172474, 37.35141564032628], [128.5566987044219, 37.35283083520978], [128.55274513484267, 37.353808236513416], [128.5518164123618, 37.35446257466243], [128.54822759399252, 37.354523807274674], [128.54720988328552, 37.3549009239345], [128.54898614945313, 37.359035249534095], [128.5509459088765, 37.35978168307452], [128.55251504641362, 37.361048054323795], [128.55232911076743, 37.36251986583984], [128.55353777686625, 37.36417332553005], [128.55308285042864, 37.369661656141595], [128.55369936629685, 37.370529942164175], [128.55211621940026, 37.37132615676209], [128.55034976370135, 37.373921581180305], [128.54979821010457, 37.375998486539146], [128.5481904822864, 37.377349356732076], [128.5480527378795, 37.37831365063288], [128.54559115187948, 37.379781662622676], [128.54458619474676, 37.38250871978076], [128.5453148160581, 37.38600652123812], [128.5442852377285, 37.387078485480494], [128.54253158086902, 37.38748095769989], [128.5426965510356, 37.389397738275], [128.540116165133, 37.39274340459466], [128.54060673516773, 37.395907036283226], [128.540434773112, 37.39683449404049], [128.53882715949143, 37.39861062397127], [128.5388850693643, 37.39969102711694], [128.53461586735648, 37.40055353479545], [128.52993316595027, 37.3996636604312], [128.5265764987858, 37.40173712952315], [128.52338591717486, 37.4026954744295], [128.52143307554877, 37.40276460597315], [128.5197243317455, 37.40374302264506], [128.5155220143886, 37.40346848974321], [128.51392560896943, 37.40410610904762], [128.51064553471093, 37.408926817826284], [128.5092925931658, 37.409329871107744], [128.50836975192652, 37.410260231630026], [128.50805654082583, 37.4147808385434], [128.5059737988131, 37.41656202535759], [128.5063196956261, 37.41822145805282], [128.51014496159783, 37.42027540434956], [128.51353380892675, 37.42283708061758], [128.5132848962314, 37.426658762357825], [128.5139044031192, 37.42828248235496], [128.5184236255915, 37.432838220449476], [128.51899463152975, 37.434447009864826], [128.51816702739916, 37.43593000195882], [128.51785734495553, 37.440554822207325], [128.51578821017728, 37.44237377220613], [128.51508981673663, 37.446107070260815], [128.51413008427605, 37.44696455746038], [128.51311431234245, 37.44962604663794], [128.51320798624297, 37.45510407388011], [128.51493117390174, 37.457010592680135], [128.51638840795655, 37.457265010878295], [128.5202075575171, 37.45978598854249], [128.52201476535888, 37.460301308483245], [128.5238035094499, 37.46362329312022], [128.52909207457824, 37.46303795730394], [128.53252956594642, 37.46143969313847], [128.53540931313842, 37.46145576257976], [128.54224841152637, 37.45941273845303], [128.54386582247471, 37.45985783130023], [128.5462764864962, 37.45940220324372], [128.55219393703675, 37.456449834399], [128.55434217397192, 37.45705428091225], [128.55561593246864, 37.45814426566161], [128.5585070278626, 37.45874483275756], [128.56343230518542, 37.46136563134236], [128.56313143835206, 37.463519248630355], [128.56128263958968, 37.46617853278332], [128.5618334321949, 37.468931684164666], [128.56151153174673, 37.47332708100553], [128.56046930117807, 37.47578746691339], [128.56046265041095, 37.47743327184352], [128.55793840959123, 37.481095264010804], [128.556590900007, 37.48573039317754], [128.55659076183423, 37.489027102444524], [128.55796159554285, 37.489767153982235], [128.5602310513053, 37.49463934078477], [128.5613696766954, 37.4948819107574], [128.5615983734034, 37.49635989567595], [128.5642942883389, 37.49945104716572], [128.56506775257733, 37.50240509846739], [128.565538761552, 37.50243523776702], [128.56550369982293, 37.50035473366577], [128.5700498941401, 37.497704396044355], [128.57098911737359, 37.49235192970888], [128.57211393723716, 37.490233885452376], [128.57352225345784, 37.489264728286045], [128.57534274781113, 37.48918872785241], [128.58067916479988, 37.49024900915093], [128.58445882350577, 37.48729528246617], [128.5845464318355, 37.48911748072713], [128.58334826910763, 37.49085766526664], [128.58156449029175, 37.49091906257548], [128.57902220732396, 37.49239606621309], [128.57599504108876, 37.4931585156536], [128.57533210058287, 37.493751139077965], [128.5766247062707, 37.49596454022923], [128.57733429862816, 37.498826717131365], [128.57742438362703, 37.50119212958935], [128.57641121859524, 37.50294610461243], [128.57714632347185, 37.50500790671685], [128.57717101085768, 37.51112772993984], [128.57827409567184, 37.5132801458259], [128.57822370875115, 37.51508819080252], [128.57948870679198, 37.51737949418229], [128.57990609158836, 37.519379218247], [128.57954004152873, 37.520607104444075], [128.5807985647998, 37.523404879072785], [128.581168337451, 37.52804481309583], [128.58214489912638, 37.530037594211144], [128.58340209199562, 37.530455543763644], [128.58337418267675, 37.531859895873666], [128.5825212856318, 37.5329329624702], [128.58317769653527, 37.53579959966806], [128.58451075943725, 37.537224152717485], [128.58763148018372, 37.53782930638529], [128.5886502834478, 37.53877861043031], [128.5893902327548, 37.540487827283116], [128.5887586982262, 37.54424062904999], [128.58701429347536, 37.54803372488563], [128.58723441348548, 37.548843768564396], [128.58843487356964, 37.5496316548514], [128.5882137412428, 37.55186602936687], [128.5889584391644, 37.55365268327447], [128.58804179565612, 37.55638191220247], [128.58960415628403, 37.560284661257015], [128.59246461396532, 37.5616067183765], [128.59791755912855, 37.5660845605942], [128.60090729348988, 37.56959155096092], [128.6061086489364, 37.571926890592245], [128.61162609564767, 37.5733231862529], [128.61546551119946, 37.57550538824711], [128.6190126213746, 37.57429193151881], [128.6199908705281, 37.57467678943978], [128.62516620984945, 37.57316606432383], [128.62571185944074, 37.57265524105284], [128.6245156322835, 37.56764004812735], [128.624832696419, 37.565548073907124], [128.62637728803756, 37.56353108376496], [128.62717959817118, 37.557021687466566], [128.62688327795212, 37.5550634650489], [128.6279397692177, 37.55375003041659], [128.6301956815788, 37.55257183505087], [128.6305337018218, 37.55101304568623], [128.63174076719577, 37.55024750715108], [128.63206574547968, 37.548936948085604], [128.63161113725113, 37.544616633007955], [128.63244298970832, 37.54256272266593], [128.63462251207804, 37.539705053551515], [128.64037209382175, 37.54069143109679], [128.64190259886306, 37.541493918178325], [128.64131451928364, 37.543052407272626], [128.6416015440681, 37.545186844833374], [128.64453474581387, 37.552256751858174], [128.64510805010912, 37.55312936776322], [128.6490026622447, 37.5544567875932], [128.6503168493806, 37.55504567815986], [128.65004828698676, 37.55529740803382], [128.6523464362251, 37.55508078198448], [128.65442227752732, 37.55584573066061], [128.65616712344305, 37.55529911043279], [128.65903167179206, 37.55589814128766], [128.66010650594833, 37.55563873770281], [128.66819463871607, 37.55751597388116], [128.6699929193462, 37.55757457297786], [128.67386826349286, 37.55591784516521], [128.6729892028608, 37.55961213185115], [128.67194276102518, 37.5600600165231], [128.66955519588535, 37.56000994968202], [128.66786891036963, 37.56135185098346], [128.66836707305546, 37.56361474181795], [128.6682040483677, 37.56759041902914], [128.66731537161917, 37.56873307722692], [128.66845093704987, 37.56962122448726], [128.67030715004933, 37.56937360267401], [128.67439304897624, 37.57049609973847], [128.67648259193086, 37.57060697478086], [128.67896402423864, 37.56986110290002], [128.67887822954881, 37.56706083353724], [128.6835765516152, 37.563414631802125], [128.68416966336892, 37.56179612246186], [128.68349685025373, 37.557148677158814], [128.68775877535305, 37.55432214506628], [128.68904520268472, 37.55254870993845], [128.6897672019674, 37.54930081763799], [128.69136016671882, 37.547376025439554], [128.69269329943756, 37.54312444298365], [128.69356736026546, 37.542641761327], [128.6940541056711, 37.54124516584852], [128.6960039324995, 37.540290677699495], [128.6967312432866, 37.53888780529942], [128.69900814133302, 37.536645656460266], [128.70164799099257, 37.53536922672422], [128.70424693414202, 37.535064886216325], [128.70588533449722, 37.53294385974212], [128.70709668174467, 37.53219186616535], [128.71006651215058, 37.53152449572467], [128.71413071201678, 37.53161285005162], [128.71715917001086, 37.53100780131569], [128.71978185353717, 37.52871293753273], [128.720856638234, 37.52918179625491], [128.72236889179868, 37.531334568410266], [128.72289244581356, 37.534887701363395], [128.72726211937382, 37.53783653298213], [128.72773130964546, 37.53895775720773], [128.73241357126795, 37.54389306521498], [128.73560279985807, 37.54519223456828], [128.73707766822915, 37.54730171953438], [128.73922611365862, 37.54767016523739], [128.74236635739518, 37.54589391510285], [128.74451358425932, 37.54616543961536], [128.74598032045668, 37.54701932074294], [128.74782977752747, 37.546559266621195], [128.74868676285942, 37.546903280890255], [128.7519619014729, 37.54525231880763], [128.75653790395558, 37.5442145236075], [128.75732780411255, 37.54311552974034], [128.7589150340288, 37.542260566093425], [128.76200711848014, 37.54150336206223], [128.76703111827962, 37.54363155309657], [128.77414466189117, 37.542773004393155], [128.77736236215253, 37.544171682560005], [128.77999578136325, 37.54377225104746], [128.78549739676149, 37.540915664130694], [128.7870249978611, 37.540986313147194], [128.7882298679789, 37.53988815959744], [128.78936838026817, 37.5398776752426], [128.79082118537085, 37.53921548700324], [128.79296252012796, 37.537174049215146], [128.79199220255467, 37.53530198894557], [128.79202871607626, 37.53276293220073], [128.79332686959754, 37.531258752752926], [128.79369660214152, 37.529780761532535], [128.79606576680766, 37.52963385868604], [128.7981499077226, 37.52744990529432], [128.79714433024358, 37.52667271471502], [128.79762497019473, 37.52557759340264], [128.79723312327855, 37.52284206088651], [128.79823915005468, 37.521209110302436], [128.79761736628598, 37.51844976681168], [128.8001094308088, 37.516430460374345], [128.80801125535348, 37.51306300699889], [128.80857655472468, 37.51159015444428], [128.8102310393685, 37.510821315126925], [128.81086304007368, 37.51000591014625], [128.8116857652054, 37.509933055090166], [128.81216050048081, 37.507992262691616], [128.8144972683997, 37.506317367658454], [128.8137542261895, 37.50329593331592], [128.81695813867324, 37.50431423744534], [128.82077513315576, 37.507131559376795], [128.83049060668833, 37.510089234813584], [128.83196137775911, 37.512082443074846], [128.83396385069602, 37.513138911354524], [128.83873054826955, 37.51193452945701], [128.8404182987379, 37.512029592867684], [128.84202978498735, 37.51322123829104], [128.8431131712254, 37.512566130911395], [128.8490756224048, 37.51554750698648], [128.84849956944873, 37.5171119402385], [128.8501180426765, 37.51977966365798], [128.84815451631445, 37.5214375926079], [128.8510419244255, 37.523142344117325], [128.85256899225493, 37.5231752831234], [128.85333132070812, 37.52398650427681], [128.85425502948704, 37.52420482762623], [128.85474711964042, 37.52623617594069], [128.8536607950175, 37.527246997416], [128.85359179490203, 37.52930263164124], [128.85589408249342, 37.53301355887859], [128.85543806709245, 37.53398492972629], [128.85528279107092, 37.53366756145849], [128.8555143414331, 37.53729358808808], [128.8567176529442, 37.537246255258076], [128.8595764411635, 37.54092723685213], [128.85933751807676, 37.541770775706695], [128.85992949473476, 37.542416840740344], [128.86010929306494, 37.5439764544176], [128.8598684644736, 37.54509930073606], [128.85916243043488, 37.54571343027435], [128.8591573928745, 37.547775374115716], [128.86089114159367, 37.54901942917663], [128.86202693310565, 37.55362974441891], [128.8617724511244, 37.55447352648893], [128.85918381078912, 37.555903601693764], [128.85942211118862, 37.55940450615327], [128.85879283671966, 37.56122149451294], [128.861274743241, 37.56300103741482], [128.86126828776005, 37.56377954610534], [128.86255009755956, 37.56465288725518], [128.8625663769322, 37.56844809649678], [128.8619466473594, 37.57046341505137], [128.86379348458598, 37.57521562767965], [128.86588487429574, 37.57643171434496], [128.86662961404667, 37.57833821968379], [128.8675398570461, 37.57912025117215], [128.8685572534586, 37.579068410452535], [128.8693762970228, 37.580108611531124], [128.87093087004826, 37.58451792925527], [128.871843146004, 37.58486916817051], [128.87142891286933, 37.585831212242134], [128.8730917365322, 37.58808346552802], [128.87353914630467, 37.58967455765014], [128.87606086158837, 37.58930767800664], [128.8777095341444, 37.58849378794143], [128.8793432051872, 37.59012510295704], [128.88186388564628, 37.59115135405979], [128.88249305693716, 37.59243602914483], [128.88555299964645, 37.59288550523561], [128.88879025023104, 37.59222962531474], [128.89024671920535, 37.58854574494725]]]}}, {"type": "Feature", "properties": {"code": "32560", "name": "철원군"}, "geometry": {"type": "Polygon", "coordinates": [[[127.78726294530966, 38.34346537763739], [127.79046269117416, 38.33446271476381], [127.79733693139474, 38.32305549563474], [127.80561872674846, 38.316906814981074], [127.81444784906041, 38.31143687890652], [127.81908544586307, 38.30776937627663], [127.82117112282019, 38.305384693134194], [127.82173878252769, 38.30378765106713], [127.82681518068354, 38.30450090060091], [127.82935329663003, 38.30530797820125], [127.83303630012537, 38.305428389256434], [127.83946653514182, 38.30769777257616], [127.8496033875361, 38.31424693024431], [127.85119205196823, 38.31462544298483], [127.85259510671537, 38.31441580384765], [127.85485094032944, 38.312930174530024], [127.85795262992805, 38.31173191297206], [127.86546182900476, 38.31420579281666], [127.87363523939563, 38.31615509400009], [127.87486417162742, 38.31689278981352], [127.87945253205326, 38.31216871930821], [127.88254548007205, 38.310438648797316], [127.88846800263086, 38.308765220637085], [127.88702893466208, 38.305817379755], [127.88189219920397, 38.301923697801875], [127.87740140562401, 38.29644590731965], [127.87516842970565, 38.292121882236046], [127.87306425484844, 38.290253589779105], [127.87086958341239, 38.28889190904385], [127.86698987379097, 38.28797429322741], [127.86571158036418, 38.28720864807785], [127.86327187412397, 38.284666681369686], [127.86263130260197, 38.28323980136235], [127.86081368172437, 38.28255451553935], [127.85228413157449, 38.28464671470911], [127.84573701826106, 38.28359083715961], [127.8446192809367, 38.283786602158905], [127.83881673947523, 38.28709675567207], [127.83757163123165, 38.287286184558376], [127.83082278465392, 38.286144349144124], [127.82431464355875, 38.28663974950182], [127.81765195547854, 38.287975834230785], [127.81148338132692, 38.2879572954566], [127.80897732608564, 38.2870829195308], [127.80653679840452, 38.28521313365827], [127.8047331684185, 38.28310566935638], [127.80155519104846, 38.27715082128595], [127.7958362481417, 38.277996277056886], [127.79420671937224, 38.278742684326595], [127.79155137391666, 38.28025976729798], [127.7900080994369, 38.28260525466407], [127.78852883459525, 38.28379277917559], [127.782239979937, 38.28805708761017], [127.77277537479245, 38.285643433378006], [127.76589435250311, 38.28508962559724], [127.76041021420912, 38.28338084732696], [127.75061545296677, 38.28333975804551], [127.74209694496889, 38.280223598457255], [127.7374365075754, 38.27798702793275], [127.73288734252051, 38.278663047359736], [127.7288672610323, 38.276373866555645], [127.7233015203407, 38.27066062046019], [127.721818557726, 38.26635095674968], [127.71935920639496, 38.26357710542108], [127.71532563459606, 38.26079950481061], [127.71221100588885, 38.25932412437546], [127.71225386279016, 38.256917409615944], [127.71378100479143, 38.25163708498032], [127.7130711172083, 38.25041943724923], [127.70994012985534, 38.250680998011376], [127.70463256420986, 38.248108273348485], [127.68964970086833, 38.249383167600335], [127.6862373896966, 38.25145631951971], [127.68278539532861, 38.252328070811956], [127.68099016513439, 38.25330034319056], [127.67817826314128, 38.258028271302415], [127.67513391842405, 38.258777775400624], [127.67466336443341, 38.26041332364007], [127.67197018904281, 38.26385328683148], [127.66567858459082, 38.263194476327435], [127.6598705020833, 38.26382907190728], [127.65736251475082, 38.26281180319319], [127.65461096795981, 38.26238044416115], [127.64813888177196, 38.259832693584855], [127.64695354412538, 38.25982079496893], [127.64525547238938, 38.26173398104712], [127.64252251055525, 38.26183454085059], [127.63979958826542, 38.262549265925784], [127.63785338662122, 38.26152680127408], [127.63597134435128, 38.261178129949144], [127.63302653125399, 38.26206926082898], [127.63079089552392, 38.26350629015465], [127.62707747789452, 38.26385215089116], [127.62466887324155, 38.265050327609615], [127.62274750946155, 38.26741999624517], [127.6196915767028, 38.26946066455296], [127.61994621003596, 38.27233326192783], [127.6193191445437, 38.27345336069459], [127.61831610655035, 38.274147459104455], [127.61453283564553, 38.27503040499688], [127.60944746453401, 38.27940694103057], [127.60788437697113, 38.281664114890255], [127.60740455549046, 38.284729159468334], [127.6036278084277, 38.28312076231754], [127.59943063554175, 38.28284603904502], [127.59733492670165, 38.281585963223854], [127.59397352808901, 38.27792286110044], [127.59397872952597, 38.275813083351764], [127.59630629486011, 38.27123860978135], [127.5985790374533, 38.26989226937173], [127.59752518806805, 38.26695169506827], [127.59786495708506, 38.264909166196105], [127.59700959104248, 38.26308760844768], [127.59733352631434, 38.262656314138134], [127.59111182921586, 38.26037356177265], [127.58925908848072, 38.25743135916587], [127.58731656890961, 38.25714612748778], [127.58476402750482, 38.25783707951027], [127.58207637261951, 38.256448073417516], [127.58106549905565, 38.25694535056615], [127.57899864765527, 38.25616103203234], [127.57855867115026, 38.25382743443646], [127.57664301473216, 38.252391153707656], [127.57007307998083, 38.24897150772544], [127.56941665837816, 38.24761508687167], [127.56914688629142, 38.243001749106966], [127.56651188649558, 38.238286727348864], [127.55873937556066, 38.232542640615165], [127.54315290724732, 38.23093587393962], [127.5401572804197, 38.22634060786386], [127.53907976293459, 38.2220277124038], [127.54043590897803, 38.22048237064304], [127.54005632466985, 38.22039352067231], [127.54039701418998, 38.21961854446621], [127.54223846864646, 38.217704646309855], [127.5424183244663, 38.216806659565606], [127.54036601792558, 38.21517990279193], [127.5367082396724, 38.21061956132386], [127.53162303538562, 38.210600317720626], [127.52694353538563, 38.203575860495526], [127.52498785455032, 38.202131888806825], [127.52450700101227, 38.20061859600778], [127.52051292941785, 38.20005436598651], [127.51705844799719, 38.19902797517837], [127.51511536124198, 38.19962289233205], [127.5085704688903, 38.199152752649745], [127.50480484397265, 38.18626940678069], [127.50378514545191, 38.184860734535846], [127.50473922354253, 38.18052418444761], [127.50389857653019, 38.17742408689367], [127.50481695360295, 38.17484036632383], [127.50422473479189, 38.17350742080436], [127.50242723263644, 38.17170612902895], [127.50096357350543, 38.17096421909275], [127.49877497036081, 38.16793288563101], [127.49712591183186, 38.16727797301825], [127.49557836932675, 38.16514007338594], [127.4950164163061, 38.162747063045806], [127.49193984555527, 38.16062702283437], [127.49069559330859, 38.15919122945378], [127.49228066805836, 38.15582843324851], [127.49360469743405, 38.155275459878496], [127.4951579054801, 38.152965420977026], [127.50010088043882, 38.15134124722476], [127.5022212540531, 38.14931074764406], [127.50280193659022, 38.14848548818628], [127.50217984802391, 38.1467966021392], [127.50226485383601, 38.14509175377384], [127.50039837546089, 38.141686207738566], [127.49817081863091, 38.141712754546745], [127.49596895417055, 38.13806489826147], [127.495998217646, 38.1366794002231], [127.49497875873165, 38.1344130314087], [127.49528749208228, 38.132990871638626], [127.49190848472603, 38.130578774276515], [127.49163246083087, 38.12979183267309], [127.48956643439479, 38.12823978825999], [127.48264765306183, 38.12461432300155], [127.48111407871289, 38.12483460041483], [127.47936206442357, 38.12443164313038], [127.47765928379506, 38.12503936321153], [127.47499410640076, 38.12443030793682], [127.47180514494866, 38.12435212526974], [127.4688550128338, 38.125220729813165], [127.46750926923684, 38.12515140911981], [127.4635569826006, 38.12426273399706], [127.46220903357751, 38.12296025098526], [127.45898931686953, 38.12323952415967], [127.45722667337071, 38.12273222269185], [127.45688973343248, 38.12174766988949], [127.45485163236219, 38.12130313099629], [127.4541737259114, 38.12057311632601], [127.4538398637984, 38.117436956849374], [127.452891247925, 38.1173438033931], [127.449474444167, 38.11780455411382], [127.44591353516401, 38.11711689002381], [127.44723570157313, 38.119925733093226], [127.44528885234539, 38.12168474255566], [127.444542792365, 38.123779746994416], [127.44131699807798, 38.124334961682294], [127.4368437955617, 38.12047781928546], [127.43286437984297, 38.11828931549395], [127.43053202001369, 38.11536578104287], [127.42540823810711, 38.111147361700304], [127.42507203321985, 38.109007700748194], [127.42262189585854, 38.10676545287663], [127.42174296938865, 38.10617738290138], [127.42041534989323, 38.106096546430216], [127.41750034268986, 38.10387568760553], [127.41340849541028, 38.10201259335018], [127.41039594448795, 38.102937067917225], [127.40552360018542, 38.10295391495034], [127.40554198406129, 38.10629290430549], [127.40440051453209, 38.10693696658067], [127.40330575862285, 38.110023070595986], [127.40345199048302, 38.11296110598362], [127.40067167788928, 38.113761212758845], [127.39681444809581, 38.11331509983528], [127.39624508788694, 38.11386187704646], [127.39479275177652, 38.113965070934945], [127.39412271201633, 38.11340062867478], [127.390628852271, 38.11477304889102], [127.38595585803192, 38.11482325910285], [127.3842886004149, 38.1143193293551], [127.383272121418, 38.11708127526964], [127.38174704952134, 38.11687573475624], [127.37861376053984, 38.118428955814814], [127.37705394924104, 38.11776902547634], [127.37221310820307, 38.113741235822616], [127.37183931270073, 38.11050005380935], [127.36995854914183, 38.10924305717648], [127.36677509315851, 38.10819030925972], [127.36664333756565, 38.10724023351546], [127.36594138348428, 38.10692987991913], [127.36220101648412, 38.107089231289606], [127.35633933500934, 38.1059619491912], [127.3537745334365, 38.10413243554495], [127.35208479690417, 38.104990348867375], [127.35067904645602, 38.10410639743237], [127.34813417560447, 38.10482610389678], [127.346546927384, 38.10421137426069], [127.34517849834491, 38.1025893132637], [127.33976510816998, 38.101294914864255], [127.33830643053437, 38.09638485453599], [127.33875341720544, 38.09213020856425], [127.33761766639914, 38.09007292440586], [127.33695825735661, 38.089768598866755], [127.33290550649104, 38.09139607452891], [127.32871996941917, 38.09438105147916], [127.32342440389009, 38.094917239089824], [127.32067032822255, 38.09468376626388], [127.32035824299034, 38.09557559983873], [127.31841164738768, 38.09694196957446], [127.31754660973733, 38.09827590118772], [127.31627297993766, 38.09863776636878], [127.31632511720038, 38.10202138171569], [127.31244353697952, 38.10792464303377], [127.31210831592031, 38.109447497115845], [127.31262205848975, 38.11052468678198], [127.31099014503113, 38.11429131315583], [127.31171931036779, 38.114859327622824], [127.3095282162204, 38.11827567739769], [127.30893871096595, 38.118188189223446], [127.30755257719684, 38.11901943994039], [127.30762751036616, 38.11799364456157], [127.30632319956817, 38.116329958561145], [127.30473552037535, 38.115432377599724], [127.30394428390854, 38.11573668093072], [127.30010778048441, 38.11526697573171], [127.29895395785468, 38.11585339633916], [127.2972653990197, 38.115964992256096], [127.29605450525256, 38.11512065533627], [127.29446279116624, 38.11510321252567], [127.29254592864888, 38.11414616730202], [127.29122290610776, 38.11437037631641], [127.29167181096587, 38.11535175770279], [127.28957317275696, 38.11551847874399], [127.28857192487607, 38.11640147852846], [127.28608680752417, 38.11428840134324], [127.2845578198686, 38.11610206119665], [127.28275119352259, 38.11648806536723], [127.28288371754445, 38.11813930797129], [127.28226944866358, 38.11829847294457], [127.28202638401729, 38.120341437698556], [127.28311577434705, 38.12133105092228], [127.28311103705853, 38.122080934660815], [127.28165807297776, 38.12315828157069], [127.28199473413193, 38.12425291807181], [127.28142072411593, 38.12493667376902], [127.28071902600021, 38.12542667140387], [127.2786696567922, 38.12494512325141], [127.27845573108392, 38.12455107447739], [127.27719841076363, 38.124934746384206], [127.27581333964126, 38.12417576454352], [127.27677896394741, 38.12880157246194], [127.27632246112458, 38.13265339348488], [127.27472485204773, 38.13390077862883], [127.27453578127324, 38.13478392771094], [127.27501129166725, 38.13728193240281], [127.27643626636107, 38.13952223781875], [127.27974482191587, 38.14254301438581], [127.28194671228695, 38.143737638656035], [127.28426383726372, 38.146847892131845], [127.28465965507002, 38.14946060905405], [127.28582066564275, 38.150876742482296], [127.28640534135019, 38.15263901362506], [127.28401316500926, 38.1573524872837], [127.28404713927243, 38.159485499459365], [127.28461187683179, 38.1604487357401], [127.28631645522901, 38.16046976745662], [127.28700020271015, 38.161393975692725], [127.28688601370368, 38.16382799118708], [127.28737112352103, 38.16456180571092], [127.28856900528976, 38.16455888432685], [127.28823831016952, 38.167986501810816], [127.28899572270024, 38.16945678616519], [127.29074322339858, 38.170136731321236], [127.2926975015408, 38.171773947056124], [127.294248763239, 38.171730316937385], [127.2961919004262, 38.172482568557264], [127.29798988547236, 38.17520290695186], [127.2977396118455, 38.17627773808721], [127.293990992881, 38.177275571270904], [127.29072761901209, 38.176942876522276], [127.28914062091262, 38.17753229698054], [127.28825310812965, 38.17685033783958], [127.28765158501993, 38.1781239712257], [127.28635623360825, 38.17897855242616], [127.28611198348844, 38.18028120216906], [127.28443676245656, 38.18047180720844], [127.28357177504473, 38.18285026680371], [127.28212900732949, 38.18239938032812], [127.27950373351986, 38.182604583663114], [127.27847540996751, 38.18207699891882], [127.27625953951745, 38.18240129092447], [127.27452418762186, 38.18108751732924], [127.2705460568562, 38.18204681507184], [127.26839824002369, 38.18025319915874], [127.26668215521372, 38.180602365176014], [127.26467658708673, 38.17852478063559], [127.26482951063, 38.177643455630616], [127.26647404963686, 38.175847436552615], [127.26448026834602, 38.171744413044166], [127.26324475781544, 38.170737452546376], [127.2617718202656, 38.170249378603906], [127.26011336470063, 38.17037547430239], [127.25882546544129, 38.16953650681466], [127.25853753764609, 38.16800498620851], [127.25646359089214, 38.16510412369625], [127.2565366379486, 38.16356794112035], [127.25605025256517, 38.16299107166212], [127.2526745339057, 38.16244689997584], [127.24952165724494, 38.16081009806553], [127.24843243334354, 38.160752834423306], [127.24759735653696, 38.15967917030893], [127.24398956804035, 38.157497982654334], [127.2419126110723, 38.157531099050246], [127.23939219997008, 38.15660391039256], [127.23887232669746, 38.15537914050302], [127.23721114611104, 38.15428852739917], [127.23840819503194, 38.15349101584891], [127.23720662999654, 38.15295220576579], [127.23776215591683, 38.15120878883699], [127.23634093474767, 38.15014885822238], [127.23457779455613, 38.14705985942944], [127.23278919167204, 38.14685790795114], [127.23148171382405, 38.147269690250404], [127.23126213376297, 38.147826451010545], [127.22846758918034, 38.14755880323552], [127.22634348462903, 38.14837479435302], [127.22490248332187, 38.147952030103774], [127.2238070254707, 38.14703425555898], [127.22435712368969, 38.143626045399955], [127.22357434857489, 38.14322710654584], [127.22437060812116, 38.14166835154838], [127.22413639944135, 38.140730391584334], [127.22218687396828, 38.139481956312274], [127.22279990991677, 38.138321941096784], [127.22204167873006, 38.13743217138368], [127.21919295895239, 38.13906460641565], [127.2169690335681, 38.14127428664525], [127.21244862785585, 38.14349087899415], [127.21257832931396, 38.146013213608676], [127.21132970820193, 38.146946365642094], [127.20963382377984, 38.14670733763362], [127.20826315762106, 38.1471843549887], [127.20336579412188, 38.152158884460434], [127.2029681393743, 38.15347724472029], [127.20055322287584, 38.15406752018821], [127.19848340552775, 38.155977486721774], [127.19521383884056, 38.15663648874118], [127.19475397048714, 38.15753712326445], [127.19082871236303, 38.15972089127053], [127.18978506384843, 38.16115517301624], [127.18923719036341, 38.16124430144928], [127.18761824957635, 38.166971849941746], [127.18754427271179, 38.16913334020664], [127.18646766535252, 38.1707842715324], [127.18695019881615, 38.17205937509109], [127.18585647678947, 38.17387970378053], [127.18680787191107, 38.17723595890635], [127.18900932361171, 38.18108439178021], [127.18898465969382, 38.183706036039275], [127.18843988709087, 38.18416767472296], [127.18929728745252, 38.186523013145774], [127.18922517225069, 38.18832122773493], [127.18831998632649, 38.18776282083053], [127.18534491138219, 38.18755834693617], [127.18496623886558, 38.186643119799356], [127.18334051083902, 38.185896844649534], [127.1805487438906, 38.186130717994175], [127.17913830266586, 38.18741378302784], [127.17556155266755, 38.19123950277132], [127.17259637704396, 38.19537044799647], [127.1697001196123, 38.19765158635768], [127.16961660198835, 38.19812405114333], [127.17345589847703, 38.201672557108814], [127.1751351421328, 38.205484036752445], [127.17211607127612, 38.209690523108854], [127.17204889224979, 38.211958651403414], [127.17116632752473, 38.21349263822819], [127.16643154700496, 38.215396221782996], [127.16470078001612, 38.215661086627875], [127.15971372611057, 38.21954632207774], [127.1605527823886, 38.22022115867315], [127.16179884605188, 38.22275076519673], [127.16184200385571, 38.22363143343334], [127.1600687083243, 38.22600416318054], [127.1607642683295, 38.228352740084176], [127.16191790427081, 38.23007804832485], [127.16222203514188, 38.23194724200936], [127.1629112565179, 38.23244093580558], [127.16149246369731, 38.23476686149877], [127.16329360224778, 38.23848137245541], [127.15901772696965, 38.23921266706908], [127.15778615752784, 38.238922752079], [127.1538594563772, 38.240306012475074], [127.15324378957163, 38.24186661037463], [127.14892257276715, 38.2423437557247], [127.14734021651877, 38.241652168261886], [127.14729340545847, 38.24006124752682], [127.14634082490903, 38.239330755776514], [127.14472857384631, 38.2390755124009], [127.1432330079211, 38.237676083595694], [127.14299962860369, 38.236654499933685], [127.14206987747795, 38.23735475818426], [127.14001383679977, 38.237714788308175], [127.13894749459108, 38.236584855721674], [127.13724074637146, 38.236090715765364], [127.13507867568191, 38.236500781914856], [127.1350947653532, 38.234125390612405], [127.1345258923987, 38.233650433918235], [127.1325874262684, 38.23355361534803], [127.13115662581487, 38.23275353341578], [127.1295512195126, 38.23354664050631], [127.12795898502947, 38.23348501674169], [127.12670142942406, 38.23409028123385], [127.12304884119513, 38.23280388122177], [127.12083024148548, 38.233886633279454], [127.12071622638409, 38.234590356919405], [127.11679951843509, 38.23699683057998], [127.11441698473338, 38.23635098504839], [127.11356975732228, 38.236818059361184], [127.11234562207278, 38.23814088231419], [127.11249019729253, 38.23933913871358], [127.11188292388997, 38.24044231121008], [127.10990029430381, 38.24184015563495], [127.10962593647817, 38.244772846860684], [127.11156581427664, 38.247387678523225], [127.11027252952644, 38.25126922082206], [127.11096959624459, 38.252209060587646], [127.1102529753223, 38.252898440694615], [127.10806931781602, 38.25829864351571], [127.10800377477393, 38.2611277132264], [127.10919128595941, 38.26324151145173], [127.10933324235147, 38.26575961215225], [127.10907991049238, 38.26732953053853], [127.1080933210881, 38.26841237721264], [127.1093385661634, 38.2693631275295], [127.1105457314504, 38.26936201229616], [127.11072945835211, 38.27097526391377], [127.10965293912524, 38.27165439025723], [127.10362952303207, 38.27259578687947], [127.10140474272693, 38.27367876679511], [127.10081381430459, 38.274586400163464], [127.10101697962497, 38.275598552999995], [127.1036367232328, 38.277737060538385], [127.10451534428766, 38.279113411136], [127.10364071828724, 38.280589453593585], [127.10060060617027, 38.28104028511755], [127.09503732094342, 38.28108076551535], [127.09658546356316, 38.28577439047287], [127.09745910377629, 38.28528203409077], [127.09782663500297, 38.28600682510333], [127.09872641721115, 38.28549999476146], [127.10055698547815, 38.28595100293129], [127.10268633622407, 38.287320077564125], [127.10330599944753, 38.288284481365146], [127.10448510498179, 38.28832677946075], [127.10390730092924, 38.28841487668558], [127.10370627964569, 38.28900175259236], [127.10531709584023, 38.289871164059186], [127.10550597519439, 38.290963669103846], [127.1076482870116, 38.291561093526454], [127.10723438155533, 38.29193926134073], [127.10871768147463, 38.292654137338374], [127.10798101295724, 38.293319035441996], [127.10887387769793, 38.293386138827685], [127.11106521547774, 38.29566127434578], [127.11987100268284, 38.298889089821394], [127.1235079070255, 38.29922639105213], [127.1260300117089, 38.29878929643248], [127.12746915734809, 38.29898165405429], [127.12785546174521, 38.299469937036314], [127.12707873839234, 38.30101441175385], [127.12878658078307, 38.30090048458818], [127.12956443347386, 38.30532609272082], [127.132184867965, 38.31180102714412], [127.13201084098618, 38.31422389094713], [127.13341249784699, 38.31331379612511], [127.13404762429946, 38.314144081459474], [127.13658487590105, 38.315069654925296], [127.13900394135457, 38.31495135095426], [127.1392331464837, 38.315944680712406], [127.13984514066743, 38.315739886112205], [127.142620306129, 38.31366513514018], [127.14305684418326, 38.312774639164736], [127.14382950023622, 38.3126378114963], [127.14363908068914, 38.31229838753193], [127.14749142291264, 38.310621468268344], [127.15231607774612, 38.304443227253095], [127.15576421693126, 38.30374850655392], [127.15654905593956, 38.304810738481066], [127.15731581458896, 38.30424566153672], [127.15754016480881, 38.30456438933498], [127.15697651212994, 38.30476217051391], [127.15781605481878, 38.30568624600991], [127.15855029445562, 38.304758077647435], [127.15894792727055, 38.305316276010004], [127.15973670444241, 38.30500727947626], [127.16120067090533, 38.30345966798329], [127.16234577410323, 38.30322747208559], [127.16255321458758, 38.30357422253568], [127.16123395387058, 38.30396653653767], [127.1598071961968, 38.30530041555465], [127.16043487499793, 38.30572188995973], [127.16179236250419, 38.305586478260835], [127.16174971670428, 38.30648886890288], [127.16288161448118, 38.30624181171999], [127.16371900623048, 38.30692039524783], [127.16399171053318, 38.30662419856852], [127.16477889913364, 38.30691401276894], [127.16499752053369, 38.306159620541685], [127.16581963855536, 38.306235549886516], [127.16626794046635, 38.306804588886166], [127.16519909992321, 38.30686980299535], [127.16516549742961, 38.3072596101856], [127.1669377148685, 38.30881641969846], [127.16668182381072, 38.307868014804036], [127.16787191173059, 38.30781177706581], [127.16984347681853, 38.30838047838918], [127.16979530751046, 38.308978296867224], [127.17053596748242, 38.30858227878314], [127.17124718343521, 38.30952296328316], [127.17197853490018, 38.309537363098514], [127.17212148042316, 38.309028888972385], [127.17658272047207, 38.310380854104764], [127.17695648238607, 38.30987849161423], [127.17744161011679, 38.31164524721965], [127.17820116450937, 38.31054183604883], [127.17824157514323, 38.31106179590348], [127.17878312342285, 38.310712429655936], [127.18047529178828, 38.311811530191505], [127.1808026522854, 38.31153816549508], [127.18091145988294, 38.31222182221842], [127.18248815450595, 38.31169844704321], [127.18240713676985, 38.31221865345157], [127.18313448334168, 38.31195468118989], [127.18534034045514, 38.312820866069764], [127.18593020350215, 38.31213023427284], [127.1879571487322, 38.3134833473748], [127.18977664485406, 38.31345050543989], [127.19030867725225, 38.314459411401394], [127.19318783464071, 38.31420869716738], [127.19590267712134, 38.31621208422037], [127.19632873749418, 38.31614491202614], [127.19585599018906, 38.31547639217611], [127.19636880396219, 38.31512675324268], [127.1969961273662, 38.31521367046974], [127.19704281009858, 38.3161317943906], [127.19751842269746, 38.3163218962084], [127.1997248504947, 38.31596400492051], [127.20033970645393, 38.317598368957185], [127.20080954298406, 38.31683514069751], [127.20229654806722, 38.31782212934544], [127.202733162096, 38.31752393907199], [127.20328507767188, 38.31794892484785], [127.20385702248453, 38.31750514324464], [127.20401712973664, 38.31847866481017], [127.20498367913625, 38.318495575558096], [127.2055338587308, 38.31757757065156], [127.20744188124866, 38.31866501003391], [127.20559085708184, 38.31917168064731], [127.20674654849272, 38.31999015750936], [127.20709528849483, 38.31938054376246], [127.20882518357078, 38.319056300964725], [127.20841957333609, 38.320134657568296], [127.20961870682063, 38.32059634725675], [127.20979799644412, 38.31950036548757], [127.2109206574619, 38.31958287663759], [127.21034315424625, 38.31912275770428], [127.2106862806638, 38.31900313514755], [127.21265820817997, 38.31952881172003], [127.21288338239152, 38.32004694511616], [127.21422592551477, 38.31977962797407], [127.21392354925838, 38.32037147026135], [127.21572120466683, 38.32031169179282], [127.21564521758542, 38.31945698688079], [127.2162282311053, 38.32019027548504], [127.21502608576905, 38.320913236062246], [127.21575592324784, 38.321226063930474], [127.21580328377625, 38.320856748610986], [127.21642426433792, 38.320899949192984], [127.21623358700708, 38.32137065436946], [127.21630438424049, 38.321877878322745], [127.2173702660071, 38.31988303042661], [127.21757227100308, 38.32080909401478], [127.2165477242275, 38.321856307013896], [127.21787584975334, 38.32245452894519], [127.21779258471615, 38.32330093157621], [127.21877900962927, 38.323999085194565], [127.21851907222215, 38.32534450134402], [127.2191695834074, 38.32640046606826], [127.22122843809125, 38.326441924737416], [127.2226562764313, 38.32537972097183], [127.22284354742183, 38.32586274566917], [127.22331602443937, 38.325825719050734], [127.2225965447431, 38.326718578727665], [127.22371627837214, 38.328046038658414], [127.22436641114851, 38.32842765608904], [127.22677874051618, 38.32843257061403], [127.22747048003129, 38.32968889300716], [127.22805643912675, 38.32919042892837], [127.22853339755196, 38.33026542075755], [127.22926333874679, 38.33004100574328], [127.230102641744, 38.33060899446022], [127.2315823554096, 38.33074971722517], [127.23223926351419, 38.33018341076237], [127.2321525360521, 38.33067451840319], [127.23322480123663, 38.33071771086763], [127.23327421745668, 38.33138549733328], [127.23370463023507, 38.33097559795612], [127.23447556773614, 38.33110264304628], [127.23376147058215, 38.3305817873645], [127.23469346402423, 38.33100402354383], [127.23487117494554, 38.33160132355212], [127.23526816810345, 38.33120539677381], [127.23443797493897, 38.330066970053906], [127.23482780147582, 38.33012021035541], [127.24013797341149, 38.332567210420684], [127.24236390707483, 38.33313456699204], [127.243512279666, 38.33135097878383], [127.24402780152137, 38.33188135643761], [127.2447070835672, 38.33140225247533], [127.24503572108335, 38.33246078693457], [127.24587748377492, 38.331483189322896], [127.24534733846562, 38.33112797945905], [127.2454148001178, 38.33030766133832], [127.24669322777336, 38.33013451699362], [127.24695384524303, 38.329300712359185], [127.24744353696614, 38.330020187351366], [127.24827744868902, 38.32993398514307], [127.24855041268405, 38.32819692198007], [127.25167780381138, 38.32890176309262], [127.25193861020682, 38.32920012530284], [127.25120772519813, 38.32968395474439], [127.2527725227039, 38.330034167988124], [127.25310330974119, 38.32914981368773], [127.25261746387943, 38.32885060649241], [127.25325039001953, 38.327928452513746], [127.25386858657687, 38.32799563375723], [127.25346709616656, 38.327177230957886], [127.25399766191325, 38.32676145585067], [127.25485090966245, 38.32752019379995], [127.25538828405308, 38.32716845598848], [127.25605676248689, 38.328162251566106], [127.25797628251836, 38.32792170994756], [127.25732012079435, 38.32726669897614], [127.25774459201295, 38.326644963561726], [127.25974786075625, 38.32773318142061], [127.26049382573142, 38.327273860989536], [127.2607490665096, 38.32793319395813], [127.2612802487019, 38.32758080366988], [127.26100368022978, 38.3268938108212], [127.26157116374716, 38.326780450938344], [127.26144452114967, 38.32715596094781], [127.26249569630903, 38.328041359625566], [127.26343099640069, 38.32752090510924], [127.26329751144783, 38.327006375042565], [127.26375952998619, 38.327647536933746], [127.26383137732626, 38.32731877848665], [127.27005249089264, 38.32674167501877], [127.27187133352449, 38.328016605117604], [127.27251539268173, 38.32752841361727], [127.27210570692448, 38.32730779191617], [127.27315043868568, 38.32653900817914], [127.27351036358952, 38.32676448878779], [127.27406606266251, 38.32546830930563], [127.27433078587991, 38.325805790143484], [127.27591500757197, 38.32569555098946], [127.2786571750521, 38.32724799481208], [127.27870829371813, 38.32524217106222], [127.28115587768002, 38.324944019498474], [127.28263253901598, 38.32606342150804], [127.28359402093676, 38.32589200491242], [127.2840159965235, 38.3269204287238], [127.28545860258585, 38.32645302661846], [127.28623842794089, 38.32540568658356], [127.28675587171543, 38.325864987574406], [127.28778482949333, 38.325520981974556], [127.28790845286696, 38.32372177092476], [127.29161360854154, 38.32250183526985], [127.29743390800238, 38.316516164369915], [127.29800191925702, 38.31812561739406], [127.29863199673851, 38.316099969027086], [127.29767258010287, 38.31337850465055], [127.2993012453543, 38.31438103060465], [127.29992374329655, 38.31356597399772], [127.29950249928943, 38.31291342530005], [127.30239068249863, 38.31385137360957], [127.30638481568559, 38.3173636445232], [127.30943661128974, 38.31718255250403], [127.31244335333228, 38.31757597844803], [127.31492442459856, 38.31873711882683], [127.32292017604891, 38.31968179356552], [127.32415161669843, 38.318548523748944], [127.32477009122958, 38.3187674016229], [127.32398434223748, 38.320526762899554], [127.32576936040103, 38.318824110998804], [127.3284260033222, 38.31829517619471], [127.32973619172456, 38.319402580646475], [127.33252464505733, 38.3202640655496], [127.3370641535233, 38.32375497084507], [127.33790818981407, 38.324018878637695], [127.33807008758426, 38.32374511649666], [127.33894918830676, 38.32499108433585], [127.33934054078811, 38.324480317409325], [127.3397748497169, 38.3246187001836], [127.34477940426245, 38.32737818913816], [127.34396090135382, 38.32769616141149], [127.34436017718336, 38.32865796219424], [127.34821342528014, 38.32850343175851], [127.3478657213653, 38.3279474811069], [127.3488459399331, 38.32752674339745], [127.34890766751377, 38.32692204114106], [127.35058511624382, 38.326926349477546], [127.35110887113612, 38.32786013489503], [127.35170771455248, 38.32796370331295], [127.35530407964482, 38.32758442078556], [127.36196139424307, 38.32406129227377], [127.36383304441655, 38.32612795641652], [127.36356386407451, 38.326727790487794], [127.36545628808862, 38.32703959734499], [127.3656654156487, 38.327752318807164], [127.36935185704944, 38.32881842389004], [127.37067941877582, 38.33095796510795], [127.37025775122294, 38.331832679471454], [127.37110582641549, 38.33227567922978], [127.37182762307691, 38.3317699797089], [127.37213451399454, 38.331986300091344], [127.3727035133769, 38.331117703390795], [127.37439498792571, 38.331663812084294], [127.37545312126552, 38.33274693492334], [127.37546623051233, 38.33350680084437], [127.37667714887507, 38.33415640410924], [127.37648537256884, 38.33445680665069], [127.37834482686164, 38.33489634096437], [127.37869023073891, 38.335734093001655], [127.37949855168603, 38.33564365436485], [127.37995566627401, 38.336512929049555], [127.3809464463189, 38.33640325621342], [127.3807652862809, 38.337145030555824], [127.38127471097367, 38.337161785883836], [127.38204935644896, 38.33704270112923], [127.38220611745942, 38.33594462293158], [127.38298077947262, 38.33619468264502], [127.38395439127855, 38.3357266476839], [127.38403948805804, 38.33520052784848], [127.38295841181787, 38.335436614705216], [127.38372484522671, 38.334338468698235], [127.38687100037463, 38.334962779981616], [127.38714818319968, 38.335350710966544], [127.38819761543223, 38.334404796060205], [127.38851263934768, 38.335155982303625], [127.38990820945597, 38.33306702643044], [127.39147375395348, 38.33282847317091], [127.39282951205979, 38.33343746459783], [127.3936827753898, 38.33269822174118], [127.39595703541885, 38.332748007173485], [127.39551970261373, 38.33160470911167], [127.39682199723006, 38.33200124983625], [127.39819022989697, 38.33354821915433], [127.39890932514454, 38.33311637834488], [127.40017842251642, 38.33381451199773], [127.4000120377377, 38.332741054795825], [127.40141088821957, 38.33407715156897], [127.4031190183196, 38.33151438207077], [127.40446920550063, 38.332258360825094], [127.40629302465155, 38.33221799313373], [127.4067481377985, 38.33255548761216], [127.40868077235754, 38.331396787954645], [127.40940617152022, 38.33195686476063], [127.40997305432646, 38.331544207704155], [127.4094831219586, 38.3304053622864], [127.41222305763038, 38.329144829781676], [127.41374094488948, 38.329194622884245], [127.41407120064616, 38.32845737948999], [127.41713848746735, 38.32832779121541], [127.41711903103422, 38.32929802815752], [127.418470434088, 38.32848215885721], [127.42204374423723, 38.32789468580096], [127.42293036482728, 38.32811444055783], [127.42755342649228, 38.32679950126726], [127.42725465250727, 38.326260699500814], [127.42806553961216, 38.32602960087357], [127.43206054988654, 38.321605553418095], [127.43307612913235, 38.32131992135606], [127.43322598796848, 38.32211070099281], [127.43417959395673, 38.320937403223624], [127.43549665229331, 38.32156147968289], [127.4361950344238, 38.32058798481571], [127.43555289762323, 38.319355068194774], [127.43722478302107, 38.319882360762364], [127.43833088742689, 38.3189954723463], [127.43840647647158, 38.319451579551064], [127.43970279688098, 38.319965361897296], [127.43968844221418, 38.31902372197125], [127.44018795548601, 38.318708103656085], [127.43961196518187, 38.31833814294461], [127.44031263490771, 38.31821169158109], [127.44144742748378, 38.31859409409312], [127.44335702625375, 38.318174121659794], [127.44517519124985, 38.319020360361776], [127.44551967724857, 38.31871063461316], [127.4440085414971, 38.31709009189748], [127.44490993652325, 38.31768715293335], [127.44546076764811, 38.31731557811354], [127.44520314684479, 38.31682637430827], [127.44579065771408, 38.31673139692643], [127.44898335506721, 38.3170671768708], [127.450532442869, 38.31661056324538], [127.45391945572597, 38.31821251722905], [127.45350000486738, 38.32002083023656], [127.45111056713668, 38.322179595030434], [127.45068729070148, 38.3243709924556], [127.45156065209825, 38.326539964816966], [127.45336933447881, 38.32710819585385], [127.45455420307799, 38.32712052667245], [127.45573126094978, 38.32630786399346], [127.45702266889916, 38.32679732273355], [127.45821855276785, 38.32665040576374], [127.46203420503306, 38.32177951977857], [127.46438877774173, 38.32095988788559], [127.46476483675146, 38.31863516257521], [127.46581569030187, 38.31798935584803], [127.4653465903032, 38.316918702350186], [127.46820593214636, 38.31831291212564], [127.46842281432357, 38.31757243715544], [127.47083740757405, 38.31658491264953], [127.47509035532484, 38.31644030281112], [127.47623056481909, 38.315730478379045], [127.47701644141836, 38.31330255312703], [127.47903252325695, 38.312051446515355], [127.47918729664248, 38.310798497036586], [127.48162291422669, 38.30679714570281], [127.48344361284704, 38.30620214410133], [127.48738707514343, 38.307146293310886], [127.48833494917139, 38.306924036783016], [127.48874634000911, 38.30602381646899], [127.48981293097106, 38.30588016749666], [127.4895625352442, 38.30530940451954], [127.49121581291382, 38.3049193287601], [127.49110518830584, 38.30426295945897], [127.4915259325393, 38.30431467870698], [127.49199364939591, 38.30318900282988], [127.49344789876557, 38.30337270698189], [127.4944434047325, 38.30186198232848], [127.49366629988084, 38.30164004415697], [127.4959824308003, 38.300653884740484], [127.49647233792177, 38.3009990624244], [127.4967563810317, 38.3006521134155], [127.49707708036283, 38.30093607490572], [127.49796789275884, 38.3006651383951], [127.4979107407998, 38.30019996581563], [127.49656996628215, 38.29955231304248], [127.50015094321837, 38.30078465901679], [127.50052274471348, 38.3007830771677], [127.49987584697398, 38.30032928580477], [127.50120570550133, 38.30078017193399], [127.50432420014323, 38.30063385360965], [127.51461471458386, 38.30388784042892], [127.51574382447534, 38.30467938059138], [127.51734091680308, 38.30740418950956], [127.51949876867845, 38.3083894820554], [127.52393953097875, 38.30904681559872], [127.5268534412739, 38.31126726385785], [127.52841216288219, 38.31188685205937], [127.5302420787759, 38.313878575225026], [127.53243779812911, 38.314703778243405], [127.53267619397926, 38.315933819252514], [127.53507713724456, 38.31613465961727], [127.53528857799347, 38.3169266755197], [127.53824764398115, 38.3177290602322], [127.53880935886329, 38.3185816407835], [127.540067926071, 38.31881247963168], [127.54049802884525, 38.31935561072704], [127.5401171843406, 38.31957548394007], [127.54076231025915, 38.31998526838142], [127.54133087952934, 38.31963026354329], [127.54156054577165, 38.32030054867514], [127.54247493839993, 38.32017508564438], [127.54349748013462, 38.32074774853693], [127.54487668383246, 38.322371424703796], [127.54565073167699, 38.322480235551666], [127.54539090498818, 38.32407751879078], [127.54642004407177, 38.324328506096485], [127.54719119742931, 38.32546381837432], [127.54971917884615, 38.32596506377159], [127.54981674211541, 38.32697364298153], [127.55067084952447, 38.327495884294834], [127.55382693140612, 38.32719530462539], [127.55819217029283, 38.32800612902449], [127.5628632639838, 38.32992154654193], [127.56364945548485, 38.32957800454558], [127.56457184205205, 38.33041759577768], [127.56568021164993, 38.33014965838479], [127.56722006220816, 38.33087346321209], [127.57057350540939, 38.33127979052177], [127.57393966355806, 38.33446079411717], [127.57783549411184, 38.33665536305646], [127.57893616254941, 38.33521078893723], [127.57892040449059, 38.33576992411126], [127.58005897479111, 38.33592539644577], [127.58122718072867, 38.335143969488364], [127.58297906748975, 38.33526823685454], [127.58393661748245, 38.33667031089634], [127.58620531333335, 38.336247549134825], [127.58800425633088, 38.337121100571686], [127.59065201259689, 38.336051897287376], [127.59161327253638, 38.33687789195988], [127.59255952023813, 38.33583785212989], [127.59430877242464, 38.33592512771493], [127.59482461511456, 38.33429436111488], [127.5965175476951, 38.33498397746031], [127.59792829822076, 38.33467479718663], [127.59954774843135, 38.33359137822928], [127.5999993282315, 38.33618584618381], [127.6005956025308, 38.336310109027146], [127.60914018855816, 38.33677294081441], [127.60947718784335, 38.335900208618405], [127.61221774716984, 38.335560796844526], [127.61281678852706, 38.336004265654196], [127.61311940472005, 38.33408505990351], [127.61507082687467, 38.333882174521015], [127.61506076148534, 38.33350380312483], [127.6154410319063, 38.33406903933235], [127.61538958880467, 38.332969449492865], [127.61585550423975, 38.33267268100922], [127.61522967543739, 38.33182458508184], [127.6157737175292, 38.33148396872783], [127.61559886069924, 38.330888993860455], [127.61669362308015, 38.33040366693394], [127.61717996010131, 38.329616582611536], [127.61732846854875, 38.328542708884484], [127.61599251744772, 38.326478343437785], [127.61745477238489, 38.3262294583363], [127.61837014435682, 38.32520611797364], [127.6193947253129, 38.324904948665385], [127.62495633814744, 38.325000973704455], [127.62615544506698, 38.32571993719261], [127.62774293146043, 38.325189468969434], [127.62975692365995, 38.32551140692554], [127.63066307983951, 38.32448150450086], [127.63351512015345, 38.32278589967595], [127.63422348726252, 38.3253623155104], [127.65293608920662, 38.32546169986658], [127.65593185266385, 38.323881440922186], [127.65820654520455, 38.323531222881314], [127.66144065547168, 38.32527205043029], [127.66296277274404, 38.32519094730788], [127.66254551842118, 38.32607672692549], [127.66361967932633, 38.32703973111002], [127.66677692465908, 38.325234518550324], [127.66873402860169, 38.32285004139946], [127.66954846170677, 38.32262659153179], [127.67063456578906, 38.32338038485977], [127.67877065704916, 38.32444130575159], [127.68236837350648, 38.32578220254421], [127.68296803566929, 38.32448896319453], [127.68501278255557, 38.32346912546618], [127.6845949085958, 38.324388811618675], [127.69141973685593, 38.32544313962866], [127.69301725531164, 38.32709596164765], [127.69619161473105, 38.33359061558703], [127.69866176075004, 38.33550668756393], [127.70040611146851, 38.33615796737534], [127.70212373202683, 38.33622524765648], [127.70647311106664, 38.334657498038865], [127.71002403667352, 38.33492770666876], [127.70950747260154, 38.334465282982016], [127.7099115547822, 38.33398085201449], [127.71085103528134, 38.33455306192057], [127.7119113020386, 38.33453360741926], [127.7126432250105, 38.33388671022618], [127.71400698514033, 38.33430990553011], [127.71434820879254, 38.329788219300234], [127.71507552498977, 38.329316308257226], [127.71595402294979, 38.329474041823296], [127.72330279373365, 38.33332337676212], [127.72981062087214, 38.33561799669412], [127.73573054573126, 38.34020280942894], [127.7410508548493, 38.340715686212626], [127.74559471670065, 38.34292122839423], [127.7460829864852, 38.34213610119619], [127.74439209946829, 38.34145930352788], [127.7447085064231, 38.34056959819974], [127.74382016442036, 38.3401300701147], [127.74432688897737, 38.33967247827497], [127.74389968624008, 38.3397247776307], [127.74530784017999, 38.33889169956442], [127.74687998067647, 38.33679578979757], [127.75104470178832, 38.33387223290639], [127.75400240749413, 38.334087631658456], [127.75481899613631, 38.335267017108336], [127.75742927202315, 38.335915386870944], [127.75840159208464, 38.33643354478003], [127.75861773134292, 38.33730288549477], [127.7608716987099, 38.338164283815225], [127.76237056282592, 38.33746181539016], [127.76312376835494, 38.33771051643338], [127.76503150595207, 38.336171612308114], [127.76716599939425, 38.336413960159064], [127.76820509956522, 38.33597542261159], [127.76816849142392, 38.335155293174935], [127.76934001228666, 38.33523809074051], [127.77045807239473, 38.336199056117394], [127.77180198670881, 38.33638064120198], [127.77238774618463, 38.33688629401705], [127.77121890579473, 38.33798357721709], [127.77253666257147, 38.33866782793634], [127.7721552606122, 38.34065598995331], [127.77550637636473, 38.34164024284643], [127.77857559243276, 38.34675352935911], [127.78045880982341, 38.34861578269005], [127.78139301465379, 38.3489325886246], [127.78366860905678, 38.348537410605125], [127.78539707006065, 38.346935990417435], [127.78726294530966, 38.34346537763739]]]}}, {"type": "Feature", "properties": {"code": "32570", "name": "화천군"}, "geometry": {"type": "Polygon", "coordinates": [[[127.81765195547854, 38.287975834230785], [127.82431464355875, 38.28663974950182], [127.83082278465392, 38.286144349144124], [127.83757163123165, 38.287286184558376], [127.83881673947523, 38.28709675567207], [127.8446192809367, 38.283786602158905], [127.84573701826106, 38.28359083715961], [127.85228413157449, 38.28464671470911], [127.85444731226102, 38.28434311404167], [127.85969742401444, 38.282562685379], [127.86213984618811, 38.2828594188264], [127.86260414413472, 38.283265425603176], [127.8633387292521, 38.28256175944883], [127.86235041025775, 38.280892776874175], [127.86379793739869, 38.277966774886174], [127.8638015321996, 38.27665896810095], [127.86010326684992, 38.27280203020399], [127.8587343989113, 38.267400286827716], [127.85955118935777, 38.26618002584048], [127.85949809575804, 38.26517994989759], [127.85853765665902, 38.263413845912105], [127.85587857058502, 38.26134734339592], [127.85339602751577, 38.25806307997266], [127.85350402567784, 38.25651899893098], [127.85537861928907, 38.254001660841524], [127.85527805782733, 38.25266845508892], [127.85437330191364, 38.252051378637525], [127.85411718612856, 38.25111585767809], [127.85383615760436, 38.24568650739148], [127.8561113715093, 38.24500164925085], [127.85797213441421, 38.23960757815241], [127.85815425078022, 38.23520637797188], [127.85806741198002, 38.23411857310173], [127.8562337387582, 38.23238628580218], [127.85266001087845, 38.23005978383454], [127.85176322370732, 38.21837323466052], [127.85433588863495, 38.21378031476592], [127.85260352867218, 38.212009785331944], [127.85174537581308, 38.2089015665877], [127.85252595962291, 38.20842322709806], [127.85325132111609, 38.206767030210905], [127.856744344794, 38.20601080993138], [127.85697614972653, 38.2048182010585], [127.85855998737306, 38.203325852272485], [127.86054894575042, 38.203391627932795], [127.86763648885517, 38.205194755353816], [127.87216155483105, 38.20143401500206], [127.87551668993387, 38.19984062593543], [127.87815539903299, 38.19767288352129], [127.87816947597275, 38.196680979089436], [127.87668029228996, 38.19479777337719], [127.87648411447776, 38.192978590951014], [127.87529655805179, 38.19123795980365], [127.87574493917108, 38.18827993041992], [127.8774117217161, 38.18619978944376], [127.87729886081249, 38.181557601171164], [127.87942974049024, 38.177885045279545], [127.87896755361773, 38.17676171094735], [127.87905858623076, 38.174184389716686], [127.88124691428057, 38.169493185012094], [127.88027857099131, 38.16559516968442], [127.8770121986226, 38.16220558706845], [127.87554281413878, 38.158956427362796], [127.87538520697557, 38.156764588313905], [127.87767853600077, 38.15316036994597], [127.87552184297684, 38.14590692895767], [127.8760016328483, 38.144873659730436], [127.87389996099328, 38.14138287347849], [127.87380810200784, 38.13920223891525], [127.87578931028054, 38.136225432748596], [127.8757531151567, 38.13495924935318], [127.87688377662212, 38.13376279986674], [127.87671954781901, 38.132809618097376], [127.87579876280783, 38.13187194225789], [127.8759108040545, 38.12933804056703], [127.87504604286717, 38.12711257747924], [127.87582603263712, 38.12605170572869], [127.87530270612297, 38.124781073103236], [127.87661783767726, 38.1223787434313], [127.8761983145038, 38.11910858106734], [127.88204958973084, 38.1187263237576], [127.88636257141212, 38.11670341246918], [127.88783066025387, 38.115302083562426], [127.8864769438755, 38.11314754897133], [127.88700296529615, 38.11172630633456], [127.88401061871915, 38.10945236147639], [127.88546844468236, 38.10708450340129], [127.88634751211117, 38.10351890840853], [127.88557973082708, 38.103201298649], [127.8849932929572, 38.10203859051194], [127.88691063119657, 38.10127093464849], [127.88762842098534, 38.10032577972873], [127.88735515344403, 38.097943865899566], [127.8882555268274, 38.09351213506046], [127.8894819612669, 38.09237678264805], [127.89670504559511, 38.09114515225115], [127.90110583566764, 38.09088401982295], [127.90140899450243, 38.09053642805377], [127.90351512814401, 38.087089561234926], [127.90379880776922, 38.08470684016201], [127.90519407524323, 38.08396088336303], [127.90623584171526, 38.08163641194634], [127.90776257573214, 38.08043127742273], [127.90701687051796, 38.078089398854175], [127.90585238879655, 38.07730647881632], [127.90607987512163, 38.077030446157075], [127.90431956293676, 38.07489563419182], [127.90375482319114, 38.07310257282139], [127.9043527433572, 38.07012793137251], [127.90588660894589, 38.06870154284621], [127.9072399672019, 38.066069495984], [127.91028081045619, 38.06355096978685], [127.91363828274524, 38.058539125636294], [127.91322975250692, 38.05765174274274], [127.90980224563587, 38.05602730468412], [127.90847327669447, 38.054890494927214], [127.90490226711502, 38.05343935718756], [127.90375141729466, 38.05252994944944], [127.90271416819486, 38.05058722478646], [127.89946548292248, 38.04992438737808], [127.89778941093458, 38.05086396511107], [127.89503373887413, 38.0510943985892], [127.89039440225855, 38.05012479591613], [127.8882741454395, 38.05017065048675], [127.88266005860426, 38.04803186938054], [127.87899704883544, 38.04734362307882], [127.87484022519466, 38.049225060189215], [127.8723306916992, 38.04844554195507], [127.8705837736215, 38.04926223364007], [127.86802287939337, 38.04964852880977], [127.86724595555891, 38.050245183596125], [127.85913266135776, 38.0499775110707], [127.8551598534907, 38.05230904671788], [127.85341448426365, 38.050517960891824], [127.85304989662114, 38.04830384962845], [127.85120093942041, 38.04554614675504], [127.85167742652764, 38.043774419247534], [127.8512228480301, 38.04254376730331], [127.85175288254946, 38.04217197129765], [127.84996101912267, 38.03996422324196], [127.85009889374278, 38.03778334977238], [127.84918649351165, 38.036263769325906], [127.85081475397189, 38.03084947826805], [127.85559357591839, 38.02862315738418], [127.8541541814254, 38.026406702497354], [127.85415051449377, 38.02526147272172], [127.85500881265833, 38.023131952432834], [127.85810009285606, 38.01882318970418], [127.85222958166507, 38.01696857680266], [127.84984801188995, 38.01670847223655], [127.84740067821704, 38.01431648586431], [127.84423369605325, 38.014415516830255], [127.8398091242863, 38.01382524851158], [127.83512698198349, 38.009621782774204], [127.83356954037568, 38.00880370190318], [127.83037515971913, 38.00837750519473], [127.82852231097122, 38.00586634162241], [127.8289569982058, 38.003197755280844], [127.82715943256495, 38.00163409571341], [127.82710008745786, 38.00078344117212], [127.82495565568533, 38.00115377246184], [127.82031207977688, 38.003884664450226], [127.81323534832832, 38.00366683049188], [127.81163285861285, 38.00324854681016], [127.80810895467637, 38.000738139427845], [127.80316562873264, 38.00050195354718], [127.79464173929199, 37.99570613558363], [127.79046558494188, 37.99428686466371], [127.78820556526018, 37.99429384672836], [127.78755259376383, 37.99727850240903], [127.78667173322687, 37.99541135843666], [127.7878525421112, 37.99828184988125], [127.78648991471358, 37.99928110152369], [127.78670442646506, 38.00051334148301], [127.78554395524746, 38.001524461741404], [127.78555176966124, 38.00275977009352], [127.78065560656312, 38.00961043311873], [127.78018826617782, 38.01185057924404], [127.77915619550535, 38.013656671800995], [127.77510186482176, 38.01394410998171], [127.77382011111948, 38.013572188506295], [127.77337061433046, 38.01431246767792], [127.7736100762073, 38.01563353464471], [127.77469987379088, 38.01659765086996], [127.77516802607634, 38.01857992898016], [127.77440506582258, 38.01892165664104], [127.77368552708248, 38.02177322542744], [127.77304471045927, 38.02205783561287], [127.77178023747213, 38.024606942721384], [127.77119250269975, 38.024796317457664], [127.7709763976943, 38.02632081690861], [127.76999583316831, 38.02785143300326], [127.76958237833809, 38.02823701514669], [127.76451731196025, 38.02878490894125], [127.7635773280294, 38.029471751786964], [127.7609338877611, 38.02985089819333], [127.76091472986376, 38.03058131709536], [127.75911207270465, 38.03294259456365], [127.75900619133894, 38.034240006068444], [127.75829530446244, 38.03475303336065], [127.75367433594165, 38.034748612634424], [127.7502215871772, 38.035443513554675], [127.74756106743703, 38.03809695635113], [127.7472477338333, 38.039457899026175], [127.7456241276203, 38.039104448739145], [127.7447331600161, 38.03769707920376], [127.73802534385776, 38.038297000787296], [127.73620036764898, 38.03719778220816], [127.73531450932775, 38.03717516177289], [127.73374753775585, 38.03581443256733], [127.73275736261301, 38.03564407896422], [127.73208630122038, 38.03301875162983], [127.72982188791059, 38.03291934213693], [127.7289218800216, 38.03246714861406], [127.72850567675411, 38.02928729533978], [127.72552020315861, 38.02603263201474], [127.7253892755891, 38.02509593935833], [127.723258629929, 38.0246754775978], [127.7170497377091, 38.024545626339915], [127.71653111637829, 38.02483031596214], [127.71550075267174, 38.024020693951144], [127.71352750668521, 38.02393158772433], [127.70942900215563, 38.03232852182447], [127.70457144024829, 38.03654657273906], [127.70021937011532, 38.03820033465287], [127.69630021277344, 38.03686713607259], [127.69371675186311, 38.03536378975333], [127.69001064250999, 38.03529574862216], [127.6872289617471, 38.03433170735114], [127.68322411916907, 38.03488089582772], [127.68263789543059, 38.03426802299986], [127.68158518662938, 38.03415305450513], [127.67843932653652, 38.03589419023395], [127.67403480599245, 38.0356094941109], [127.67093684932993, 38.034838037451124], [127.66603424244039, 38.03155615883744], [127.66537056695991, 38.030389301857895], [127.66196188059342, 38.0293640082913], [127.66072382224215, 38.02966459659786], [127.66032630002398, 38.02887430980602], [127.6560212564082, 38.027315013729186], [127.6549046534925, 38.02728434936888], [127.65473868390748, 38.025766961461365], [127.65549350991672, 38.02413973321915], [127.65412265314453, 38.0238264017828], [127.65075959521104, 38.02701366725983], [127.64810509346918, 38.03339965297038], [127.64889681948844, 38.04457266938799], [127.65185385775638, 38.047342953348284], [127.6533198732395, 38.0509319568204], [127.65326494148093, 38.05212510679813], [127.65199396177019, 38.05450573700064], [127.65048389108296, 38.05552618479802], [127.64804226162927, 38.056293589156034], [127.64537551213947, 38.056447006755285], [127.64116082318635, 38.05292245426568], [127.64119857217426, 38.051982487008864], [127.632892935712, 38.05004540872414], [127.62627603244971, 38.05077811004235], [127.62365828777205, 38.05155213393594], [127.61725378285654, 38.05752109053061], [127.61404330212793, 38.05745087222399], [127.61252396045975, 38.056720040355685], [127.61167215932429, 38.055419563339825], [127.61167734810857, 38.05651638313505], [127.6096007872602, 38.05915805095144], [127.60817317110916, 38.06026396737628], [127.60540225749729, 38.06105075717433], [127.60819665813584, 38.068348854045446], [127.60776133269627, 38.07167402123475], [127.60472638381849, 38.0726482401602], [127.59816761099967, 38.07685681653602], [127.59683797472145, 38.07989676287888], [127.58890487767965, 38.08088178561584], [127.5877790672853, 38.08035419041207], [127.58565576091493, 38.080200904118044], [127.5847425699617, 38.08087717086727], [127.58317865006657, 38.08108564500731], [127.58255085165835, 38.0819589692689], [127.57558236887266, 38.084805987670386], [127.57157382764835, 38.08483873156102], [127.56610868444405, 38.083859200381795], [127.56558570289259, 38.083013466442694], [127.56547802382562, 38.08172372489127], [127.56669666499232, 38.079288543107005], [127.56426733448785, 38.07516478325186], [127.56417227352087, 38.07168100768841], [127.5665960380768, 38.06644190563483], [127.56973493448683, 38.06669817031506], [127.57653716584994, 38.061994199211426], [127.57727362262575, 38.06018485296707], [127.57690524255895, 38.057658503555885], [127.57956938083932, 38.05576789037615], [127.57916842137865, 38.05415415725702], [127.57541725305977, 38.052415769388716], [127.57410653128399, 38.05091060960523], [127.57397550939832, 38.047116196310306], [127.57780222255579, 38.0428835169102], [127.57864335222308, 38.0397670581129], [127.57720829246013, 38.039092221329796], [127.57406193244579, 38.03551466229444], [127.5706356275833, 38.03394203919628], [127.56993953865629, 38.03287811198738], [127.56694938093196, 38.03192096667004], [127.56667020771197, 38.03077139382233], [127.56538504111923, 38.029717027791904], [127.56517319409447, 38.027292633359714], [127.56427390429717, 38.025910384743625], [127.56498117704538, 38.024176694989464], [127.56385494295897, 38.021990913936115], [127.55999228402666, 38.02077112613887], [127.55636063302357, 38.02081366107499], [127.55293352588203, 38.01979964596784], [127.54843187124948, 38.020190888124745], [127.54476050449821, 38.01952743929885], [127.54347670696406, 38.01353921493342], [127.54355760981642, 38.01167086000619], [127.54174178794051, 38.00735851604589], [127.53987715459209, 38.0005677567701], [127.53692210272365, 38.00065925438476], [127.53109477445952, 38.00238846136526], [127.52934031157646, 38.00165200329979], [127.52337882834331, 38.00155258790102], [127.51237218601617, 38.000208566576525], [127.50890413791141, 38.00131106228344], [127.50392252972118, 37.997953291175264], [127.50053437291216, 38.00049266101159], [127.49805861095722, 38.00128345596635], [127.49739961430994, 38.00371426103059], [127.489656981303, 38.00502819961906], [127.48529816984403, 38.00489531626979], [127.4829557876273, 38.00542823165292], [127.48152096900002, 38.00623412792694], [127.47155598624914, 38.006452566356046], [127.46965818322283, 38.00884170788206], [127.46438235418289, 38.011551446236034], [127.4629603008668, 38.011716732188866], [127.45752907224198, 38.0169903081046], [127.45582462193049, 38.02440828329089], [127.45524289880247, 38.02520632341784], [127.456356355572, 38.02671668527583], [127.45620303992813, 38.02732379837268], [127.45538254959644, 38.02921244030746], [127.45340089333429, 38.03079714248013], [127.45323382836776, 38.03266330043734], [127.45187325537204, 38.0346047731097], [127.45203569816488, 38.03539213859193], [127.45102193195054, 38.03808511861425], [127.45269742048217, 38.04397525699267], [127.452905976621, 38.04718618280917], [127.4523705941615, 38.048097756887415], [127.45043497639634, 38.048622276446075], [127.44835813065801, 38.05051184012637], [127.44623929869083, 38.05121365234215], [127.44672245164818, 38.05422140376426], [127.44458372859447, 38.05726067490714], [127.44464937017852, 38.05975364885868], [127.44519855129504, 38.06058682650427], [127.44479506319338, 38.06133358656953], [127.44609624249311, 38.06397878656566], [127.4467402267112, 38.06723485979925], [127.44674442451081, 38.071216255709636], [127.44642668247877, 38.072394931814586], [127.4445738939682, 38.07405462995118], [127.44448006154792, 38.07477776069622], [127.44638291928155, 38.07763320314037], [127.44707594529525, 38.08072864565063], [127.44644200934334, 38.08556230252321], [127.44480198785232, 38.087983771336184], [127.44587725021293, 38.092690588887244], [127.44520528750215, 38.094696289654365], [127.44516749404552, 38.09746966508585], [127.44157706114287, 38.10350988773058], [127.44136132120121, 38.10678976053911], [127.4404527062538, 38.108832245059034], [127.43950076909758, 38.10972129728703], [127.43748171429421, 38.110481469894175], [127.43539638106971, 38.11045291968497], [127.43350201307078, 38.11101921228086], [127.43228526277561, 38.113409959506775], [127.43053202001369, 38.11536578104287], [127.43286437984297, 38.11828931549395], [127.4368437955617, 38.12047781928546], [127.44131699807798, 38.124334961682294], [127.444542792365, 38.123779746994416], [127.44528885234539, 38.12168474255566], [127.44723570157313, 38.119925733093226], [127.44591353516401, 38.11711689002381], [127.449474444167, 38.11780455411382], [127.4538398637984, 38.117436956849374], [127.4541737259114, 38.12057311632601], [127.45485163236219, 38.12130313099629], [127.45688973343248, 38.12174766988949], [127.45722667337071, 38.12273222269185], [127.45898931686953, 38.12323952415967], [127.46220903357751, 38.12296025098526], [127.4635569826006, 38.12426273399706], [127.46750926923684, 38.12515140911981], [127.4688550128338, 38.125220729813165], [127.47180514494866, 38.12435212526974], [127.47499410640076, 38.12443030793682], [127.47765928379506, 38.12503936321153], [127.47936206442357, 38.12443164313038], [127.48111407871289, 38.12483460041483], [127.48264765306183, 38.12461432300155], [127.48956643439479, 38.12823978825999], [127.49163246083087, 38.12979183267309], [127.49190848472603, 38.130578774276515], [127.49528749208228, 38.132990871638626], [127.49497875873165, 38.1344130314087], [127.495998217646, 38.1366794002231], [127.49596895417055, 38.13806489826147], [127.49817081863091, 38.141712754546745], [127.50039837546089, 38.141686207738566], [127.50181924331706, 38.14371070198613], [127.50280193659022, 38.14848548818628], [127.50010088043882, 38.15134124722476], [127.4951579054801, 38.152965420977026], [127.49360469743405, 38.155275459878496], [127.49228066805836, 38.15582843324851], [127.49069559330859, 38.15919122945378], [127.49193984555527, 38.16062702283437], [127.4950164163061, 38.162747063045806], [127.49557836932675, 38.16514007338594], [127.49712591183186, 38.16727797301825], [127.49877497036081, 38.16793288563101], [127.50096357350543, 38.17096421909275], [127.50242723263644, 38.17170612902895], [127.50422473479189, 38.17350742080436], [127.50481695360295, 38.17484036632383], [127.50389857653019, 38.17742408689367], [127.50473922354253, 38.18052418444761], [127.50378514545191, 38.184860734535846], [127.50480484397265, 38.18626940678069], [127.5085704688903, 38.199152752649745], [127.51511536124198, 38.19962289233205], [127.51705844799719, 38.19902797517837], [127.52051292941785, 38.20005436598651], [127.52450700101227, 38.20061859600778], [127.52498785455032, 38.202131888806825], [127.52694353538563, 38.203575860495526], [127.53162303538562, 38.210600317720626], [127.5367082396724, 38.21061956132386], [127.54036601792558, 38.21517990279193], [127.5424183244663, 38.216806659565606], [127.54223846864646, 38.217704646309855], [127.54039701418998, 38.21961854446621], [127.54005632466985, 38.22039352067231], [127.54043590897803, 38.22048237064304], [127.53907976293459, 38.2220277124038], [127.5401572804197, 38.22634060786386], [127.54315290724732, 38.23093587393962], [127.55873937556066, 38.232542640615165], [127.56651188649558, 38.238286727348864], [127.56914688629142, 38.243001749106966], [127.56941665837816, 38.24761508687167], [127.57007307998083, 38.24897150772544], [127.57664301473216, 38.252391153707656], [127.57855867115026, 38.25382743443646], [127.57899864765527, 38.25616103203234], [127.58106549905565, 38.25694535056615], [127.58207637261951, 38.256448073417516], [127.58476402750482, 38.25783707951027], [127.58731656890961, 38.25714612748778], [127.58925908848072, 38.25743135916587], [127.59111182921586, 38.26037356177265], [127.59733352631434, 38.262656314138134], [127.59700959104248, 38.26308760844768], [127.59786495708506, 38.264909166196105], [127.59752518806805, 38.26695169506827], [127.5985790374533, 38.26989226937173], [127.59630629486011, 38.27123860978135], [127.59397872952597, 38.275813083351764], [127.59397352808901, 38.27792286110044], [127.59733492670165, 38.281585963223854], [127.59943063554175, 38.28284603904502], [127.6036278084277, 38.28312076231754], [127.60740455549046, 38.284729159468334], [127.60850132783682, 38.280459799837004], [127.61453283564553, 38.27503040499688], [127.61831610655035, 38.274147459104455], [127.6193191445437, 38.27345336069459], [127.61994621003596, 38.27233326192783], [127.6196915767028, 38.26946066455296], [127.62274750946155, 38.26741999624517], [127.62374997259158, 38.2658034013057], [127.62707747789452, 38.26385215089116], [127.63079089552392, 38.26350629015465], [127.6345539405266, 38.26142043332086], [127.63693440071576, 38.26120659451742], [127.63979958826542, 38.262549265925784], [127.64252251055525, 38.26183454085059], [127.64525547238938, 38.26173398104712], [127.64645939426809, 38.260126238691115], [127.64813888177196, 38.259832693584855], [127.65461096795981, 38.26238044416115], [127.65736251475082, 38.26281180319319], [127.6598705020833, 38.26382907190728], [127.66567858459082, 38.263194476327435], [127.67197018904281, 38.26385328683148], [127.67466336443341, 38.26041332364007], [127.67513391842405, 38.258777775400624], [127.67817826314128, 38.258028271302415], [127.68099016513439, 38.25330034319056], [127.68278539532861, 38.252328070811956], [127.6862373896966, 38.25145631951971], [127.68964970086833, 38.249383167600335], [127.70463256420986, 38.248108273348485], [127.70994012985534, 38.250680998011376], [127.7130711172083, 38.25041943724923], [127.71378100479143, 38.25163708498032], [127.71225386279016, 38.256917409615944], [127.71221100588885, 38.25932412437546], [127.71532563459606, 38.26079950481061], [127.71935920639496, 38.26357710542108], [127.721818557726, 38.26635095674968], [127.7233015203407, 38.27066062046019], [127.7288672610323, 38.276373866555645], [127.73288734252051, 38.278663047359736], [127.7374365075754, 38.27798702793275], [127.74209694496889, 38.280223598457255], [127.75061545296677, 38.28333975804551], [127.76041021420912, 38.28338084732696], [127.76589435250311, 38.28508962559724], [127.77277537479245, 38.285643433378006], [127.782239979937, 38.28805708761017], [127.78852883459525, 38.28379277917559], [127.7900080994369, 38.28260525466407], [127.79155137391666, 38.28025976729798], [127.79420671937224, 38.278742684326595], [127.7958362481417, 38.277996277056886], [127.80155519104846, 38.27715082128595], [127.8047331684185, 38.28310566935638], [127.80794953152692, 38.286491846960274], [127.81148338132692, 38.2879572954566], [127.81765195547854, 38.287975834230785]]]}}, {"type": "Feature", "properties": {"code": "32580", "name": "양구군"}, "geometry": {"type": "Polygon", "coordinates": [[[128.1585270856619, 38.32585912659044], [128.15924165476594, 38.32299730235116], [128.1618816742593, 38.32078826062509], [128.1649086082772, 38.320608718837875], [128.1677200128144, 38.3174563909242], [128.16950653535258, 38.3168275082472], [128.17066467787788, 38.31572708160222], [128.16975929448114, 38.31267740280508], [128.1688149099723, 38.31237968886371], [128.1682104420164, 38.31118932631693], [128.1690062206917, 38.306437078988544], [128.1678812138954, 38.30497116711038], [128.16779208999316, 38.30236093318688], [128.16999974211723, 38.301357416136476], [128.1713313327635, 38.299707345125874], [128.1696182930616, 38.295898614786296], [128.1695331479758, 38.29367117131081], [128.16827330277192, 38.29234744997917], [128.16868177383432, 38.29110356893782], [128.1682536589037, 38.28892177045825], [128.16929374712458, 38.28827556706961], [128.1698053941566, 38.286035010260974], [128.17239099719805, 38.28144192009966], [128.17130167826178, 38.28044300463958], [128.16901861383488, 38.28008717465154], [128.16871206928715, 38.27840035476115], [128.1676300948155, 38.27709677639478], [128.16461621468267, 38.27504010281902], [128.16436005545359, 38.27293743621416], [128.16329391143486, 38.27105213308871], [128.16116800569853, 38.26921389844054], [128.16005571675177, 38.26890339299898], [128.15923240341218, 38.26687147428792], [128.15978940934244, 38.26535085489008], [128.1597041833829, 38.263409843475635], [128.16103394611227, 38.26199194531685], [128.15948686061594, 38.261081316954304], [128.1581099940916, 38.258672855768864], [128.15657685397042, 38.25859220720862], [128.15531132661312, 38.2564941514156], [128.15392861392215, 38.2560561112788], [128.1516929893139, 38.25612237350709], [128.1483116145572, 38.25417760477541], [128.14691011616924, 38.254041025729656], [128.14548339018052, 38.250142045259736], [128.14464479244586, 38.24950685862672], [128.13996715380142, 38.248295969980006], [128.13811745499794, 38.24740700247465], [128.13698591064028, 38.2466298126582], [128.1358299888312, 38.24435674441745], [128.13235915572523, 38.24378300432072], [128.1295974422005, 38.243888652240905], [128.12850547355288, 38.24290317746158], [128.12425383945913, 38.240894228622075], [128.12497553445104, 38.23846076598373], [128.1246997040437, 38.23735354790245], [128.12246206135433, 38.23445856261158], [128.1199174578752, 38.23290656802626], [128.12001954394373, 38.231118882445415], [128.11901843541045, 38.22939362833428], [128.119126417983, 38.22698392594879], [128.11854755960994, 38.22575128925526], [128.11668595939696, 38.22505011824891], [128.11724142580562, 38.21819472228763], [128.12094869002058, 38.21540076224522], [128.1214420084736, 38.21342689755342], [128.11858129449868, 38.211247311358], [128.11812500497751, 38.20940729379739], [128.11700123778186, 38.20876638158603], [128.1155835422203, 38.20671029944539], [128.1149142264869, 38.206545744615], [128.11486880280174, 38.205117448083456], [128.11326242974286, 38.203440546744005], [128.11235727920376, 38.20339223490625], [128.1100544557402, 38.201452642414566], [128.1071511226032, 38.20125542226133], [128.1047550832512, 38.196772458495246], [128.1039091038034, 38.19601829754089], [128.10265205443073, 38.19586031855356], [128.1016519329812, 38.193734237329444], [128.09900020566673, 38.19229713427935], [128.09993903255804, 38.18903408718199], [128.10547518757477, 38.184880669406006], [128.10374078876595, 38.182897401786505], [128.10409767096078, 38.17826137144701], [128.10351438664011, 38.177193214356016], [128.0995693068295, 38.17610090688432], [128.09762106187367, 38.1750403246551], [128.0966433168824, 38.16967502517457], [128.09738074340896, 38.16808729459253], [128.09674647829203, 38.16668207238466], [128.0969720936104, 38.16262428678743], [128.09560353222264, 38.16073857061108], [128.09357216241364, 38.160152376402635], [128.09081749658165, 38.15755429321143], [128.08986308659252, 38.15552254191403], [128.08635197796696, 38.152221269635184], [128.08663968947172, 38.15085669044712], [128.0882542934303, 38.15026272763617], [128.08914985710405, 38.14921161256318], [128.08987048817005, 38.14659644826712], [128.08956786340917, 38.14450576807546], [128.09016098771338, 38.141790133442385], [128.0877801512683, 38.138459546666596], [128.09178815793194, 38.136052615575196], [128.09350717152284, 38.13088806628975], [128.1000387797203, 38.129805241916856], [128.09908139891633, 38.12888864385623], [128.0982795336831, 38.12662133345859], [128.09813861970443, 38.12418476385473], [128.1001820040013, 38.12156989955244], [128.10016801667712, 38.12004903422373], [128.10150990361848, 38.11941897563631], [128.10411369388692, 38.115020364005446], [128.1040619070721, 38.1124661210188], [128.10479177928588, 38.11158590999791], [128.10495162708256, 38.10862888431509], [128.10104800849095, 38.10581369177408], [128.1013065593042, 38.102889440089946], [128.09735176085172, 38.101039131061874], [128.09531173578236, 38.101358415588486], [128.0901395026925, 38.10116476589906], [128.08803594622518, 38.09580950493205], [128.08900591432956, 38.09265491661212], [128.0905005334865, 38.091508871749454], [128.09185145324818, 38.09123809341644], [128.09213540048606, 38.0899234845795], [128.09526427102097, 38.08617005992984], [128.09564440087337, 38.08544112295363], [128.09506637367116, 38.08510044575747], [128.09651568649633, 38.08372746670428], [128.09715099132583, 38.081862205978204], [128.09986088571117, 38.07848141329227], [128.10134831242706, 38.07773559387039], [128.10252747387582, 38.07603168080388], [128.11155107022958, 38.07276197563257], [128.11297351181094, 38.07116037476355], [128.11288556186548, 38.069163595672435], [128.11437626145167, 38.06721389796008], [128.11468038115623, 38.063891170058056], [128.1154262199307, 38.062801237897354], [128.11479315333614, 38.062272792031635], [128.11398767885612, 38.0592641783053], [128.11388036527404, 38.05585728549684], [128.11486872923174, 38.054120046543446], [128.11461503810273, 38.05292914372314], [128.11618151868396, 38.05128789325112], [128.11810763235977, 38.047564775366396], [128.11658985504647, 38.04636362552802], [128.11569640494926, 38.04445894357725], [128.1127287728095, 38.04206602592771], [128.11275264596918, 38.039988518295665], [128.11373425530405, 38.037021268113335], [128.11235126587238, 38.03542058532349], [128.1073578127636, 38.03285050047558], [128.10645746678676, 38.03142182159382], [128.10319979375438, 38.02933450388923], [128.09875980045652, 38.029386807656735], [128.0968705278761, 38.02890475648503], [128.09636636702385, 38.02836900744015], [128.09451282983596, 38.02836838486652], [128.09313126827277, 38.0294194089792], [128.09182724949142, 38.02974726809158], [128.09023652699665, 38.03213296673524], [128.08864067775013, 38.03314110879784], [128.0854192052771, 38.032379248643394], [128.08040962049373, 38.0342032410041], [128.08010235976926, 38.03667095134178], [128.07904007535882, 38.03809386723237], [128.07762323334384, 38.03933557913603], [128.07421524258996, 38.040347989598004], [128.07006955860112, 38.04365133062726], [128.06881495581516, 38.045716888982525], [128.06909589162646, 38.04676630893915], [128.0638571127151, 38.04675441643296], [128.06094123978647, 38.04726640204157], [128.06032455957524, 38.04588931835836], [128.06103773700568, 38.04433994783032], [128.05996834369213, 38.042510476743786], [128.06002042536153, 38.041273716195576], [128.05898150676842, 38.040059311691785], [128.05792068680125, 38.039727904517676], [128.0589779953891, 38.035331655268415], [128.05660473702144, 38.03234286430346], [128.0563786385442, 38.03109110663505], [128.05699608198344, 38.02963643823826], [128.0591206531552, 38.02792328112523], [128.05940829082476, 38.02577968399915], [128.06045938555, 38.024210220690776], [128.06008638705802, 38.02214849430307], [128.06189975035085, 38.01893566293508], [128.06046043345728, 38.01483399292076], [128.05546174567795, 38.01533258763776], [128.05418356315693, 38.01723987908326], [128.05286527080997, 38.018252332684774], [128.04963839117204, 38.01939195239382], [128.0483769017268, 38.01877449934918], [128.04714178579107, 38.01997774375275], [128.04512103130173, 38.02032090469486], [128.0432471080064, 38.020061243736514], [128.03474783907308, 38.01497631558398], [128.03083044059017, 38.01397995662573], [128.02878048965135, 38.0153594468479], [128.0249422403545, 38.01952544373775], [128.02333422519948, 38.01979308083349], [128.01432095760902, 38.019317296362146], [128.01295729982775, 38.01900893236004], [128.00773542311245, 38.01573791671321], [128.0059057677373, 38.01373839806204], [128.00064653430084, 38.00527825658901], [127.99797421163498, 38.002734245740754], [127.99579151887112, 38.001738647276746], [127.99332547684132, 38.00162463553438], [127.98938052739975, 38.00379687694937], [127.98568941546938, 38.0071960323855], [127.98382080118854, 38.01029691467267], [127.98397357921661, 38.01451854427006], [127.98713026957296, 38.02009789614372], [127.9875664254169, 38.02263614436899], [127.98685758890262, 38.02551254266132], [127.98543059754208, 38.02685582047594], [127.97778405455738, 38.029570694916885], [127.96901957411428, 38.03089820224871], [127.9661082963642, 38.03205300932099], [127.96300642701235, 38.03486158780017], [127.95542737578133, 38.0386817168307], [127.95175152717052, 38.038200789403994], [127.94991909781291, 38.0361905606583], [127.94701221493631, 38.0313294871041], [127.94642886396682, 38.02914191173802], [127.94714390199204, 38.02257939505512], [127.94492692512391, 38.01837484613221], [127.94333212388965, 38.01672125862934], [127.9404290867678, 38.01505080997749], [127.93819692443127, 38.01421896040076], [127.934466141655, 38.01381787903268], [127.93448601329898, 38.015497320138266], [127.93136665157148, 38.01789389754028], [127.9291962456057, 38.01882657737524], [127.92668388787504, 38.01891619075395], [127.92491447104113, 38.020012816420916], [127.92223476209809, 38.02010593711731], [127.91993926058193, 38.020980580614214], [127.91825170846913, 38.02106835241184], [127.91626792348217, 38.02220401026593], [127.91514968020265, 38.02217131227357], [127.91337952125555, 38.02286100451769], [127.91026697021184, 38.02462269428952], [127.90983805704603, 38.025626839447824], [127.90748501577029, 38.02711456143719], [127.90406646897831, 38.0303308553731], [127.90370417011563, 38.0319873272702], [127.90404152205029, 38.033345653091175], [127.90254525983691, 38.03474871671518], [127.90275395885435, 38.03763419126078], [127.90186133796985, 38.038224919173224], [127.90263236291193, 38.04060946700736], [127.90371307434613, 38.04185425111843], [127.90403653277727, 38.04616504941295], [127.90276629085669, 38.04895037502678], [127.90267220807645, 38.05059746913388], [127.90375141729466, 38.05252994944944], [127.90490226711502, 38.05343935718756], [127.90847327669447, 38.054890494927214], [127.90980224563587, 38.05602730468412], [127.911752862458, 38.05664422328038], [127.91322975250692, 38.05765174274274], [127.91363828274524, 38.058539125636294], [127.91028081045619, 38.06355096978685], [127.9072399672019, 38.066069495984], [127.90588660894589, 38.06870154284621], [127.9043527433572, 38.07012793137251], [127.90375482319114, 38.07310257282139], [127.90431956293676, 38.07489563419182], [127.90607987512163, 38.077030446157075], [127.90585238879655, 38.07730647881632], [127.90701687051796, 38.078089398854175], [127.90776257573214, 38.08043127742273], [127.90623584171526, 38.08163641194634], [127.90519407524323, 38.08396088336303], [127.90379880776922, 38.08470684016201], [127.90351512814401, 38.087089561234926], [127.90110583566764, 38.09088401982295], [127.89670504559511, 38.09114515225115], [127.8894819612669, 38.09237678264805], [127.8882555268274, 38.09351213506046], [127.88735515344403, 38.097943865899566], [127.88762842098534, 38.10032577972873], [127.88691063119657, 38.10127093464849], [127.8849932929572, 38.10203859051194], [127.88557973082708, 38.103201298649], [127.88634751211117, 38.10351890840853], [127.88546844468236, 38.10708450340129], [127.88401061871915, 38.10945236147639], [127.88700296529615, 38.11172630633456], [127.8864769438755, 38.11314754897133], [127.88783066025387, 38.115302083562426], [127.88636257141212, 38.11670341246918], [127.88204958973084, 38.1187263237576], [127.8761983145038, 38.11910858106734], [127.87661783767726, 38.1223787434313], [127.87530270612297, 38.124781073103236], [127.87582603263712, 38.12605170572869], [127.87504604286717, 38.12711257747924], [127.8759108040545, 38.12933804056703], [127.87579876280783, 38.13187194225789], [127.87671954781901, 38.132809618097376], [127.87688377662212, 38.13376279986674], [127.8757531151567, 38.13495924935318], [127.87578931028054, 38.136225432748596], [127.87380810200784, 38.13920223891525], [127.87389996099328, 38.14138287347849], [127.8760016328483, 38.144873659730436], [127.87552184297684, 38.14590692895767], [127.87767853600077, 38.15316036994597], [127.87538520697557, 38.156764588313905], [127.87554281413878, 38.158956427362796], [127.8770121986226, 38.16220558706845], [127.88027857099131, 38.16559516968442], [127.88124691428057, 38.169493185012094], [127.87905858623076, 38.174184389716686], [127.87896755361773, 38.17676171094735], [127.87942974049024, 38.177885045279545], [127.87729886081249, 38.181557601171164], [127.8774117217161, 38.18619978944376], [127.87574493917108, 38.18827993041992], [127.87529655805179, 38.19123795980365], [127.87648411447776, 38.192978590951014], [127.87668029228996, 38.19479777337719], [127.87816947597275, 38.196680979089436], [127.87815539903299, 38.19767288352129], [127.87551668993387, 38.19984062593543], [127.87216155483105, 38.20143401500206], [127.86763648885517, 38.205194755353816], [127.86054894575042, 38.203391627932795], [127.85855998737306, 38.203325852272485], [127.85697614972653, 38.2048182010585], [127.856744344794, 38.20601080993138], [127.85325132111609, 38.206767030210905], [127.85252595962291, 38.20842322709806], [127.85174537581308, 38.2089015665877], [127.85260352867218, 38.212009785331944], [127.85433588863495, 38.21378031476592], [127.85176322370732, 38.21837323466052], [127.85266001087845, 38.23005978383454], [127.8562337387582, 38.23238628580218], [127.85806741198002, 38.23411857310173], [127.85815425078022, 38.23520637797188], [127.85797213441421, 38.23960757815241], [127.8561113715093, 38.24500164925085], [127.85383615760436, 38.24568650739148], [127.85411718612856, 38.25111585767809], [127.85437330191364, 38.252051378637525], [127.85527805782733, 38.25266845508892], [127.85537861928907, 38.254001660841524], [127.85350402567784, 38.25651899893098], [127.85339602751577, 38.25806307997266], [127.85587857058502, 38.26134734339592], [127.85853765665902, 38.263413845912105], [127.85949809575804, 38.26517994989759], [127.85955118935777, 38.26618002584048], [127.8587343989113, 38.267400286827716], [127.86010326684992, 38.27280203020399], [127.8638015321996, 38.27665896810095], [127.86379793739869, 38.277966774886174], [127.86235041025775, 38.280892776874175], [127.86319450677247, 38.281763913452345], [127.8633387292521, 38.28256175944883], [127.86262429367723, 38.28322418737433], [127.86327187412397, 38.284666681369686], [127.86571158036418, 38.28720864807785], [127.86698987379097, 38.28797429322741], [127.87086958341239, 38.28889190904385], [127.87516842970565, 38.292121882236046], [127.87875544114357, 38.29831169509782], [127.88307639739108, 38.30315736548655], [127.88702893466208, 38.305817379755], [127.88846800263086, 38.308765220637085], [127.89193099171062, 38.309505102478795], [127.89341426874982, 38.311811059904635], [127.89490504715252, 38.31291466739454], [127.8971242487693, 38.31278451758193], [127.90208549482374, 38.31110314310431], [127.90398369722197, 38.30972594129879], [127.90764928961254, 38.31096301303708], [127.91275399454757, 38.31040548209701], [127.91491371979903, 38.31074539385852], [127.9186903658802, 38.3087474752689], [127.92096735154364, 38.309721500790175], [127.92679169981163, 38.309380972590155], [127.92980132667802, 38.3069850491259], [127.93154761223165, 38.30639145032401], [127.93509216829962, 38.305913943031236], [127.94222783663562, 38.3063845992323], [127.9439836349907, 38.306004131171626], [127.94515275300363, 38.305097409250244], [127.94874145364471, 38.30440798581104], [127.95159279946989, 38.30216863822728], [127.95469790725788, 38.30122640565389], [127.95616556951461, 38.3002856724164], [127.95822431251311, 38.30021957934144], [127.9606514176034, 38.29798913774563], [127.96314023961129, 38.293641232059514], [127.96691532070707, 38.293079666274515], [127.96866780434458, 38.29215000624734], [127.96905967457995, 38.290799658004055], [127.97092966409203, 38.289688647179744], [127.9722440127132, 38.289909035749766], [127.97495646329907, 38.28737358575819], [127.97646038224293, 38.28737394420366], [127.97726489529953, 38.28490561883572], [127.9782991961187, 38.28391927902055], [127.98019123435643, 38.28349834590953], [127.98065967388706, 38.28175750493606], [127.98246822194487, 38.28064109427283], [127.98288727213634, 38.279354027174314], [127.9825737783243, 38.27739114172571], [127.98369248088628, 38.2767314429195], [127.98580414050889, 38.27347666553774], [127.98788360743555, 38.27411980531677], [127.98975288257323, 38.275376082632256], [127.98892983282997, 38.27731567387489], [127.99175713781801, 38.278748433180326], [127.99947094582734, 38.27777486160891], [128.00001181828995, 38.27803058807107], [128.00256365293532, 38.27551059020033], [128.00623911677698, 38.277803160643465], [128.00740842205306, 38.27911837863984], [128.00870598294603, 38.28189913797596], [128.01059804186238, 38.28387347883454], [128.0107803615437, 38.286080151775266], [128.0148844371165, 38.28801071612266], [128.0159656557856, 38.28988672589647], [128.0159621762489, 38.29149968545635], [128.01297208502436, 38.29417448808689], [128.01604182565316, 38.3013454448378], [128.01546027552706, 38.30280344211911], [128.0178259011567, 38.30482704504575], [128.01821175886374, 38.31418619578785], [128.0305487355401, 38.315086594391104], [128.03331180928043, 38.315669082615045], [128.03343350489965, 38.314905450365465], [128.0317814608986, 38.31347681979374], [128.03073437005014, 38.31158313326693], [128.031225882055, 38.3111184802066], [128.03293334826174, 38.31092253578785], [128.0348392157062, 38.31202202072464], [128.03751865988752, 38.31056682493293], [128.03845917239585, 38.311481145112865], [128.04017712607876, 38.31101440062874], [128.0430005695833, 38.31156429840533], [128.0435907517459, 38.310820647022375], [128.0446552565741, 38.31069098738283], [128.0441098481141, 38.30899638546056], [128.04514831509042, 38.30866954964844], [128.04429814388186, 38.30827196776345], [128.04403629247088, 38.30749397274459], [128.0491527216196, 38.30704196456455], [128.05755609698423, 38.30797521056309], [128.06876326667947, 38.30996315419479], [128.07588004099296, 38.31180624953085], [128.0801472810194, 38.31343118392169], [128.08735422336687, 38.31765985309908], [128.09030572350488, 38.3142177410419], [128.09184896298322, 38.3145743523876], [128.09812000200995, 38.31932841976603], [128.09996056232833, 38.320346525190516], [128.10174334615564, 38.32049006400251], [128.10584167864107, 38.32349671405209], [128.1074535501507, 38.32408276028493], [128.10861505315296, 38.325315139798256], [128.11037117578095, 38.32590951191754], [128.11299129776575, 38.32769941967508], [128.11587194468757, 38.326962760188756], [128.1168334894316, 38.327117175543286], [128.11787555425397, 38.326591426014616], [128.11936640538016, 38.327017434787926], [128.12174091749927, 38.326069957382494], [128.12282389376932, 38.3260891824625], [128.12531883849996, 38.32763824337716], [128.12785432211314, 38.32848075462289], [128.13456655511547, 38.32552155903309], [128.1371057510377, 38.324976784654545], [128.13879448421827, 38.32517506857167], [128.14153000464825, 38.32430635823289], [128.14351051222218, 38.32520469470927], [128.1446585879786, 38.32446035178553], [128.14787799135974, 38.32702928132185], [128.14890319050727, 38.32590745191389], [128.1510266314536, 38.32569967267195], [128.15314594500617, 38.32864401515074], [128.15490105930746, 38.32932880932197], [128.15680116824666, 38.3282787404384], [128.1585270856619, 38.32585912659044]]]}}, {"type": "Feature", "properties": {"code": "32590", "name": "인제군"}, "geometry": {"type": "Polygon", "coordinates": [[[128.22686949367156, 38.38809205890532], [128.2295037544947, 38.387714564034965], [128.23204134413254, 38.38810582784755], [128.23360702291924, 38.38732932358842], [128.23389344251586, 38.38485009666316], [128.23296955286847, 38.383501271645486], [128.23116523652342, 38.383335096791], [128.22964142941237, 38.38202776680111], [128.2300725396128, 38.38102453108566], [128.2291716324272, 38.3789662549594], [128.23012242386304, 38.376532638072824], [128.23367994998023, 38.372381526264284], [128.23510904362277, 38.37293590763874], [128.2371472092292, 38.375469159797845], [128.23866988494396, 38.376288307406575], [128.23992449328367, 38.37524909579174], [128.24221740448138, 38.37485682398581], [128.2445343788938, 38.37384302104528], [128.24714532570547, 38.37235924697716], [128.2475532789873, 38.371401199859406], [128.2485239898027, 38.37077799826344], [128.25367102564564, 38.37243888316007], [128.25689708565244, 38.3730547785716], [128.2576628636417, 38.372754206672425], [128.2620111326355, 38.376467233433296], [128.26518494968894, 38.37559469741565], [128.26742230307096, 38.37680870229259], [128.2695718874113, 38.376153055216705], [128.27223907119185, 38.371818701628484], [128.27146259099098, 38.36925414431547], [128.27254049174147, 38.368165239652], [128.27207351752006, 38.367150504042726], [128.2725420825052, 38.365691105064435], [128.27117078299176, 38.36400532441277], [128.2715632635744, 38.36215922726333], [128.2700590697643, 38.3603779541442], [128.26895746056172, 38.356373654521185], [128.2679237773553, 38.35504768046292], [128.26700514402805, 38.35478425838744], [128.2658808712581, 38.35233488838985], [128.264520649235, 38.35161044114194], [128.26503877424946, 38.3495249107294], [128.26760480057453, 38.347783168880305], [128.26817752866353, 38.34632673273198], [128.2674297178387, 38.34504177184056], [128.268316474374, 38.342647224778844], [128.26793834404037, 38.34015323777139], [128.27048322534438, 38.336980048637145], [128.27431815376167, 38.33550836539297], [128.2767046721163, 38.33773002869336], [128.27973911049003, 38.33801263953296], [128.28211273389456, 38.33999653162346], [128.28493143575264, 38.339729872281], [128.28746097787217, 38.34009478272365], [128.29135365795256, 38.3372646693283], [128.2943945518134, 38.33702767995433], [128.29557055140853, 38.33624850840523], [128.29605163522695, 38.33649249914251], [128.29954989652967, 38.33383886196463], [128.3090419805323, 38.333277127246625], [128.31085563140158, 38.33211212920464], [128.3121141012888, 38.33058033033375], [128.31101399648105, 38.32964524386925], [128.31088535270058, 38.32689001816659], [128.30860574476773, 38.32105679457064], [128.3100311891085, 38.31984327483523], [128.31036390303362, 38.317866106268696], [128.31171646535017, 38.31548481210632], [128.31166215586575, 38.31376920290195], [128.3144548867905, 38.31001755515128], [128.31387361980475, 38.307419645170356], [128.31497574238523, 38.304368070848746], [128.31512272001078, 38.30225837126435], [128.31945833390523, 38.30098872330537], [128.32045290189012, 38.300253381839156], [128.32032609709336, 38.298467975754924], [128.32108910144422, 38.29736294779245], [128.32146309512393, 38.295184590305624], [128.3214562973831, 38.29092100498467], [128.3188063058567, 38.28772690939781], [128.31992291720232, 38.28011495362935], [128.3180791530039, 38.27424351950177], [128.3182415502703, 38.27175586015932], [128.31776933908557, 38.27026652979395], [128.31922687714416, 38.266074324230225], [128.32124999844044, 38.266466305257886], [128.32621130360226, 38.26644757771498], [128.32925156120592, 38.26546527942068], [128.3323714061279, 38.265131990083475], [128.3334780479881, 38.263709303825806], [128.33707595814116, 38.26312367861223], [128.34026262249427, 38.264754173528274], [128.34085419584508, 38.26550990027335], [128.34231853783305, 38.26501446194903], [128.34492216433452, 38.26505253604198], [128.34876448569833, 38.266068206692985], [128.35345210867257, 38.26609322571701], [128.35579467196027, 38.266583419966445], [128.3573612185107, 38.26557136407692], [128.359288564601, 38.265686663267175], [128.35871383238043, 38.26359349473478], [128.36006795924132, 38.25890023491952], [128.3632651297494, 38.25533004428737], [128.36330378581113, 38.25246495086342], [128.36567641801776, 38.24702952044642], [128.36575849136622, 38.2443963002438], [128.36465436985833, 38.24202958825197], [128.36581998439777, 38.2418027351377], [128.36679589695632, 38.24085108339894], [128.36723084150455, 38.238400692529545], [128.3684617283739, 38.23584523006423], [128.36946800178424, 38.235941199292895], [128.3710959328398, 38.237488978570035], [128.37135305693025, 38.23815152061086], [128.37069057284398, 38.238442676603285], [128.37033405274096, 38.24037157823696], [128.37205739614234, 38.24264725074797], [128.37359527429962, 38.24323826771189], [128.37560778567396, 38.24265369357172], [128.37646669548394, 38.24299697648902], [128.37646796048583, 38.243529065388465], [128.3787670803209, 38.24538792743293], [128.38018019832467, 38.24378609081039], [128.3818361870916, 38.24576522335116], [128.38477339978274, 38.245846711569286], [128.38474046662301, 38.24710803020669], [128.385697116061, 38.246828540838855], [128.3883569007194, 38.248038825131964], [128.38873344384098, 38.246642719575995], [128.3909054260169, 38.246194091109764], [128.39139650342673, 38.24499169294074], [128.39280647317597, 38.243891101618416], [128.39417010079487, 38.23959399245648], [128.39469380471286, 38.23926554045747], [128.3973099888668, 38.2395579223294], [128.4000711885092, 38.241326636324864], [128.4038845282114, 38.242568304329595], [128.40581040595606, 38.24461683387447], [128.40710504303104, 38.24465786504032], [128.40621116751856, 38.245407680095504], [128.4063423021552, 38.24605383028997], [128.40813855126797, 38.246224235416314], [128.408605411548, 38.2476419747318], [128.4116429550576, 38.24893083667037], [128.41384366442682, 38.25200488897797], [128.4174057955803, 38.25459932003181], [128.41759132215446, 38.254282287061464], [128.41998785661713, 38.25418826336789], [128.42114189363727, 38.25362037489567], [128.42481583039475, 38.25316393291737], [128.42622283762995, 38.25084165898366], [128.4275525796515, 38.25018655933413], [128.42794291618165, 38.248859454948246], [128.43070403663086, 38.24608699340242], [128.43294061984514, 38.24241740063634], [128.43625931322669, 38.24130888749445], [128.43971665208213, 38.241266407772954], [128.43815902417091, 38.237652251760636], [128.4384052857607, 38.234421281623874], [128.43724193922256, 38.230285539328094], [128.43899192250257, 38.22908224169036], [128.44023036980624, 38.22749862227711], [128.44073589007377, 38.222929494722216], [128.43908897407195, 38.219535910188945], [128.43774094695632, 38.21407776334102], [128.43996990769284, 38.20715642553235], [128.44077541538815, 38.20642762767907], [128.4410940102149, 38.20477189734355], [128.44231224400997, 38.20372222668515], [128.44141088900264, 38.20312924194644], [128.44074822050598, 38.19967737209797], [128.43862962800821, 38.196103687489625], [128.4384484059119, 38.19256368535105], [128.43633256783608, 38.19225936344505], [128.43481220987852, 38.191015925581944], [128.43176345284553, 38.19015143743668], [128.4296095535037, 38.1900957466829], [128.42843949991186, 38.18928968420127], [128.42650593454874, 38.18914873873285], [128.42607827916, 38.18629240448302], [128.42496072913252, 38.185755320458526], [128.42442686624415, 38.184768627639684], [128.42447840600857, 38.18310936407713], [128.42232504838896, 38.18151676691329], [128.42181794124846, 38.17777206576339], [128.42114037236826, 38.17668829831937], [128.42350312082786, 38.175723123586046], [128.4241253680196, 38.17460193572997], [128.42582001260396, 38.17324844262591], [128.42756747910144, 38.17266843736727], [128.42798983474458, 38.17145085692372], [128.42964529624888, 38.170873904643024], [128.43318716052556, 38.16860545335536], [128.43377351149113, 38.16631693846454], [128.4349319443616, 38.16587294889592], [128.4356677502786, 38.164373088053075], [128.43903025315942, 38.16258352207569], [128.4374847323451, 38.1595905594742], [128.4381564990637, 38.15888503862288], [128.43848143487384, 38.15665770141042], [128.43792153875907, 38.15486880870866], [128.44194109081545, 38.15203459840348], [128.4430627852511, 38.14959788794768], [128.4491867461876, 38.14746303713579], [128.45203137746628, 38.1446713937983], [128.45351649197818, 38.14458576404653], [128.45585227081048, 38.14224595444325], [128.45880223508354, 38.14095554570416], [128.45911906071575, 38.1402362962358], [128.46278372409304, 38.13895408640945], [128.46596121944606, 38.13691578918469], [128.46454863602858, 38.135270247958395], [128.46599811035554, 38.13351892607345], [128.46600742764466, 38.131595808420414], [128.46424187006963, 38.128668999310165], [128.4654728553914, 38.12640411721598], [128.46582049056687, 38.121311491017515], [128.46485678484157, 38.119213064409614], [128.46053106483265, 38.12117988485287], [128.45807392186398, 38.12124014795091], [128.45460768650477, 38.11923381686802], [128.4528819148743, 38.116810427930645], [128.45006930966454, 38.11515677761973], [128.44597241105367, 38.11552713141792], [128.44041578344917, 38.114066547628795], [128.4371413060646, 38.11102294744914], [128.4332281939486, 38.10928239546974], [128.43192404031106, 38.109278152643824], [128.42771972304428, 38.10799119110036], [128.42618593547664, 38.10867050553638], [128.42153398203365, 38.108944490007936], [128.41631168910035, 38.110743490583275], [128.41360284494198, 38.110577130986584], [128.41098998653982, 38.11124210447183], [128.4106686263599, 38.106984195925946], [128.41142632911544, 38.1048826688052], [128.4104582182926, 38.10398542056655], [128.4109850282188, 38.10241453956229], [128.4103824970845, 38.101341750950006], [128.41028330226177, 38.09896976273041], [128.40575129317563, 38.09751703296617], [128.40424667889906, 38.09607249593178], [128.40720994426218, 38.0923171977048], [128.406550956517, 38.09140347865316], [128.40924570523808, 38.085199586615424], [128.40911327550035, 38.08337252003092], [128.40861568132826, 38.08311560625745], [128.40942794127287, 38.08164194041196], [128.41036145793785, 38.08104754262459], [128.4109192864423, 38.07932471437782], [128.40914904179007, 38.07757423030541], [128.40885691838105, 38.07664678662713], [128.41021117889136, 38.07187413082933], [128.41140019331746, 38.07037319891345], [128.41307261292917, 38.069416728058115], [128.4119212907131, 38.06760098715398], [128.41380190989258, 38.06566068586757], [128.41485589679021, 38.06262181461755], [128.41630163974233, 38.061096949228585], [128.41694833068559, 38.05952805750125], [128.42096193404862, 38.0555289114674], [128.4240222357673, 38.05391007735084], [128.423429819666, 38.05264600063305], [128.4256134850847, 38.0487335069991], [128.42828670507043, 38.05002819949247], [128.4287903273567, 38.05092874628292], [128.4311424438536, 38.05223939400132], [128.43501540597728, 38.05237226530279], [128.44038072376074, 38.05789827543306], [128.44138031091273, 38.058062791454226], [128.44267021326263, 38.05753620026894], [128.44567186327168, 38.057632820129356], [128.44926043527263, 38.05518205044242], [128.4519935221051, 38.05628328750525], [128.45480400875806, 38.055637263144746], [128.45558596588725, 38.05407799149854], [128.4601145313989, 38.053373814542965], [128.46041991953598, 38.05256575795992], [128.46168904061113, 38.05194143830405], [128.46118659962784, 38.05093539483122], [128.462969608096, 38.050218223641444], [128.4632372039616, 38.049151948751174], [128.4641858857188, 38.04968729931492], [128.4656985108317, 38.04979309563753], [128.46659339321764, 38.05078095953956], [128.46838953144322, 38.050264854995454], [128.4688574993223, 38.0507249248988], [128.47107046492266, 38.05013012647385], [128.47192620587637, 38.0490151515528], [128.4731401470607, 38.04863580230437], [128.47701149696138, 38.04824353087838], [128.47877901680238, 38.05051583446093], [128.48263688329365, 38.052029128777896], [128.48465254213525, 38.05365373577505], [128.48616742706417, 38.05394393845707], [128.48747043272044, 38.053117440553045], [128.48746178487423, 38.05220217362991], [128.4885737084911, 38.052266742346355], [128.4891552078837, 38.051123705620256], [128.4934170654812, 38.048608720600896], [128.49332514440172, 38.04720533586552], [128.4950091685395, 38.046290774333876], [128.4956719306543, 38.044765473838794], [128.4964976853806, 38.04144000107207], [128.49624261326204, 38.040711097393974], [128.50081250671795, 38.038074755134815], [128.49864437434186, 38.03422170317452], [128.49858899329914, 38.02993066141618], [128.49967668968662, 38.02789887613379], [128.4998122516637, 38.02484346863666], [128.50312370281827, 38.02196712441087], [128.50425374387245, 38.020181843267544], [128.5029232846813, 38.018864961363775], [128.50256160030554, 38.01733328320665], [128.5049723497192, 38.016227852734524], [128.50637803151065, 38.01480861932122], [128.50724466168998, 38.012658097860204], [128.50812425315496, 38.01225941367766], [128.5135742121526, 38.01295387262939], [128.51321113841735, 38.00944612760711], [128.5119847708564, 38.00642258657552], [128.51285495178044, 38.00472902885132], [128.51125010912438, 38.00207803136913], [128.50796069777343, 37.998574923478735], [128.50218006477846, 37.99492050440759], [128.5011640503174, 37.99284189337898], [128.50159892805186, 37.990854439598515], [128.5002919293623, 37.98933562782745], [128.49939372501805, 37.989025648042265], [128.49944875346165, 37.98777071007798], [128.50131789986264, 37.98722617611518], [128.50124776357444, 37.986129013518024], [128.50003653809407, 37.98482908528932], [128.49837712099176, 37.98411277986946], [128.4956733896907, 37.98373715073284], [128.49656360958832, 37.9811051546982], [128.49589903256728, 37.97897701005736], [128.4978919264098, 37.97628442035941], [128.49600951316916, 37.973745316880404], [128.4973317271586, 37.9726941791057], [128.4960231631326, 37.97037239104827], [128.49628370312882, 37.9682179185584], [128.49685837430366, 37.967426973158744], [128.4961464494171, 37.966701589043936], [128.49630402351346, 37.9658766617236], [128.49536402913617, 37.96532765591314], [128.4950845387668, 37.96405640390717], [128.49341890307096, 37.96388360189989], [128.49204132544784, 37.96448871971235], [128.48908057274016, 37.96241094483629], [128.48824718080098, 37.961265666476976], [128.48747347165897, 37.961164178100844], [128.4805153061656, 37.96183369258055], [128.47904063331856, 37.96271018766154], [128.47730020428006, 37.96296180226926], [128.4737392911527, 37.9614538160315], [128.4736401310614, 37.96096632476029], [128.47226021904703, 37.96026953348041], [128.471945743355, 37.95942747990324], [128.4737592904584, 37.95672738445409], [128.472896009391, 37.95491896688929], [128.47283863468172, 37.953473660749104], [128.47053220379792, 37.952299527427435], [128.47031726482206, 37.95127268056214], [128.46635772842913, 37.949232620744596], [128.46621939711645, 37.94774080736546], [128.46707462859118, 37.94454619855777], [128.4669068298949, 37.9414346983069], [128.46754025330011, 37.94029284502711], [128.46620170921207, 37.938249255368234], [128.46398107044882, 37.93659867109125], [128.46356056483575, 37.93566591574682], [128.4658507451069, 37.932655749903454], [128.46846223936754, 37.930973521994], [128.4723910269391, 37.9265524002091], [128.47361279894747, 37.92671308985807], [128.47513369722495, 37.925467691438485], [128.47535740102643, 37.92358637177605], [128.4766026714074, 37.922148450673916], [128.47527932340202, 37.9206349694488], [128.47517037482254, 37.91973305124815], [128.47597582161063, 37.91854919438293], [128.47488115033892, 37.913575452676966], [128.47564313180092, 37.91132072252659], [128.47486047318768, 37.90951695588423], [128.4759638239173, 37.90645851856529], [128.47459362147012, 37.90326783818329], [128.47470658350912, 37.90241788588637], [128.4734630536823, 37.900374441729326], [128.47555295156437, 37.89850141658788], [128.47684223731198, 37.896514414820096], [128.4815266132769, 37.89508300252054], [128.48177341123213, 37.894622014016285], [128.48125767922963, 37.89253950133073], [128.4776411039302, 37.88934377297191], [128.47751631603245, 37.8876308735067], [128.47536104513495, 37.88528804417274], [128.47214080945022, 37.88625565027064], [128.4707293952339, 37.8857293782544], [128.4684397524719, 37.883940436393765], [128.466320172222, 37.880959062220896], [128.46327106622715, 37.87981739096808], [128.46194178743104, 37.880185229430815], [128.46005411419054, 37.87943529848451], [128.4584620849764, 37.87944713041904], [128.45802771816574, 37.877752677722626], [128.4540193304449, 37.87529694249391], [128.44973647484977, 37.87370111810617], [128.44766906920918, 37.87347964083222], [128.44743485776655, 37.87214472567279], [128.4460736697167, 37.87078507899205], [128.44513444972907, 37.86813395638831], [128.44435674059275, 37.86757031254318], [128.4442349300787, 37.864892843782116], [128.44236679674728, 37.86438730215628], [128.44135245608695, 37.864562144575274], [128.4404324450788, 37.86398163666018], [128.4381710253841, 37.864597638515335], [128.43577869860124, 37.86450800279613], [128.43171241317708, 37.866697046272584], [128.4308547258691, 37.86832903454737], [128.4306923862468, 37.87014682720189], [128.42944406309704, 37.870973604133376], [128.4283851088253, 37.87510146026836], [128.4270596187998, 37.876021201495384], [128.42658172418191, 37.87700584277964], [128.42432535126184, 37.87778198424188], [128.42345744915573, 37.878934327384776], [128.42358993267257, 37.880135108085746], [128.42152931544513, 37.882880898362146], [128.41741751110436, 37.88345377921318], [128.414433596203, 37.885315818834194], [128.41227154077257, 37.88467262538039], [128.4131950517663, 37.88204790031486], [128.41287187458263, 37.87992881034619], [128.41158453964465, 37.878281564289374], [128.41131292694016, 37.87552870668435], [128.40938289118583, 37.87274417839016], [128.40966166094162, 37.8721459857264], [128.4068123611504, 37.86986675524642], [128.40497430898697, 37.86961166382983], [128.40272068417457, 37.867158006096666], [128.40203177844074, 37.8657152259833], [128.40210149798193, 37.863376343727204], [128.40059199669508, 37.86123754035273], [128.39714847198113, 37.862301185527755], [128.3930744816425, 37.860113827809926], [128.39094335283696, 37.859476848592365], [128.39040029344534, 37.858845042736135], [128.3865704482225, 37.859133952699224], [128.38532620771434, 37.858638748677706], [128.3824039598449, 37.85862378760461], [128.3796781392082, 37.854550539051075], [128.37894891385423, 37.854230247436725], [128.37817730856338, 37.852337285054666], [128.37622058119157, 37.85239224698662], [128.37303111982362, 37.849247921990475], [128.36614257164203, 37.84704591288928], [128.3655324792666, 37.845900418545284], [128.36537825143688, 37.843579054989654], [128.3644483698744, 37.842049308635595], [128.36460024421052, 37.84123535384078], [128.36280548484842, 37.83863482230035], [128.36636081266286, 37.836407615132536], [128.36516103854152, 37.83355614393869], [128.35928896825493, 37.83110039242223], [128.35355587316394, 37.8307153450787], [128.35206380975708, 37.82936030211882], [128.34932255185757, 37.8280119438479], [128.34746264818068, 37.82629028272997], [128.34084812702238, 37.82754247261555], [128.33758999652028, 37.82751247277574], [128.3360652660892, 37.82792981452449], [128.33453255341044, 37.82869406273868], [128.33246777715686, 37.831988483267835], [128.32834939007014, 37.833880370367574], [128.3201207462132, 37.830698624457234], [128.31758665387682, 37.83338994141399], [128.31752981049587, 37.83454624552989], [128.31661863707083, 37.83476785174083], [128.31175771679727, 37.84101085667151], [128.31114052470545, 37.84150110405612], [128.30955910272294, 37.8411459373596], [128.3074266410543, 37.843684209332395], [128.30620778001935, 37.84619683663246], [128.30540589300898, 37.849590243065244], [128.30701746551472, 37.851324329700894], [128.3068919806254, 37.85278571998151], [128.30572983640317, 37.85497958251481], [128.30570327262808, 37.85619241568421], [128.305039290711, 37.85681771882628], [128.3051164364632, 37.85760936735979], [128.30387289065757, 37.85861494986361], [128.30324535160548, 37.86012327030372], [128.30102518993604, 37.86175390622863], [128.30034432148125, 37.863384983083016], [128.2978523032952, 37.86464891287942], [128.2975903509587, 37.867311382515574], [128.29705717057035, 37.86781104454765], [128.29337148087137, 37.8697743727032], [128.29106939055737, 37.869301307261665], [128.28918694911403, 37.86837063548711], [128.28922897096487, 37.867928177826315], [128.2904516532585, 37.86778388966936], [128.29066055238516, 37.86721798263542], [128.28892162731643, 37.865510970162596], [128.28751862704704, 37.86486105518296], [128.28623313309794, 37.86518955564032], [128.2849399348052, 37.86626220170992], [128.2826646522448, 37.865891997052], [128.28097428779876, 37.86611843349643], [128.2790416747989, 37.865170117763455], [128.2774675315068, 37.86517508456942], [128.27560825470522, 37.864439599189986], [128.27308137624016, 37.86070514895061], [128.26922326907524, 37.86138976065864], [128.26753150944637, 37.86101241659986], [128.2654552358537, 37.85880699482066], [128.26293461392495, 37.85798183798651], [128.26256204880437, 37.856809889583765], [128.26136415342586, 37.85637986936986], [128.26105852269527, 37.85571760721179], [128.26108906896272, 37.855112837262254], [128.26192065488056, 37.85486351541521], [128.2607402352704, 37.85172218592728], [128.26081469150031, 37.8495871255214], [128.25974342957375, 37.84928917422791], [128.25783782602278, 37.844470325757534], [128.25680376725145, 37.844414067330526], [128.25610736202472, 37.843500606777795], [128.25610414495426, 37.839622300318915], [128.25505283415828, 37.839234851500116], [128.2540038559373, 37.83957202503349], [128.2522323149685, 37.83792532407972], [128.2514698681131, 37.838055603399425], [128.24920379154432, 37.83650588419902], [128.24754053721682, 37.8360738938119], [128.2469667300397, 37.835325181376284], [128.24733545927876, 37.83403244186286], [128.24701255340236, 37.832687894116006], [128.24260001838178, 37.832094840337895], [128.24058183885754, 37.828960422302224], [128.24004567045125, 37.82899084227757], [128.23954673037557, 37.828296766792214], [128.23868955441515, 37.825235965015345], [128.23776216731179, 37.824366206187676], [128.235363561735, 37.823340682446016], [128.23470809920494, 37.82217159755308], [128.22851399191438, 37.82188240862374], [128.22740246516628, 37.82057697584633], [128.22639006236093, 37.8209287296841], [128.22433101091454, 37.820505588510045], [128.22093796976347, 37.8180801856911], [128.2195238199383, 37.81784875881947], [128.21653312661545, 37.814903018049336], [128.21549029343527, 37.81313562026017], [128.21436645083458, 37.812356090237586], [128.21241625215455, 37.81199580972726], [128.20866375879248, 37.81268353518226], [128.20551513996162, 37.81550939834193], [128.2015006870822, 37.8162311064065], [128.20070867584042, 37.81735544763611], [128.19922985173795, 37.81797044003081], [128.19722310575023, 37.82004938134447], [128.19625903091753, 37.82204311760555], [128.19276186917733, 37.82289132552497], [128.19131218818478, 37.82418328269604], [128.18911290172616, 37.82638678342501], [128.1866099303803, 37.82998294303403], [128.18455448841914, 37.82998812473456], [128.18476357846873, 37.83052318813342], [128.18416816578264, 37.830847013706084], [128.18334826636575, 37.832874950223676], [128.18010525311138, 37.835013584488955], [128.18140593978697, 37.837513224523136], [128.18114045029193, 37.84279796747924], [128.17880011742986, 37.84507025473959], [128.17819277386332, 37.84637249373525], [128.17580605654035, 37.8466730621091], [128.17356095997602, 37.84766755571576], [128.1719086682096, 37.850141471151375], [128.1705325299131, 37.850323217093944], [128.16870163568797, 37.85125269250617], [128.16931197515456, 37.8531883553905], [128.17064493868898, 37.85460868347228], [128.17169017834428, 37.85696146787309], [128.1702240068102, 37.85848784910209], [128.16932175509294, 37.86166289225541], [128.16843974935094, 37.862793533022526], [128.1680534809491, 37.86529960025957], [128.1692104364632, 37.86658063849735], [128.16924891881348, 37.86841132675575], [128.16865109801296, 37.86885390461121], [128.16882714753572, 37.87076037055257], [128.17047827524226, 37.8739776414811], [128.17391849943422, 37.87640512676007], [128.173605850908, 37.87794539142582], [128.17444342387986, 37.87922560751025], [128.17365265245326, 37.881526254531], [128.17369039966866, 37.88319056011482], [128.1742566752462, 37.88492026437142], [128.1719211314779, 37.88476277214976], [128.1694391760737, 37.88613003351209], [128.16770101985455, 37.8859009275644], [128.1660596953169, 37.887060469430594], [128.1642261381267, 37.887068455657214], [128.16314793041016, 37.890498831693], [128.16107138998373, 37.892731565012795], [128.16073655438726, 37.8952339897247], [128.1552309136208, 37.89495475399685], [128.15275805648787, 37.895123102594425], [128.15191670361665, 37.895574461671906], [128.14961787352667, 37.89530665481501], [128.14879606955841, 37.894019913722296], [128.14495128168465, 37.89286082392104], [128.14180245147662, 37.893054657168356], [128.1404821030502, 37.89437767791902], [128.13317238857908, 37.894225211256355], [128.1327929555833, 37.89640592606932], [128.13107100393728, 37.89836248183205], [128.12932221206913, 37.89577144338311], [128.12602569194328, 37.89511914593429], [128.12304554312965, 37.895622234586696], [128.11941908327162, 37.897039609040114], [128.1162848564754, 37.89701697163723], [128.11257749465744, 37.89909198919394], [128.10725471784284, 37.90012014775113], [128.10597973115227, 37.90005920102601], [128.10224024888387, 37.897669975937404], [128.0971455023594, 37.89682815620511], [128.09476960196542, 37.89782490379382], [128.0918967321401, 37.89808437939735], [128.089714588191, 37.89974898984373], [128.08831283046362, 37.89976306787039], [128.08261437564553, 37.9017082769942], [128.07938463162395, 37.903895264281694], [128.07855372919278, 37.90573506770626], [128.07722428101795, 37.906697391214394], [128.07351243397667, 37.90830360589141], [128.06993381159606, 37.90874014110907], [128.06610326095895, 37.9104617814223], [128.06441849010278, 37.910751499992976], [128.06067647612122, 37.91350960983024], [128.06038493069076, 37.91454037902179], [128.0588931296827, 37.915781832442505], [128.05729584412447, 37.91618552312416], [128.05582171218268, 37.9176503076257], [128.0530448621519, 37.917329996115605], [128.05223626061834, 37.91911987134019], [128.04973426641212, 37.92196789877001], [128.04688654105271, 37.92202335458899], [128.04549004266948, 37.922515758479626], [128.0429095264503, 37.92637447810991], [128.03941092894746, 37.927749973776365], [128.03894750625176, 37.92856317987608], [128.03939958256507, 37.92987562707989], [128.03847097200946, 37.93069546532439], [128.03832757404274, 37.93184874971375], [128.0369023849446, 37.933861285930604], [128.03673568437253, 37.93583852910765], [128.03451769255528, 37.93676032176651], [128.03411057538585, 37.94081764537785], [128.03143887870817, 37.942535587875724], [128.03010734505943, 37.944459950585056], [128.0284053483956, 37.944190469060096], [128.02610306964203, 37.94551993608945], [128.02534480803357, 37.94485677939396], [128.02154965403486, 37.94412904329302], [128.01814927119815, 37.94278910952009], [128.01613616794356, 37.942691345632774], [128.0138028714317, 37.940347433118866], [128.01271970620775, 37.938323818250176], [128.00978022247682, 37.9383206101057], [128.00863866876387, 37.9378948576291], [128.0060992620902, 37.938738634239584], [128.00413550946212, 37.93860166256574], [128.0012217750152, 37.937272015733235], [127.99981404859285, 37.93897568635615], [127.99703679840317, 37.94090855387516], [127.99330274877542, 37.941941487256926], [127.9937346927665, 37.9435558012808], [127.9896408018944, 37.9452073667041], [127.98749539182141, 37.94867298785779], [127.98728459214534, 37.95181522859529], [127.98369693902967, 37.95345333254946], [127.98061750857809, 37.95602459354762], [127.97751228404668, 37.95706531035721], [127.9800044344949, 37.95859105578483], [127.98026928928972, 37.95955196696548], [127.98162888702663, 37.96063861158434], [127.98171599770518, 37.96216265038071], [127.98397197438723, 37.96377135776507], [127.98355326262383, 37.96509297380285], [127.98449946159154, 37.965994971861534], [127.98402588260215, 37.970405427924305], [127.98236726161828, 37.971985706127775], [127.9837083292076, 37.97430416500093], [127.98486401120296, 37.97530350991751], [127.9842827166957, 37.97702569661405], [127.98475434595656, 37.98003946390336], [127.98368540161715, 37.980777272543264], [127.98179276099683, 37.98350024392144], [127.98230219611602, 37.98516292609333], [127.98416541930526, 37.986713523186644], [127.98362339835049, 37.989067968298876], [127.9854517274815, 37.989407979313384], [127.98805096691105, 37.988794151808825], [127.99156474602417, 37.991041345459934], [127.99478730805902, 37.99082892846101], [127.99649256327356, 37.99029425008551], [127.9973221155521, 37.99050400153652], [127.99960210962034, 37.991379942954154], [128.00343073808705, 37.99563308615688], [128.004881560622, 37.99540281355191], [128.00663577317866, 37.99644581498145], [128.00886520128378, 37.99612579015783], [128.01530044868358, 37.99664143228582], [128.01650216725668, 37.99769692764686], [128.0163429295861, 37.998843276217194], [128.01878207889857, 38.000569645726], [128.01996672839337, 38.00614431858594], [128.01958795426447, 38.00736576877426], [128.02422613751827, 38.008583104131475], [128.02494195530383, 38.00957545331509], [128.0244167453299, 38.01108506538719], [128.0296082593919, 38.01465092732767], [128.03083044059017, 38.01397995662573], [128.03396822045625, 38.01465027718693], [128.0432471080064, 38.020061243736514], [128.04512103130173, 38.02032090469486], [128.04714178579107, 38.01997774375275], [128.0483769017268, 38.01877449934918], [128.04963839117204, 38.01939195239382], [128.05036428072614, 38.019174413644656], [128.05286527080997, 38.018252332684774], [128.05418356315693, 38.01723987908326], [128.05546174567795, 38.01533258763776], [128.06046043345728, 38.01483399292076], [128.06189975035085, 38.01893566293508], [128.06008638705802, 38.02214849430307], [128.06045938555, 38.024210220690776], [128.05940829082476, 38.02577968399915], [128.0591206531552, 38.02792328112523], [128.05699608198344, 38.02963643823826], [128.0563786385442, 38.03109110663505], [128.05660473702144, 38.03234286430346], [128.0589779953891, 38.035331655268415], [128.05792068680125, 38.039727904517676], [128.05898150676842, 38.040059311691785], [128.06002042536153, 38.041273716195576], [128.05996834369213, 38.042510476743786], [128.06103773700568, 38.04433994783032], [128.06032455957524, 38.04588931835836], [128.06094123978647, 38.04726640204157], [128.0638571127151, 38.04675441643296], [128.06909589162646, 38.04676630893915], [128.06881495581516, 38.045716888982525], [128.07006955860112, 38.04365133062726], [128.07421524258996, 38.040347989598004], [128.07762323334384, 38.03933557913603], [128.07904007535882, 38.03809386723237], [128.08010235976926, 38.03667095134178], [128.08040962049373, 38.0342032410041], [128.0854192052771, 38.032379248643394], [128.08864067775013, 38.03314110879784], [128.09023652699665, 38.03213296673524], [128.09182724949142, 38.02974726809158], [128.09313126827277, 38.0294194089792], [128.09451282983596, 38.02836838486652], [128.09636636702385, 38.02836900744015], [128.0968705278761, 38.02890475648503], [128.09875980045652, 38.029386807656735], [128.10319979375438, 38.02933450388923], [128.10645746678676, 38.03142182159382], [128.1073578127636, 38.03285050047558], [128.11235126587238, 38.03542058532349], [128.11373425530405, 38.037021268113335], [128.11275264596918, 38.039988518295665], [128.1127287728095, 38.04206602592771], [128.11569640494926, 38.04445894357725], [128.11658985504647, 38.04636362552802], [128.11810763235977, 38.047564775366396], [128.11618151868396, 38.05128789325112], [128.11461503810273, 38.05292914372314], [128.11486872923174, 38.054120046543446], [128.11388036527404, 38.05585728549684], [128.11398767885612, 38.0592641783053], [128.11479315333614, 38.062272792031635], [128.1154262199307, 38.062801237897354], [128.11468038115623, 38.063891170058056], [128.11437626145167, 38.06721389796008], [128.11288556186548, 38.069163595672435], [128.11297351181094, 38.07116037476355], [128.11155107022958, 38.07276197563257], [128.10791707381816, 38.07384951779994], [128.1071100652066, 38.074538502104346], [128.1060375316661, 38.07454504696834], [128.10193115676054, 38.0765457327831], [128.10134831242706, 38.07773559387039], [128.09986088571117, 38.07848141329227], [128.09715099132583, 38.081862205978204], [128.09651568649633, 38.08372746670428], [128.09506637367116, 38.08510044575747], [128.09564440087337, 38.08544112295363], [128.09526427102097, 38.08617005992984], [128.09213540048606, 38.0899234845795], [128.09185145324818, 38.09123809341644], [128.0905005334865, 38.091508871749454], [128.088846956506, 38.09291123429739], [128.08894823393385, 38.09380352444682], [128.08803594622518, 38.09580950493205], [128.0901395026925, 38.10116476589906], [128.09531173578236, 38.101358415588486], [128.09735176085172, 38.101039131061874], [128.1013065593042, 38.102889440089946], [128.10104800849095, 38.10581369177408], [128.10495162708256, 38.10862888431509], [128.10479177928588, 38.11158590999791], [128.1040619070721, 38.1124661210188], [128.10411369388692, 38.115020364005446], [128.10150990361848, 38.11941897563631], [128.10016801667712, 38.12004903422373], [128.1001820040013, 38.12156989955244], [128.09813861970443, 38.12418476385473], [128.0982795336831, 38.12662133345859], [128.09908139891633, 38.12888864385623], [128.1000387797203, 38.129805241916856], [128.09350717152284, 38.13088806628975], [128.09178815793194, 38.136052615575196], [128.0877801512683, 38.138459546666596], [128.09016098771338, 38.141790133442385], [128.08956786340917, 38.14450576807546], [128.08987048817005, 38.14659644826712], [128.08914985710405, 38.14921161256318], [128.0882542934303, 38.15026272763617], [128.08663968947172, 38.15085669044712], [128.08635197796696, 38.152221269635184], [128.08986308659252, 38.15552254191403], [128.09081749658165, 38.15755429321143], [128.09357216241364, 38.160152376402635], [128.09560353222264, 38.16073857061108], [128.0969720936104, 38.16262428678743], [128.09674647829203, 38.16668207238466], [128.09738074340896, 38.16808729459253], [128.0966433168824, 38.16967502517457], [128.09762106187367, 38.1750403246551], [128.0995693068295, 38.17610090688432], [128.10351438664011, 38.177193214356016], [128.10409767096078, 38.17826137144701], [128.10374078876595, 38.182897401786505], [128.10547518757477, 38.184880669406006], [128.09993903255804, 38.18903408718199], [128.09900020566673, 38.19229713427935], [128.1016519329812, 38.193734237329444], [128.10265205443073, 38.19586031855356], [128.1039091038034, 38.19601829754089], [128.1047550832512, 38.196772458495246], [128.1071511226032, 38.20125542226133], [128.1100544557402, 38.201452642414566], [128.11235727920376, 38.20339223490625], [128.11326242974286, 38.203440546744005], [128.11486880280174, 38.205117448083456], [128.1149142264869, 38.206545744615], [128.1155835422203, 38.20671029944539], [128.11700123778186, 38.20876638158603], [128.11812500497751, 38.20940729379739], [128.11858129449868, 38.211247311358], [128.1214420084736, 38.21342689755342], [128.12094869002058, 38.21540076224522], [128.11724142580562, 38.21819472228763], [128.11668595939696, 38.22505011824891], [128.11854755960994, 38.22575128925526], [128.119126417983, 38.22698392594879], [128.11901843541045, 38.22939362833428], [128.12001954394373, 38.231118882445415], [128.1199174578752, 38.23290656802626], [128.12246206135433, 38.23445856261158], [128.1246997040437, 38.23735354790245], [128.12497553445104, 38.23846076598373], [128.12425383945913, 38.240894228622075], [128.12850547355288, 38.24290317746158], [128.1295974422005, 38.243888652240905], [128.13235915572523, 38.24378300432072], [128.1358299888312, 38.24435674441745], [128.13698591064028, 38.2466298126582], [128.13811745499794, 38.24740700247465], [128.13996715380142, 38.248295969980006], [128.14464479244586, 38.24950685862672], [128.14548339018052, 38.250142045259736], [128.14691011616924, 38.254041025729656], [128.1483116145572, 38.25417760477541], [128.1516929893139, 38.25612237350709], [128.15392861392215, 38.2560561112788], [128.15531132661312, 38.2564941514156], [128.15657685397042, 38.25859220720862], [128.1581099940916, 38.258672855768864], [128.15948686061594, 38.261081316954304], [128.16103394611227, 38.26199194531685], [128.1597041833829, 38.263409843475635], [128.15978940934244, 38.26535085489008], [128.15923240341218, 38.26687147428792], [128.16005571675177, 38.26890339299898], [128.16116800569853, 38.26921389844054], [128.16329391143486, 38.27105213308871], [128.16436005545359, 38.27293743621416], [128.16461621468267, 38.27504010281902], [128.1676300948155, 38.27709677639478], [128.16871206928715, 38.27840035476115], [128.16901861383488, 38.28008717465154], [128.17130167826178, 38.28044300463958], [128.17239099719805, 38.28144192009966], [128.1698053941566, 38.286035010260974], [128.16929374712458, 38.28827556706961], [128.1682536589037, 38.28892177045825], [128.16868177383432, 38.29110356893782], [128.16827330277192, 38.29234744997917], [128.1695331479758, 38.29367117131081], [128.1696182930616, 38.295898614786296], [128.1713313327635, 38.299707345125874], [128.16999974211723, 38.301357416136476], [128.16779208999316, 38.30236093318688], [128.1678812138954, 38.30497116711038], [128.1690062206917, 38.306437078988544], [128.1682104420164, 38.31118932631693], [128.1688149099723, 38.31237968886371], [128.16975929448114, 38.31267740280508], [128.17068207660964, 38.31564886916602], [128.16950653535258, 38.3168275082472], [128.1677200128144, 38.3174563909242], [128.1649086082772, 38.320608718837875], [128.1618816742593, 38.32078826062509], [128.15924165476594, 38.32299730235116], [128.15803175638789, 38.326583503976636], [128.15680116824666, 38.3282787404384], [128.15490105930746, 38.32932880932197], [128.15314594500617, 38.32864401515074], [128.1510266314536, 38.32569967267195], [128.14890319050727, 38.32590745191389], [128.14787799135974, 38.32702928132185], [128.1446585879786, 38.32446035178553], [128.14351051222218, 38.32520469470927], [128.14153000464825, 38.32430635823289], [128.13879448421827, 38.32517506857167], [128.1371057510377, 38.324976784654545], [128.13456655511547, 38.32552155903309], [128.12785432211314, 38.32848075462289], [128.12531883849996, 38.32763824337716], [128.12282389376932, 38.3260891824625], [128.12174091749927, 38.326069957382494], [128.11936640538016, 38.327017434787926], [128.11787555425397, 38.326591426014616], [128.1168334894316, 38.327117175543286], [128.11587194468757, 38.326962760188756], [128.11299129776575, 38.32769941967508], [128.11037117578095, 38.32590951191754], [128.10861505315296, 38.325315139798256], [128.1074535501507, 38.32408276028493], [128.10584167864107, 38.32349671405209], [128.10174334615564, 38.32049006400251], [128.09996056232833, 38.320346525190516], [128.09812000200995, 38.31932841976603], [128.09184896298322, 38.3145743523876], [128.09030572350488, 38.3142177410419], [128.08735422336687, 38.31765985309908], [128.0916528742233, 38.32145001222425], [128.0945525516996, 38.32482280909078], [128.10464096185086, 38.330177023728275], [128.11202449655462, 38.33509115723552], [128.11533793426008, 38.33662384270196], [128.11597627143442, 38.3366007294577], [128.11895431544633, 38.33363566945686], [128.12416254163554, 38.33236238713825], [128.12806290758382, 38.33225179991263], [128.1329374050835, 38.333683892536065], [128.13585204841024, 38.33300736689148], [128.14094430095454, 38.33552960640913], [128.14441367558186, 38.34194861947726], [128.14546761899746, 38.342765972186584], [128.15111459323165, 38.34188556631859], [128.15201250817393, 38.34393021040762], [128.15356413789817, 38.344639408025174], [128.15635308583262, 38.34259338893367], [128.15775393390027, 38.34254760551085], [128.15862528085526, 38.346909373280376], [128.16143783429294, 38.348967649920915], [128.16425876238594, 38.35339912194817], [128.17500315229907, 38.364252204515594], [128.1842817823257, 38.3606036670392], [128.18759973869743, 38.36514970026983], [128.19076065970648, 38.367907683576554], [128.1919820856681, 38.37288584628553], [128.1956133504073, 38.37324581664582], [128.2014458097926, 38.37501666535009], [128.2050246595383, 38.37532014360748], [128.20709959325515, 38.375052968577165], [128.21021337524138, 38.37014236954801], [128.21245122373585, 38.37014583183853], [128.21419730355728, 38.373989703866734], [128.21602465975073, 38.376482967976564], [128.21766214452282, 38.38252460290801], [128.21956906494626, 38.38511961485576], [128.22355299536346, 38.387254258408014], [128.22615043699454, 38.389641871178895], [128.22686949367156, 38.38809205890532]]]}}, {"type": "Feature", "properties": {"code": "32600", "name": "고성군"}, "geometry": {"type": "MultiPolygon", "coordinates": [[[[128.57617172874563, 38.248606651751324], [128.57644245711327, 38.2485291353415], [128.57625626729413, 38.24840769040337], [128.57617172874563, 38.248606651751324]]], [[[128.57627680095862, 38.24870615546952], [128.57624983341796, 38.24871502201827], [128.57625849861194, 38.24872837784695], [128.57627680095862, 38.24870615546952]]], [[[128.57615296173037, 38.24880164474941], [128.5761293497265, 38.24881285609874], [128.57615566191518, 38.24882262729053], [128.57615296173037, 38.24880164474941]]], [[[128.5759135313647, 38.24891838096861], [128.57602088546707, 38.248799833231324], [128.57596869738006, 38.248749420192524], [128.5759135313647, 38.24891838096861]]], [[[128.57626500089575, 38.24908015223722], [128.57629058194425, 38.248945499715106], [128.5762142644737, 38.24898979860419], [128.57626500089575, 38.24908015223722]]], [[[128.57618230293252, 38.249095546403524], [128.57614151549282, 38.24903507588104], [128.57614436767582, 38.24911875269633], [128.57618230293252, 38.249095546403524]]], [[[128.57675703135254, 38.24899126139624], [128.5765549664163, 38.2490106691876], [128.5766938890716, 38.24913149110567], [128.57675703135254, 38.24899126139624]]], [[[128.57617206431732, 38.249178688989964], [128.5761309837247, 38.2491515047955], [128.57614481927752, 38.249176500161916], [128.57617206431732, 38.249178688989964]]], [[[128.56663431732417, 38.25281270972755], [128.5666055831538, 38.252762515529355], [128.56661045744158, 38.25281903684067], [128.56663431732417, 38.25281270972755]]], [[[128.5682378238893, 38.25296091486794], [128.56820014703604, 38.25295118227965], [128.56820653393135, 38.25296245780761], [128.5682378238893, 38.25296091486794]]], [[[128.56685438421903, 38.252997455162614], [128.56681139120917, 38.25299228013652], [128.56681179964175, 38.25299864079839], [128.56685438421903, 38.252997455162614]]], [[[128.56709097701926, 38.25298080695297], [128.5670536440692, 38.25297394934663], [128.56704600007166, 38.2530092437163], [128.56709097701926, 38.25298080695297]]], [[[128.568753201653, 38.25312474361426], [128.56886067948307, 38.2531409129663], [128.568778432292, 38.25306172983084], [128.568753201653, 38.25312474361426]]], [[[128.56602342282022, 38.25315624708112], [128.56590515224568, 38.2531821697503], [128.56598444688981, 38.25321920130443], [128.56602342282022, 38.25315624708112]]], [[[128.56682261419192, 38.25342860010316], [128.5667670774574, 38.253432549442664], [128.56676404709376, 38.25345666464465], [128.56682261419192, 38.25342860010316]]], [[[128.56595136018424, 38.25350691171503], [128.56586938897595, 38.25351450013998], [128.56589778676678, 38.25354794039151], [128.56595136018424, 38.25350691171503]]], [[[128.57847255660383, 38.25347142113656], [128.57834379906558, 38.25343753643588], [128.57845240183303, 38.253495158683705], [128.57847255660383, 38.25347142113656]]], [[[128.5783240966203, 38.25349435695277], [128.57819578676302, 38.25353562376508], [128.578325231824, 38.25352894590481], [128.5783240966203, 38.25349435695277]]], [[[128.57947557186807, 38.25356300985463], [128.5795297248065, 38.25350388954751], [128.57947724946513, 38.253495637740045], [128.57947557186807, 38.25356300985463]]], [[[128.5780061469205, 38.253636742908505], [128.57818712347736, 38.25373576913034], [128.57828213169262, 38.2535721225668], [128.5780061469205, 38.253636742908505]]], [[[128.576901097989, 38.25438872342592], [128.57685794405074, 38.25437119793359], [128.57686228248883, 38.25439535750012], [128.576901097989, 38.25438872342592]]], [[[128.57706060836702, 38.254410595432596], [128.57702191337523, 38.25438497763291], [128.57705006897226, 38.25441759186082], [128.57706060836702, 38.254410595432596]]], [[[128.57698923808445, 38.25439288738423], [128.57694655967052, 38.2543292208439], [128.57696200345973, 38.254418328062044], [128.57698923808445, 38.25439288738423]]], [[[128.58071835362136, 38.25436138799103], [128.5806655907079, 38.25437590220934], [128.58071734435927, 38.254376582726834], [128.58071835362136, 38.25436138799103]]], [[[128.578083477696, 38.25451469741291], [128.57803781172768, 38.254520560291176], [128.5780717467164, 38.254555675212146], [128.578083477696, 38.25451469741291]]], [[[128.57705713426955, 38.25458218228862], [128.57703337442146, 38.25455237014365], [128.57703045471519, 38.25459428353478], [128.57705713426955, 38.25458218228862]]], [[[128.5787106572922, 38.254581742496654], [128.57864143648825, 38.25452191822605], [128.5786450932188, 38.25460521799439], [128.5787106572922, 38.254581742496654]]], [[[128.57686855290822, 38.254527648541604], [128.5766995596557, 38.25459770413723], [128.576725860897, 38.25463353656704], [128.57686855290822, 38.254527648541604]]], [[[128.57694345995114, 38.25467640207407], [128.57701237815704, 38.25462057922949], [128.57691810460318, 38.254669507984374], [128.57694345995114, 38.25467640207407]]], [[[128.58061111579866, 38.254950957846674], [128.5805396247107, 38.254925648644985], [128.5805248738335, 38.25497376866364], [128.58061111579866, 38.254950957846674]]], [[[128.5804288734513, 38.25504318087273], [128.5803726758582, 38.255022752311405], [128.58036106668814, 38.25506014238005], [128.5804288734513, 38.25504318087273]]], [[[128.5803133883682, 38.25506318044405], [128.58024552033223, 38.25503571264723], [128.58025605092712, 38.255074605781616], [128.5803133883682, 38.25506318044405]]], [[[128.5777956453407, 38.25506696805379], [128.57771278976622, 38.25509239887563], [128.57778501665962, 38.25513028037676], [128.5777956453407, 38.25506696805379]]], [[[128.5776412841589, 38.2550567637382], [128.57800313670683, 38.25441833880696], [128.57752929051154, 38.254250546655854], [128.57697256778354, 38.254907314154295], [128.5776412841589, 38.2550567637382]]], [[[128.58021007964075, 38.255323552893515], [128.58009827609519, 38.2549383672388], [128.58074821512974, 38.25479762271351], [128.5805526520906, 38.254227753650625], [128.5807442268463, 38.25425740024183], [128.57973236794646, 38.253586101081524], [128.57877956215873, 38.25367684427561], [128.57878143995597, 38.25470096754841], [128.58021007964075, 38.255323552893515]]], [[[128.58242934405027, 38.255427822542465], [128.58238978077057, 38.255395302238874], [128.58241239442387, 38.25544075088406], [128.58242934405027, 38.255427822542465]]], [[[128.58237385092977, 38.25546248679628], [128.5822779330685, 38.25541565230497], [128.58229015956, 38.255462622497014], [128.58237385092977, 38.25546248679628]]], [[[128.58147571608902, 38.25585369508147], [128.58140166734725, 38.255828017059635], [128.581455615479, 38.25587736233971], [128.58147571608902, 38.25585369508147]]], [[[128.5817904705697, 38.25611551413466], [128.58164593273176, 38.25614503471415], [128.5817938450262, 38.256175209998055], [128.5817904705697, 38.25611551413466]]], [[[128.58174970617029, 38.25621150321139], [128.58157841769545, 38.2562040808728], [128.5816424547248, 38.25633351396386], [128.58174970617029, 38.25621150321139]]], [[[128.5615356495454, 38.26051388618578], [128.561674318238, 38.260379623275625], [128.56161588151704, 38.2603215046332], [128.5615356495454, 38.26051388618578]]], [[[128.56146490008192, 38.260595556140096], [128.56151651753342, 38.26040467177731], [128.56147211849768, 38.26038311086402], [128.56146490008192, 38.260595556140096]]], [[[128.56065692495343, 38.26137726633326], [128.5608404764078, 38.26132760293605], [128.56062994258255, 38.261368743233895], [128.56065692495343, 38.26137726633326]]], [[[128.56087198379714, 38.26143097383542], [128.56095427323382, 38.261346856742286], [128.56081338729862, 38.26139505133314], [128.56087198379714, 38.26143097383542]]], [[[128.56080751003435, 38.26144127182944], [128.56076496658332, 38.26141560777686], [128.56077654830392, 38.2614566867229], [128.56080751003435, 38.26144127182944]]], [[[128.56071456913756, 38.26143621271163], [128.56074381086256, 38.26146066323866], [128.560744214873, 38.26144128530028], [128.56071456913756, 38.26143621271163]]], [[[128.56047157165958, 38.261492013339044], [128.56069677858292, 38.2613963885002], [128.56045716520225, 38.261444058399256], [128.56047157165958, 38.261492013339044]]], [[[128.56067731958868, 38.26150829504281], [128.56111639941938, 38.26150569490833], [128.5611950253182, 38.26145968344012], [128.56067731958868, 38.26150829504281]]], [[[128.56051336842276, 38.26154085264145], [128.56053407732287, 38.261507506219395], [128.56049143020465, 38.26152565279157], [128.56051336842276, 38.26154085264145]]], [[[128.56064552147538, 38.26156555359133], [128.56100654954244, 38.261581788193475], [128.56103979261363, 38.26152031863037], [128.56064552147538, 38.26156555359133]]], [[[128.56017247293332, 38.264533794638226], [128.56023336395472, 38.26454120394631], [128.56030873157087, 38.264516593881176], [128.56017247293332, 38.264533794638226]]], [[[128.55994526200737, 38.26483783667687], [128.5600736688282, 38.26478731898333], [128.56030573278528, 38.26468238108346], [128.56003777672032, 38.26463632238752], [128.55995841370913, 38.2646978081576], [128.55994526200737, 38.26483783667687]]], [[[128.5617895020551, 38.265117841085434], [128.56182586818738, 38.26499885290053], [128.56169340326775, 38.2650244834821], [128.5617895020551, 38.265117841085434]]], [[[128.56037561153758, 38.26510591265799], [128.5609980404429, 38.26493813783834], [128.56118291333047, 38.26469634858281], [128.5604231722573, 38.26480260138309], [128.56037561153758, 38.26510591265799]]], [[[128.56016625499407, 38.265407627226274], [128.5600734799151, 38.26541542283615], [128.5600785645031, 38.26547221639304], [128.56016625499407, 38.265407627226274]]], [[[128.5603683326618, 38.26550249047287], [128.56035226318915, 38.26540609056783], [128.56031582420533, 38.265446024569954], [128.5603683326618, 38.26550249047287]]], [[[128.56101501897595, 38.26589511916953], [128.56100533753437, 38.265861677998906], [128.5609715083895, 38.26588550736049], [128.56101501897595, 38.26589511916953]]], [[[128.56037156022256, 38.26600562643524], [128.56027891873433, 38.26599907369632], [128.56028484694122, 38.26602047259377], [128.56037156022256, 38.26600562643524]]], [[[128.56028588522884, 38.26615919410045], [128.56026215052125, 38.2661384571881], [128.5602502841295, 38.266144981053195], [128.56028588522884, 38.26615919410045]]], [[[128.56009103548777, 38.2661730670419], [128.56001829714552, 38.26616430834413], [128.55999117669782, 38.26618446835887], [128.56009103548777, 38.2661730670419]]], [[[128.56095525442018, 38.26610210760909], [128.56098282694578, 38.26619146045484], [128.5610136096326, 38.26612777637262], [128.56095525442018, 38.26610210760909]]], [[[128.56024907136296, 38.26620969548262], [128.5602038749083, 38.26620096739306], [128.56018982142268, 38.26621996937969], [128.56024907136296, 38.26620969548262]]], [[[128.56076101448727, 38.26624103563346], [128.56070167950395, 38.26621370655623], [128.56066231521027, 38.2662192966571], [128.56076101448727, 38.26624103563346]]], [[[128.5607991978317, 38.26622451184953], [128.56110090161422, 38.26623551460175], [128.56112126857897, 38.26622322171412], [128.5607991978317, 38.26622451184953]]], [[[128.5605549047554, 38.266234281449734], [128.560378650506, 38.26626497284045], [128.56060656335288, 38.26625583652881], [128.5605549047554, 38.266234281449734]]], [[[128.55994051708478, 38.26630037497695], [128.55992353578813, 38.26623999752534], [128.55985458201621, 38.26625978199463], [128.55994051708478, 38.26630037497695]]], [[[128.56012521342055, 38.26630515720394], [128.56004048191267, 38.26631906423784], [128.56015996332087, 38.26631789999074], [128.56012521342055, 38.26630515720394]]], [[[128.55979681646505, 38.26632674478945], [128.55994973530954, 38.266338939308454], [128.5599769413359, 38.266331898385424], [128.55979681646505, 38.26632674478945]]], [[[128.55979161917713, 38.26636098554847], [128.55963769040665, 38.26631106796827], [128.55961647693516, 38.266325067931746], [128.55979161917713, 38.26636098554847]]], [[[128.55970659692358, 38.266441584711366], [128.559785595727, 38.26636842269015], [128.55952886723588, 38.2663998901291], [128.55970659692358, 38.266441584711366]]], [[[128.5606745714548, 38.26643449999302], [128.5607464739749, 38.266373194749725], [128.5607069997275, 38.266360541710334], [128.5606745714548, 38.26643449999302]]], [[[128.5591166163392, 38.266474782726256], [128.55900372207455, 38.26641807365727], [128.55903202770045, 38.266512724891086], [128.5591166163392, 38.266474782726256]]], [[[128.55789346707422, 38.27034937884285], [128.55782955095447, 38.270314056243734], [128.55789204665842, 38.27039472262809], [128.55789346707422, 38.27034937884285]]], [[[128.55781885538946, 38.27052270581448], [128.5577761787683, 38.27051258965459], [128.5577988057721, 38.2705484846137], [128.55781885538946, 38.27052270581448]]], [[[128.5580713623197, 38.27049689107373], [128.55805372861636, 38.270474555838256], [128.55804970367527, 38.27057832166516], [128.5580713623197, 38.27049689107373]]], [[[128.55817444070385, 38.2722595488449], [128.5581550076106, 38.272236456622764], [128.55815146153768, 38.27227269749996], [128.55817444070385, 38.2722595488449]]], [[[128.55786781746517, 38.2722704662981], [128.55810745332238, 38.27221989405495], [128.55789783440264, 38.272180436731], [128.55786781746517, 38.2722704662981]]], [[[128.55796010551865, 38.27237645119261], [128.55793351158582, 38.27238408814465], [128.55794379066506, 38.27240832637737], [128.55796010551865, 38.27237645119261]]], [[[128.5580443056032, 38.272395210348726], [128.5580075329933, 38.272368197387514], [128.5580249295898, 38.27241118873474], [128.5580443056032, 38.272395210348726]]], [[[128.5565051845184, 38.27481351891685], [128.55658276818406, 38.27480232653035], [128.55656286938455, 38.27472060541444], [128.5565051845184, 38.27481351891685]]], [[[128.5565775061307, 38.27486158352857], [128.55681596642077, 38.274703551379986], [128.5573406531693, 38.27431441569535], [128.5565775061307, 38.27486158352857]]], [[[128.55500816925039, 38.27510616938723], [128.55526101786862, 38.27498179021698], [128.55481597598393, 38.275103250860035], [128.55500816925039, 38.27510616938723]]], [[[128.55404729508098, 38.275305120322805], [128.55400945857787, 38.275278535643935], [128.5539877958461, 38.27529081370573], [128.55404729508098, 38.275305120322805]]], [[[128.5538819741165, 38.27529018540682], [128.55380835675837, 38.275299022468154], [128.55391255383478, 38.275310950402215], [128.5538819741165, 38.27529018540682]]], [[[128.5540520515953, 38.27536352477967], [128.5539993277905, 38.275333450976994], [128.55398632908037, 38.27535083497255], [128.5540520515953, 38.27536352477967]]], [[[128.5544924015034, 38.276074315143326], [128.55464669202078, 38.27606190104175], [128.55467922927625, 38.27602764728713], [128.55453103040708, 38.276010528043365], [128.5544924015034, 38.276074315143326]]], [[[128.5539682321507, 38.276151313236646], [128.55394368437794, 38.27618325641318], [128.5539793331087, 38.27619971492003], [128.5539682321507, 38.276151313236646]]], [[[128.55434983980584, 38.276234817081146], [128.5543526701231, 38.276132659130376], [128.5542839842049, 38.2761587500318], [128.55434983980584, 38.276234817081146]]], [[[128.55370618677156, 38.27794315061247], [128.55369617484484, 38.27791536606424], [128.5536796577701, 38.27794595913493], [128.55370618677156, 38.27794315061247]]], [[[128.55390884496953, 38.27799992162091], [128.55385031725004, 38.27795522098054], [128.55383271927022, 38.27798363924525], [128.55390884496953, 38.27799992162091]]], [[[128.55371999513864, 38.27798759870702], [128.55378084584544, 38.277994171723115], [128.5537492485038, 38.277966198947524], [128.55371999513864, 38.27798759870702]]], [[[128.55370006692047, 38.278127213124975], [128.55387820818902, 38.278186123957674], [128.55395902606853, 38.278112414239935], [128.55370006692047, 38.278127213124975]]], [[[128.5541110040047, 38.27868424086698], [128.55387252696045, 38.278683613020384], [128.5538266756884, 38.278753922842355], [128.5541110040047, 38.27868424086698]]], [[[128.55417028674486, 38.27906666350653], [128.55411747861757, 38.2790492922194], [128.55413822203758, 38.27909385638156], [128.55417028674486, 38.27906666350653]]], [[[128.55332425004661, 38.27895182759438], [128.554078810936, 38.279074001188356], [128.5536575042869, 38.27880155009206], [128.55396408442942, 38.27859671222759], [128.5541228976284, 38.27857031461811], [128.5542005082727, 38.278325408807746], [128.55358947497822, 38.278272230749096], [128.5536620716842, 38.27822341803204], [128.5535219824054, 38.27790781918247], [128.55357173442965, 38.27832702690964], [128.55328327946987, 38.27854339154602], [128.55365049909526, 38.2785231801585], [128.55370338769762, 38.27863189231216], [128.55332425004661, 38.27895182759438]]], [[[128.554066730815, 38.27923117642421], [128.5540747368886, 38.27912559608801], [128.55380256830713, 38.27917101990012], [128.554066730815, 38.27923117642421]]], [[[128.55374792900872, 38.27934127724983], [128.55383969679232, 38.2793382936567], [128.55398099375816, 38.2792832454581], [128.5538605277202, 38.27925036461042], [128.55374792900872, 38.27934127724983]]], [[[128.5541301681708, 38.27936009967964], [128.55409895305388, 38.27934406282029], [128.55411135924763, 38.279369623252855], [128.5541301681708, 38.27936009967964]]], [[[128.55421803216498, 38.279376838726584], [128.5541704185925, 38.27935675680694], [128.55418001399389, 38.279382117185776], [128.55421803216498, 38.279376838726584]]], [[[128.55400353207153, 38.27945716599074], [128.5539446961483, 38.27947489688636], [128.55396228873624, 38.2795009622827], [128.55400353207153, 38.27945716599074]]], [[[128.55389751965362, 38.27951303998769], [128.55387464128222, 38.2794693150665], [128.55388431904979, 38.27953533197157], [128.55389751965362, 38.27951303998769]]], [[[128.55382965317463, 38.27944072181671], [128.5536542526015, 38.27953018697378], [128.55378295271603, 38.279569531455316], [128.55382965317463, 38.27944072181671]]], [[[128.55183216736722, 38.284116511546024], [128.55178288606865, 38.28410907140266], [128.55180897338562, 38.28413570981145], [128.55183216736722, 38.284116511546024]]], [[[128.55693331220243, 38.28665063734834], [128.55699770093673, 38.28655470198942], [128.55689843911918, 38.28658147005444], [128.55693331220243, 38.28665063734834]]], [[[128.55759045432004, 38.287140014401025], [128.55868354853962, 38.28641287825302], [128.5584561470572, 38.28608164479441], [128.55683689884856, 38.28678899995399], [128.55759045432004, 38.287140014401025]]], [[[128.54954870902617, 38.28747488264459], [128.54954711293746, 38.287433607072906], [128.5495350996025, 38.28747072365514], [128.54954870902617, 38.28747488264459]]], [[[128.549732569018, 38.28768065650138], [128.54970172774614, 38.287681231677496], [128.54971756738405, 38.28771685897729], [128.549732569018, 38.28768065650138]]], [[[128.54981862668723, 38.28768408423338], [128.54976286159462, 38.28762055948679], [128.54979013548027, 38.287743181019906], [128.54981862668723, 38.28768408423338]]], [[[128.54937753698087, 38.287799982696534], [128.54933347033977, 38.28739792339446], [128.5490268022224, 38.28756419073218], [128.54937753698087, 38.287799982696534]]], [[[128.54856607377394, 38.287807323407634], [128.54864489299936, 38.2878348609915], [128.54863774032063, 38.28780121065176], [128.54856607377394, 38.287807323407634]]], [[[128.54877856830038, 38.287804807424216], [128.5487372056704, 38.2877826938131], [128.54872619460315, 38.287861361567245], [128.54877856830038, 38.287804807424216]]], [[[128.5488234001841, 38.287853302674826], [128.5487792411422, 38.28787761920134], [128.5488020682443, 38.28790366016571], [128.5488234001841, 38.287853302674826]]], [[[128.5500873317146, 38.2878702827361], [128.54996473957002, 38.287793084699636], [128.54995345809883, 38.2878893988755], [128.5500873317146, 38.2878702827361]]], [[[128.54984843776438, 38.28777867523363], [128.54979239827594, 38.287797072969745], [128.54988616959406, 38.287907960422054], [128.54984843776438, 38.28777867523363]]], [[[128.54867799423081, 38.28795128083837], [128.54863110372187, 38.287962983153704], [128.54865814120737, 38.28796965735097], [128.54867799423081, 38.28795128083837]]], [[[128.5485192727242, 38.288339724354564], [128.54844698196814, 38.28825321442663], [128.54848850095755, 38.28839299235489], [128.5485192727242, 38.288339724354564]]], [[[128.54852383672852, 38.28902517647901], [128.5484749417113, 38.28899552028996], [128.548491771537, 38.28904610619732], [128.54852383672852, 38.28902517647901]]], [[[128.54927701536, 38.28974676395145], [128.549217840353, 38.289745411507646], [128.54922668861707, 38.28978735578911], [128.54927701536, 38.28974676395145]]], [[[128.54932053540333, 38.29116192305197], [128.5492705565608, 38.29111080468534], [128.5492100826107, 38.29118957960972], [128.54932053540333, 38.29116192305197]]], [[[128.5492987543801, 38.291255299368146], [128.54927156416804, 38.29125462514745], [128.54927859978108, 38.29127231785062], [128.5492987543801, 38.291255299368146]]], [[[128.5520811795452, 38.29406224260072], [128.55270198971593, 38.29397269564058], [128.5530730109155, 38.29368889927019], [128.552015198821, 38.293646506348615], [128.5520811795452, 38.29406224260072]]], [[[128.55098534548617, 38.29413261088098], [128.55088370360633, 38.29392832516591], [128.55084412343928, 38.293957300346456], [128.55098534548617, 38.29413261088098]]], [[[128.5507837809221, 38.294164477360994], [128.55054984290084, 38.29413114976388], [128.550768700807, 38.294257768639135], [128.5507837809221, 38.294164477360994]]], [[[128.5511668364942, 38.29432742664594], [128.55110177197068, 38.294329321835846], [128.55114795008186, 38.29435010088232], [128.5511668364942, 38.29432742664594]]], [[[128.55076626165953, 38.29445480022628], [128.5510218949937, 38.294328736201], [128.55068969495002, 38.29435120353867], [128.55076626165953, 38.29445480022628]]], [[[128.55154763297864, 38.29483177112199], [128.5514621987908, 38.294822533531885], [128.55151681465708, 38.294850624908], [128.55154763297864, 38.29483177112199]]], [[[128.55038085495335, 38.29496555339185], [128.55079982507658, 38.29464213041941], [128.55161111853994, 38.29470072855225], [128.55116194655915, 38.2944217297343], [128.54982141347517, 38.294723027298694], [128.55038085495335, 38.29496555339185]]], [[[128.54995106761586, 38.2967883076708], [128.54984963138014, 38.29672040646815], [128.54984403485545, 38.296740250709405], [128.54995106761586, 38.2967883076708]]], [[[128.5514740665485, 38.297863770922554], [128.55148961493225, 38.297625469137934], [128.55118502159618, 38.297792458834756], [128.5514740665485, 38.297863770922554]]], [[[128.55184477907008, 38.298261960944025], [128.55159916151922, 38.298159150745214], [128.55180745967664, 38.29832044696853], [128.55184477907008, 38.298261960944025]]], [[[128.5514886229743, 38.303368326577115], [128.55137066157494, 38.30341903782641], [128.5514780704085, 38.30345040224625], [128.5514886229743, 38.303368326577115]]], [[[128.5512469994912, 38.30387484968844], [128.55114322139943, 38.30365814167626], [128.55115110584168, 38.303863060640374], [128.5512469994912, 38.30387484968844]]], [[[128.547274100998, 38.30606198158818], [128.54715166314196, 38.306036763078914], [128.5471727796229, 38.306090302756246], [128.547274100998, 38.30606198158818]]], [[[128.54556286352948, 38.30670767915684], [128.545422211664, 38.30659276899556], [128.54536924620166, 38.30672202004345], [128.54556286352948, 38.30670767915684]]], [[[128.54463235212162, 38.30969558226997], [128.54455395632334, 38.309683971783684], [128.54461675208435, 38.30972028631948], [128.54463235212162, 38.30969558226997]]], [[[128.5449129171664, 38.30987321640493], [128.5447464272156, 38.30986012880521], [128.54480537316587, 38.30995948814024], [128.5449129171664, 38.30987321640493]]], [[[128.5442400282587, 38.30998943762645], [128.54463861588061, 38.30977103684087], [128.54407934055942, 38.30992203032172], [128.5442400282587, 38.30998943762645]]], [[[128.54493874165158, 38.309983951986446], [128.54490170446027, 38.30995919774563], [128.5448784604185, 38.31000628562158], [128.54493874165158, 38.309983951986446]]], [[[128.54526830267136, 38.31004815536976], [128.54514985516423, 38.310021347378814], [128.54518966554522, 38.31008016589273], [128.54526830267136, 38.31004815536976]]], [[[128.54456963114166, 38.310225628998495], [128.54475239940697, 38.309998158588215], [128.54466334669684, 38.309887768047055], [128.54451364425475, 38.31005514695482], [128.54456963114166, 38.310225628998495]]], [[[128.54435249966556, 38.31030345142545], [128.54429477900175, 38.31003764779773], [128.5442963279709, 38.310294070735445], [128.54435249966556, 38.31030345142545]]], [[[128.5444460898056, 38.310366715513766], [128.54436756415132, 38.31036268701965], [128.54442018853985, 38.31039284505349], [128.5444460898056, 38.310366715513766]]], [[[128.54426348509423, 38.31034612128752], [128.5441824082278, 38.31028262849434], [128.54422377117066, 38.31040165939355], [128.54426348509423, 38.31034612128752]]], [[[128.544361142346, 38.31045371386206], [128.54425941599376, 38.310428300754545], [128.5442677429821, 38.31047513445303], [128.544361142346, 38.31045371386206]]], [[[128.5445717509517, 38.31064328361845], [128.54448287764757, 38.31063761343667], [128.54450155441415, 38.31066439861602], [128.5445717509517, 38.31064328361845]]], [[[128.544371724774, 38.310587697639114], [128.5442856235939, 38.310578165283076], [128.54435237908692, 38.310675277984544], [128.544371724774, 38.310587697639114]]], [[[128.5432818653743, 38.31141282193401], [128.54340064863092, 38.31134361960708], [128.54338642478214, 38.311323771787144], [128.5432818653743, 38.31141282193401]]], [[[128.545454682437, 38.31247109623285], [128.54552394721316, 38.31235751252782], [128.5453464428453, 38.31234741146859], [128.545454682437, 38.31247109623285]]], [[[128.54990601366336, 38.313096865992385], [128.54985687524345, 38.31307990355706], [128.54986222395232, 38.31311132941396], [128.54990601366336, 38.313096865992385]]], [[[128.54992388893913, 38.31316156400366], [128.54988496207508, 38.3131585311379], [128.54989203390937, 38.313179521819315], [128.54992388893913, 38.31316156400366]]], [[[128.54984019173781, 38.31310205494926], [128.5496819408492, 38.31313207025311], [128.54982639432737, 38.31321949390332], [128.54984019173781, 38.31310205494926]]], [[[128.54973173669933, 38.31320097782546], [128.54970309848147, 38.31328703620458], [128.54973343210997, 38.313303891242825], [128.54973173669933, 38.31320097782546]]], [[[128.5497986319857, 38.313325277281194], [128.549750535814, 38.31330937069971], [128.54976102477238, 38.313349438182954], [128.5497986319857, 38.313325277281194]]], [[[128.54991018649085, 38.31331516572753], [128.54981932250612, 38.313331454600274], [128.54988365153753, 38.31339270874614], [128.54991018649085, 38.31331516572753]]], [[[128.550377124586, 38.313416718027554], [128.5502368495921, 38.31339629839259], [128.5503515649441, 38.313441160543285], [128.550377124586, 38.313416718027554]]], [[[128.55026022288803, 38.312909221329114], [128.55001979066535, 38.31363593504031], [128.55016596158458, 38.31341093608533], [128.55040290468636, 38.313291091484864], [128.55026022288803, 38.312909221329114]]], [[[128.54522915310554, 38.313789940641904], [128.54547175283395, 38.31264109552871], [128.54489345336603, 38.313294961074746], [128.54522915310554, 38.313789940641904]]], [[[128.54956868405964, 38.31378746062915], [128.54979902335253, 38.31353035231212], [128.54952573341262, 38.31307953276556], [128.54908252911375, 38.313386297895185], [128.54956868405964, 38.31378746062915]]], [[[128.5450863425896, 38.313907194956485], [128.5449523039139, 38.31386985545593], [128.54502421942018, 38.31396207864297], [128.5450863425896, 38.313907194956485]]], [[[128.54961760410333, 38.3138679529752], [128.54951771173322, 38.31383834466706], [128.54960168771902, 38.31394880745659], [128.54961760410333, 38.3138679529752]]], [[[128.5454764643983, 38.31401143389177], [128.54587425229465, 38.31381063844842], [128.54591421177676, 38.31358170005489], [128.54550377933023, 38.31370190889858], [128.5454764643983, 38.31401143389177]]], [[[128.55019886115173, 38.31411483332597], [128.55008588751517, 38.31406192569384], [128.5501179976997, 38.314146964410185], [128.55019886115173, 38.31411483332597]]], [[[128.55019200088995, 38.31419844558948], [128.55015737892833, 38.314163141726574], [128.55015287221178, 38.314207708879515], [128.55019200088995, 38.31419844558948]]], [[[128.55019326812058, 38.314285582691795], [128.5501156983233, 38.314250753494676], [128.55017644551356, 38.31430492180795], [128.55019326812058, 38.314285582691795]]], [[[128.54538150215825, 38.31461759737972], [128.5453285833299, 38.31457928471962], [128.54528846584645, 38.31462816503354], [128.54538150215825, 38.31461759737972]]], [[[128.5451886614572, 38.31477004464919], [128.5453710880832, 38.31472885042364], [128.54532098012743, 38.314665478992254], [128.5451886614572, 38.31477004464919]]], [[[128.54524108729046, 38.31489089245509], [128.545154194859, 38.314852979818035], [128.54523302877607, 38.314905068154516], [128.54524108729046, 38.31489089245509]]], [[[128.5447612597916, 38.31810736798963], [128.5442171069717, 38.318102821768846], [128.54430315877084, 38.31887790745611], [128.544674320315, 38.318606295781336], [128.5447612597916, 38.31810736798963]]], [[[128.53454497232605, 38.31953371258406], [128.5344222772459, 38.31945659714003], [128.53453557318716, 38.31954219834467], [128.53454497232605, 38.31953371258406]]], [[[128.53467589419233, 38.31953819647812], [128.53458811039087, 38.31952039883361], [128.5346587221379, 38.31956463166167], [128.53467589419233, 38.31953819647812]]], [[[128.53358331010904, 38.32012929704089], [128.53354648119557, 38.32012712526615], [128.53358229293832, 38.32015836450782], [128.53358331010904, 38.32012929704089]]], [[[128.533448508019, 38.32023558908424], [128.53338436091423, 38.32020450394905], [128.53340281215705, 38.32026409856905], [128.533448508019, 38.32023558908424]]], [[[128.533992869253, 38.32028865024598], [128.5339738657768, 38.320259872839465], [128.53396980819718, 38.320289666449774], [128.533992869253, 38.32028865024598]]], [[[128.5338059101147, 38.31996270175055], [128.5349409082825, 38.31998318910881], [128.53467822040733, 38.319619923497704], [128.5338059101147, 38.31996270175055]]], [[[128.5335745039125, 38.32034035429949], [128.5335208087679, 38.32031869206546], [128.5335485857848, 38.32036267488707], [128.5335745039125, 38.32034035429949]]], [[[128.5317326486897, 38.32073813924463], [128.53170664226923, 38.320729503759345], [128.53172406219267, 38.32075056401518], [128.5317326486897, 38.32073813924463]]], [[[128.53089740206428, 38.32128046919909], [128.5314577900847, 38.32113088569411], [128.5316192781441, 38.320730957189014], [128.5310845874595, 38.320758099308016], [128.53089740206428, 38.32128046919909]]], [[[128.5297965801351, 38.3282905595584], [128.5297827183324, 38.3282730735281], [128.52976204897976, 38.32828417944097], [128.5297965801351, 38.3282905595584]]], [[[128.52973018291289, 38.32839288509327], [128.52966345193855, 38.32838585222922], [128.529698515152, 38.328407272428805], [128.52973018291289, 38.32839288509327]]], [[[128.52979277501657, 38.32843187496353], [128.52976574526556, 38.32840292767606], [128.52975178577321, 38.32842850210046], [128.52979277501657, 38.32843187496353]]], [[[128.52891204145584, 38.32848396835604], [128.5288460522557, 38.32840972381598], [128.528882847245, 38.32849554363729], [128.52891204145584, 38.32848396835604]]], [[[128.52878090333826, 38.328488450613655], [128.52868877066786, 38.32847834252078], [128.5287767604168, 38.3285152176166], [128.52878090333826, 38.328488450613655]]], [[[128.5286790765239, 38.3285356883564], [128.52858626916432, 38.32855733287069], [128.52869399965886, 38.32857808985024], [128.5286790765239, 38.3285356883564]]], [[[128.528965750003, 38.32855211851446], [128.528864648656, 38.32852063244989], [128.5289096975496, 38.32858092078906], [128.528965750003, 38.32855211851446]]], [[[128.53545351921696, 38.334135481216016], [128.5354762671303, 38.33407107855631], [128.53541211763425, 38.33412090481558], [128.53545351921696, 38.334135481216016]]], [[[128.53167083707663, 38.334506479018664], [128.53160971189993, 38.33448165867267], [128.53159987082432, 38.334530626578065], [128.53167083707663, 38.334506479018664]]], [[[128.53174908726658, 38.334551087810354], [128.5317331337594, 38.33451708874616], [128.53171874636925, 38.3345276882265], [128.53174908726658, 38.334551087810354]]], [[[128.53173070921426, 38.334622209445456], [128.53181018578692, 38.334663084529005], [128.5318170349539, 38.3346405914821], [128.53173070921426, 38.334622209445456]]], [[[128.53178174917372, 38.33483075689479], [128.53187458440283, 38.33468917910569], [128.53172760216378, 38.3347776332694], [128.53178174917372, 38.33483075689479]]], [[[128.53194951935333, 38.3351392102186], [128.5319825868759, 38.33489512540191], [128.53173647876173, 38.33509067774685], [128.53194951935333, 38.3351392102186]]], [[[128.53250675430093, 38.33518161116631], [128.53241830836396, 38.33516908811426], [128.53242637980168, 38.33521241544812], [128.53250675430093, 38.33518161116631]]], [[[128.53695640457872, 38.33529492817005], [128.53689760631724, 38.33526222881822], [128.5369374036746, 38.335316707964544], [128.53695640457872, 38.33529492817005]]], [[[128.53638484177375, 38.335301471617825], [128.53693101154414, 38.33520844426945], [128.5369105410454, 38.33511651952352], [128.53638484177375, 38.335301471617825]]], [[[128.53081054437897, 38.33546009829556], [128.53082233108702, 38.335345554340684], [128.53068459324203, 38.33543891860979], [128.53081054437897, 38.33546009829556]]], [[[128.53582955904216, 38.33563714771543], [128.5353660192502, 38.33580194678521], [128.5354483645949, 38.33589373640786], [128.53582955904216, 38.33563714771543]]], [[[128.53294149705988, 38.33707296439118], [128.53275293476725, 38.33703216230403], [128.53288988258515, 38.33713488295529], [128.53294149705988, 38.33707296439118]]], [[[128.533132715825, 38.33716021245239], [128.53407315353942, 38.33600632332638], [128.5363917763951, 38.335051273927405], [128.53633473917967, 38.33417510371805], [128.53546867747323, 38.334195486533126], [128.53495676603055, 38.334743258789814], [128.53444124598292, 38.334230366639446], [128.53471313758754, 38.33483783084424], [128.53390109575045, 38.33452125541438], [128.53191956022502, 38.33566617192284], [128.53214660403546, 38.3366038936191], [128.533132715825, 38.33716021245239]]], [[[128.51588151014053, 38.35386138888781], [128.51581566810657, 38.3538033343172], [128.51586969121433, 38.35386818542442], [128.51588151014053, 38.35386138888781]]], [[[128.51623242461224, 38.354070613551016], [128.5163015021689, 38.353991584948005], [128.51622566257456, 38.35406034257621], [128.51623242461224, 38.354070613551016]]], [[[128.51312023554064, 38.35566997881179], [128.51308309408316, 38.3556517250588], [128.51306790990088, 38.35566050059411], [128.51312023554064, 38.35566997881179]]], [[[128.51335676276202, 38.35576498344316], [128.51331359253246, 38.355735273514405], [128.5132342939031, 38.35570809906171], [128.51335676276202, 38.35576498344316]]], [[[128.5134046322654, 38.35590002313686], [128.51330267098663, 38.35589319550089], [128.5133447267111, 38.35593613480439], [128.5134046322654, 38.35590002313686]]], [[[128.51368751519192, 38.35605067849905], [128.51358377492602, 38.356003861211335], [128.51367772166267, 38.356076284324224], [128.51368751519192, 38.35605067849905]]], [[[128.51367485163166, 38.35637507396408], [128.51362055018305, 38.356350506223606], [128.5136146531148, 38.35636294152891], [128.51367485163166, 38.35637507396408]]], [[[128.51116897763242, 38.359073117572215], [128.51111769756162, 38.35894552243174], [128.51094936858203, 38.35901617912026], [128.51116897763242, 38.359073117572215]]], [[[128.51099242041911, 38.35910140767703], [128.51095831094077, 38.35906925852217], [128.51095720203642, 38.359091900875455], [128.51099242041911, 38.35910140767703]]], [[[128.5111386205243, 38.360201615900145], [128.5111125103311, 38.360213686480904], [128.5111428901615, 38.36021999243619], [128.5111386205243, 38.360201615900145]]], [[[128.5079066288142, 38.363786559650244], [128.50792771552645, 38.36383215039693], [128.50795619443963, 38.36380661422954], [128.5079066288142, 38.363786559650244]]], [[[128.5078417028393, 38.36390355306068], [128.50781518059622, 38.36388150515421], [128.50780211789265, 38.36388751310567], [128.5078417028393, 38.36390355306068]]], [[[128.50775919869568, 38.36391266508499], [128.50773345865585, 38.36387009187673], [128.50773773138607, 38.36391317044001], [128.50775919869568, 38.36391266508499]]], [[[128.50740270316243, 38.36428262252861], [128.50738395308485, 38.36426339158622], [128.50737584693607, 38.36427785162687], [128.50740270316243, 38.36428262252861]]], [[[128.50760892953917, 38.3645399024847], [128.50759016422674, 38.364509509424906], [128.50758300204365, 38.3645347577613], [128.50760892953917, 38.3645399024847]]], [[[128.50886168475918, 38.364836820691664], [128.50888463046132, 38.364789099277466], [128.50884227623033, 38.36480507436021], [128.50886168475918, 38.364836820691664]]], [[[128.50788942460787, 38.36483998691561], [128.5079869567741, 38.36486562929616], [128.50792277254365, 38.364805488806844], [128.50788942460787, 38.36483998691561]]], [[[128.51330091335325, 38.36767810533436], [128.51328953061335, 38.367689515590705], [128.5132994013087, 38.367696991349405], [128.51330091335325, 38.36767810533436]]], [[[128.51440399987152, 38.36839386643965], [128.51433711194582, 38.368167463403815], [128.5141563397989, 38.36820994005389], [128.51440399987152, 38.36839386643965]]], [[[128.51347235659307, 38.36875820653186], [128.51344346149622, 38.36875668997054], [128.5134696996436, 38.36877042815179], [128.51347235659307, 38.36875820653186]]], [[[128.5135633495859, 38.368766790554254], [128.51350057166846, 38.368767268408874], [128.51353610060954, 38.36879482096478], [128.5135633495859, 38.368766790554254]]], [[[128.5129260299023, 38.368804952987205], [128.51287811893832, 38.36881394276486], [128.51290725678038, 38.36882671336361], [128.5129260299023, 38.368804952987205]]], [[[128.5135038358414, 38.3689894726402], [128.51354448895495, 38.36890051874733], [128.51345141340613, 38.36893148117292], [128.5135038358414, 38.3689894726402]]], [[[128.5130260174027, 38.36896005800977], [128.51286981370205, 38.368962056543566], [128.51293708728738, 38.36904017894336], [128.5130260174027, 38.36896005800977]]], [[[128.51236428364763, 38.36930795831583], [128.51233711965415, 38.36929209924746], [128.51235956135073, 38.369312615044336], [128.51236428364763, 38.36930795831583]]], [[[128.51240776442762, 38.36944952191581], [128.51236168080646, 38.36944132062341], [128.51240122268146, 38.36945759368685], [128.51240776442762, 38.36944952191581]]], [[[128.51218030043643, 38.36959320884126], [128.5121374997894, 38.369592239187654], [128.51216453619136, 38.36962005292654], [128.51218030043643, 38.36959320884126]]], [[[128.5119954690914, 38.36966372653265], [128.51196186827954, 38.36966644081183], [128.51198521648163, 38.36967922196073], [128.5119954690914, 38.36966372653265]]], [[[128.51180710792022, 38.36978650437648], [128.51176789209032, 38.369754765501085], [128.5117402684836, 38.36980364890361], [128.51180710792022, 38.36978650437648]]], [[[128.51134420084932, 38.369852266991956], [128.5113110359732, 38.369851109371545], [128.51133393920873, 38.3698677011597], [128.51134420084932, 38.369852266991956]]], [[[128.51131566005867, 38.370126667416336], [128.51119756539427, 38.37011659954356], [128.51121750435078, 38.37016012316441], [128.51131566005867, 38.370126667416336]]], [[[128.51139281545107, 38.37017995126867], [128.51130709525364, 38.370167955002486], [128.51136843029255, 38.370214227021776], [128.51139281545107, 38.37017995126867]]], [[[128.5113132315199, 38.37020895175018], [128.51126807715207, 38.37018973655387], [128.51129671793962, 38.370229117077336], [128.5113132315199, 38.37020895175018]]], [[[128.51148421003458, 38.37032120996681], [128.51144435560494, 38.37031408107184], [128.5114840994926, 38.37033284001134], [128.51148421003458, 38.37032120996681]]], [[[128.51218409058404, 38.3725281259759], [128.51243176291786, 38.37251719335706], [128.51261649538756, 38.37230554609396], [128.51206110119566, 38.3723183430452], [128.51218409058404, 38.3725281259759]]], [[[128.5101410114222, 38.373067224356745], [128.5099749880157, 38.37301478468647], [128.5100978740129, 38.373119411457715], [128.5101410114222, 38.373067224356745]]], [[[128.51038640752645, 38.37320624472225], [128.51027481691773, 38.37316430212094], [128.51038351616006, 38.37324462652126], [128.51038640752645, 38.37320624472225]]], [[[128.5094058295087, 38.373353660780296], [128.50937821065284, 38.37336074410637], [128.50941159611654, 38.37336538801007], [128.5094058295087, 38.373353660780296]]], [[[128.50951075375306, 38.373496185082544], [128.50948866443474, 38.37348623679988], [128.5094843662003, 38.37350595602354], [128.50951075375306, 38.373496185082544]]], [[[128.50900762467234, 38.374761162164525], [128.50895588826825, 38.37478698885602], [128.50895249052982, 38.374810234812905], [128.50900762467234, 38.374761162164525]]], [[[128.50917032459463, 38.375028111958756], [128.50928753635029, 38.375064960471896], [128.5093890123432, 38.375004874318236], [128.50917032459463, 38.375028111958756]]], [[[128.50939044432462, 38.37508453526828], [128.50956243074717, 38.375006816344296], [128.50947096901768, 38.37497467052644], [128.50939044432462, 38.37508453526828]]], [[[128.50930266126306, 38.375180551525936], [128.50927419924008, 38.375083075865604], [128.50926760620473, 38.37517107171346], [128.50930266126306, 38.375180551525936]]], [[[128.50922548549485, 38.37519587668644], [128.5091441604102, 38.375166085598686], [128.50920967723636, 38.37520990928275], [128.50922548549485, 38.37519587668644]]], [[[128.50849588495544, 38.37605215472906], [128.50835478597403, 38.37594994501902], [128.5083192177849, 38.376031685180266], [128.50849588495544, 38.37605215472906]]], [[[128.50734428889822, 38.37647378917514], [128.5072472360795, 38.37627221905021], [128.5070317470313, 38.37642436890837], [128.50734428889822, 38.37647378917514]]], [[[128.46811945808662, 38.44950655145932], [128.46807140827926, 38.450578030531425], [128.46849311601198, 38.4509402593707], [128.46857490737662, 38.4500229600456], [128.46811945808662, 38.44950655145932]]], [[[128.44441094842514, 38.48755612504558], [128.44511026659438, 38.487024044850095], [128.44435478614645, 38.486210690924196], [128.44489475998796, 38.48543848384548], [128.44315827971917, 38.48531115562069], [128.4431728705176, 38.48665237350219], [128.44441094842514, 38.48755612504558]]], [[[128.42278780510028, 38.51187291768375], [128.42310813273355, 38.51126412188316], [128.4215960393368, 38.51088132194744], [128.4222433342228, 38.51175540557329], [128.42278780510028, 38.51187291768375]]], [[[128.4060583040456, 38.5453305251668], [128.40563187376515, 38.5449095434675], [128.40523521589148, 38.54508115005363], [128.40570491104936, 38.54516314743364], [128.4060583040456, 38.5453305251668]]], [[[128.40991472702848, 38.560395717758034], [128.40848961231453, 38.56043833085813], [128.40961298339852, 38.56242892601018], [128.41016437887862, 38.560857769116815], [128.40991472702848, 38.560395717758034]]], [[[128.36896012345, 38.595628994660224], [128.36893776273794, 38.59493723486226], [128.36805300818153, 38.59635277740408], [128.36896012345, 38.595628994660224]]], [[[128.35906473080826, 38.61105287177902], [128.36020579893764, 38.610668969022726], [128.35978477059228, 38.6100567008621], [128.35906473080826, 38.61105287177902]]], [[[128.3587380248122, 38.61174300113463], [128.35881997498967, 38.61132481585493], [128.35854242854498, 38.61168168956413], [128.3587380248122, 38.61174300113463]]], [[[128.35715799005047, 38.61357533263314], [128.36017762842138, 38.608351033702554], [128.3594890522727, 38.60805286295383], [128.3608773665582, 38.60589425366222], [128.36009954646477, 38.60489280693541], [128.3629054980362, 38.603191098773635], [128.36363458155012, 38.60364022283028], [128.36346428393713, 38.60297200358732], [128.36393434326126, 38.60265802014031], [128.36519457268278, 38.60277927315347], [128.365720114474, 38.60243449554962], [128.36548680135235, 38.60085697830788], [128.36672692117514, 38.59815104569025], [128.36810869782354, 38.596937439502845], [128.36811933092685, 38.596432895522476], [128.36762638952473, 38.59678280430762], [128.368881504578, 38.594811906200825], [128.36834397987016, 38.594237150380636], [128.3699611305717, 38.59338910152354], [128.37411328941334, 38.58870338829978], [128.3775227778478, 38.5870185975456], [128.37985919062783, 38.58280027743489], [128.3818447577883, 38.581450593928516], [128.3866170251745, 38.576163548688626], [128.38790625511425, 38.57568111533512], [128.39121090418922, 38.57274089588064], [128.3931607307175, 38.57246557409261], [128.39401072342926, 38.5733001525088], [128.39447295172172, 38.57286204730853], [128.3937973883574, 38.57174557681158], [128.39454374611176, 38.569337326127446], [128.39374668239728, 38.56885385920672], [128.3957314784236, 38.567879459207255], [128.3981863267584, 38.56549518292754], [128.40039684090905, 38.565398149183515], [128.401065227514, 38.5649308467049], [128.40152395721697, 38.565264898452234], [128.40194520149532, 38.56473183283556], [128.40189790639673, 38.565874014764624], [128.4025137090397, 38.566251100882596], [128.40323723157664, 38.56498537620304], [128.40374821119573, 38.559914806801885], [128.40532358721396, 38.55905481548143], [128.4066194183428, 38.55965741107371], [128.40643755261897, 38.55897713117229], [128.404856703858, 38.55841905720841], [128.40433091142654, 38.557785763512015], [128.40453736049065, 38.555365342791525], [128.4078975564235, 38.55490273238707], [128.4090322486465, 38.55610458645322], [128.41017894934345, 38.556244004749686], [128.41084011738366, 38.555881256375045], [128.41097271744974, 38.554837211031504], [128.40983315859683, 38.553080386174884], [128.41104188959557, 38.55180597318084], [128.4096035682518, 38.550402888271904], [128.4083365987939, 38.551023676929134], [128.4074087480526, 38.55070633083339], [128.4077992893208, 38.54931611155023], [128.41050568405623, 38.547157741633626], [128.4085861800475, 38.547286187378916], [128.4076884907064, 38.545716089098256], [128.40511903150565, 38.54512417496889], [128.40455605481912, 38.54451568004932], [128.4055488346914, 38.54432465445503], [128.4060079361852, 38.54190865731956], [128.40719003164656, 38.540129150998524], [128.41029122475433, 38.53792573473711], [128.41234293188597, 38.53497881022254], [128.41244271719452, 38.534229768715484], [128.4117073149628, 38.53349529556397], [128.41186778877525, 38.531158091458416], [128.41382345299533, 38.530271589974205], [128.41462944037633, 38.52930648355255], [128.41697359064227, 38.52937298928398], [128.41671550615519, 38.52716274768784], [128.41789494093308, 38.52417686629509], [128.4187738207095, 38.52348436937337], [128.42110203530876, 38.52313208816496], [128.42294018730237, 38.52359604999537], [128.42399768976864, 38.522836438557434], [128.4229468795867, 38.522276457181526], [128.42331497921813, 38.52119876356956], [128.4229151895933, 38.52036492514805], [128.42105517995034, 38.52022004505592], [128.4193841946834, 38.520826179288996], [128.41839513372716, 38.52048128620697], [128.41735809290253, 38.51936380626578], [128.4193374846448, 38.51806828582569], [128.41897901747086, 38.517033817033116], [128.41933344079825, 38.515310234529416], [128.42080207825916, 38.514066397578766], [128.4188001456801, 38.51354209488787], [128.41839675163683, 38.51243981928379], [128.41883166444956, 38.511294719842965], [128.42121798286695, 38.510183726286414], [128.42024332457515, 38.508878575535284], [128.4212580685178, 38.50588591497336], [128.421950087646, 38.505865639924465], [128.42211336191858, 38.505051607491254], [128.42431333438074, 38.504112226765734], [128.42663091364554, 38.50373990787794], [128.42994130193844, 38.50405274560405], [128.42902297264646, 38.50317180334302], [128.42972932972802, 38.49960616129999], [128.4290839098623, 38.5004530163941], [128.42896112226302, 38.50237543767971], [128.42703177396538, 38.50225300241191], [128.4263544784658, 38.50120835854224], [128.42494256095722, 38.50133451694171], [128.42453063942534, 38.50016745850143], [128.42519502898912, 38.499415654468784], [128.42636041964914, 38.49924574608754], [128.42671264618505, 38.49998735192828], [128.42770982440976, 38.50035695212414], [128.42685263316193, 38.499960625200096], [128.42652102848416, 38.498350675280456], [128.42972063804604, 38.4963152527652], [128.42900998728027, 38.49273950145686], [128.43000204460947, 38.49082256377524], [128.43262509871641, 38.4882878146808], [128.43544024870823, 38.486803992291634], [128.43809698390365, 38.487477844726], [128.44001129463695, 38.48540031997141], [128.43876746513513, 38.48644746558105], [128.43830164316458, 38.4862800591514], [128.43933839927078, 38.48507822327214], [128.4374608895374, 38.48155544366291], [128.43920651461454, 38.47681661657583], [128.44199307720257, 38.47441591848241], [128.44398613834056, 38.474375765806506], [128.4448758774488, 38.47351221104569], [128.44962169418386, 38.47127830488621], [128.44948835225236, 38.47052215161363], [128.45046005457053, 38.469286657663744], [128.44921240065642, 38.467928034928114], [128.45004801464228, 38.4664992924489], [128.45150057805256, 38.46566936670874], [128.45264262200936, 38.46378139843298], [128.45541858952086, 38.46240934534909], [128.4556221904347, 38.46067623676919], [128.46038515957588, 38.457367621867554], [128.46028375106997, 38.45593956206917], [128.46098085189703, 38.45491989175644], [128.46508479935898, 38.45310434866961], [128.46546941056096, 38.45133297072408], [128.46696729185805, 38.45008714609929], [128.46656374475336, 38.449014010156176], [128.46552934002847, 38.448082270355755], [128.4646050353647, 38.44791971649711], [128.46442196177023, 38.4469516222991], [128.46039287431293, 38.44450603705579], [128.45926807228324, 38.44300965245504], [128.4589290234381, 38.44324089468355], [128.46220852015335, 38.446268129059305], [128.4619462980711, 38.446516536676164], [128.46231528589834, 38.44633772720852], [128.46329765879875, 38.446978108829185], [128.46150285627868, 38.44878426842377], [128.45992710013746, 38.4486024917455], [128.45906501638163, 38.44805527014538], [128.4594975211863, 38.447633644236554], [128.45896941497583, 38.447976659472275], [128.45526222748205, 38.44528465464677], [128.45518259577025, 38.443990472703526], [128.45832191669083, 38.443965271566135], [128.4560600661232, 38.44385055206418], [128.455353580788, 38.44302394867017], [128.45566629800615, 38.44247244380769], [128.45543136732996, 38.44202509156539], [128.45491488567563, 38.44216222089018], [128.45468341793705, 38.4413417150908], [128.45523253122968, 38.44133714674617], [128.45517838956138, 38.44080496302498], [128.45462342426566, 38.44080529720634], [128.45471348628274, 38.44013132678187], [128.4552765765126, 38.440089034876145], [128.45490305614865, 38.43901558401405], [128.45545012115093, 38.43845487234129], [128.45465965118527, 38.438345685158346], [128.45472851625743, 38.43798267830037], [128.45376754718836, 38.438288377121474], [128.4566910781342, 38.431567843437215], [128.45884065542415, 38.42810900847682], [128.46005007966056, 38.427118077470496], [128.4612388878009, 38.42459986796187], [128.46316137726575, 38.42532632005192], [128.46459820474132, 38.42404413233941], [128.46318475368943, 38.42525347715155], [128.46193827415047, 38.424750225793545], [128.4627769645492, 38.42372290090629], [128.46355995848032, 38.42417655339316], [128.4627719545865, 38.423648491602044], [128.46280653090233, 38.42261680897], [128.4644225129679, 38.41958395944766], [128.47133033805613, 38.4103135774562], [128.4761928671804, 38.40515451898132], [128.47596601905988, 38.404605721580026], [128.47732190017246, 38.400750509720275], [128.4788002555633, 38.40151824083354], [128.48120000126377, 38.39984858487049], [128.48170939570946, 38.40000052752036], [128.49523626885613, 38.38556850289578], [128.50410290854214, 38.37687984430313], [128.5063875070457, 38.37544247471059], [128.50754470094756, 38.37578064287533], [128.50761501861646, 38.37541186226934], [128.50882320463703, 38.37544109336015], [128.50860187814968, 38.37413161486558], [128.50928347336327, 38.373072305169494], [128.51003008448757, 38.37293770437892], [128.50960466194536, 38.37267528420417], [128.51080167321783, 38.37320688788218], [128.5111848112402, 38.37254668269951], [128.51146519097693, 38.3728437867747], [128.5119695207493, 38.372450838624786], [128.51226706123546, 38.37147361278182], [128.51089606315722, 38.36987935247424], [128.51178860966306, 38.36973301556176], [128.51283411418663, 38.368626858803246], [128.514119803417, 38.36850946912758], [128.5141107231364, 38.3680704575105], [128.5137190039024, 38.36762331889984], [128.51301091435997, 38.36775478937719], [128.51224239678442, 38.36529079045506], [128.5118832879068, 38.36551866630526], [128.5124283782719, 38.368004719267866], [128.51167833461514, 38.368067892350446], [128.51068161712328, 38.36715428683049], [128.51040615018934, 38.36642090273241], [128.51113463807368, 38.36590389144271], [128.51008723090084, 38.36640322070048], [128.51019877452399, 38.3668034454954], [128.50818488629082, 38.36575420082016], [128.50733873322045, 38.36458230624046], [128.5074184881555, 38.36379366249104], [128.50685926281017, 38.36382381553147], [128.50747031667078, 38.361053925624994], [128.50653598756716, 38.36091597401176], [128.50751310382262, 38.360822924096155], [128.51020902284068, 38.35647684034917], [128.51186086417056, 38.35590696869043], [128.5131180605569, 38.35633785444335], [128.51269604566485, 38.35653386739076], [128.51320604047393, 38.356741330318755], [128.51366598006467, 38.356104261832876], [128.51267393507572, 38.35606089281886], [128.51333152211, 38.3552304739589], [128.51523987801312, 38.35359186518665], [128.51508728280504, 38.351744302026205], [128.51494881988248, 38.35350466493337], [128.5131197117279, 38.355124536780785], [128.51136518542455, 38.35395231723776], [128.5113606424025, 38.35324285554936], [128.51400242169356, 38.35276426938029], [128.51233132779225, 38.351053238995185], [128.51255419133065, 38.35004193530429], [128.51372723210804, 38.35002289725318], [128.51386903848703, 38.35068872199274], [128.5138639820735, 38.34928556326665], [128.51373421238242, 38.34980533056966], [128.51321729494234, 38.34976082720476], [128.512347921613, 38.348714635863615], [128.512753303615, 38.34725069936152], [128.516345972259, 38.3426322853739], [128.52052837418287, 38.3382978924853], [128.5252867607304, 38.33471851415263], [128.52891227024412, 38.33316688823568], [128.5281064990561, 38.32889217605374], [128.52876927695644, 38.328155829299824], [128.52953730881765, 38.32840382307607], [128.52949635585267, 38.32809200138449], [128.53003028214545, 38.32825546171668], [128.53083285575727, 38.32765767763228], [128.53022351879207, 38.3261425755532], [128.53100154994397, 38.32487006297835], [128.53058440301407, 38.32480946811254], [128.52959736253263, 38.32697225427596], [128.5285013599745, 38.32677694089807], [128.5299642505507, 38.324942079998664], [128.52923589748212, 38.325099612145245], [128.52893627881951, 38.32573758794332], [128.52826235490667, 38.32645409976578], [128.52904183818848, 38.32541544488885], [128.52784391862144, 38.323802985830184], [128.52857825396114, 38.32128805557068], [128.53058246269526, 38.32020791831448], [128.53070393817325, 38.320019915292924], [128.53042156619335, 38.31987145704688], [128.5304622238105, 38.319619023274946], [128.53263562535037, 38.31883675332885], [128.53460246125547, 38.316102278771794], [128.53803686261384, 38.31330503743998], [128.54147761001238, 38.31147728071362], [128.54276060068216, 38.31158253518969], [128.5433094621553, 38.31114208272482], [128.54423382839613, 38.31109098434757], [128.5441210017498, 38.31001737848802], [128.54312931090365, 38.308982577185645], [128.54335923170967, 38.30687538850895], [128.544337805479, 38.30685587052934], [128.54698168765572, 38.305938001257694], [128.54781194477957, 38.30592291617436], [128.5487094356082, 38.304125846392374], [128.5512044541705, 38.30353376877138], [128.55109856984654, 38.30305465506055], [128.55034789243643, 38.30299001651957], [128.55060783206017, 38.30090348264398], [128.55023646650324, 38.30094503935265], [128.55024024721325, 38.302740008403134], [128.54879960887757, 38.30307167222719], [128.54838256403454, 38.30264782592578], [128.5493475130969, 38.30229989786819], [128.54897926286125, 38.301835603452155], [128.54976271546434, 38.30150808156229], [128.5485769180968, 38.30175060223282], [128.54769575457337, 38.30107323242001], [128.54691158785312, 38.2989288849547], [128.54795495603068, 38.29702905005549], [128.5490845589365, 38.296668315916264], [128.5498634357848, 38.29695650959451], [128.5497607476939, 38.29666175279666], [128.55110013381886, 38.29641552185482], [128.55118821679375, 38.29611580335604], [128.55209131685663, 38.295740148817956], [128.55236754604763, 38.29527229570502], [128.55124296843604, 38.29571245607754], [128.55101105108787, 38.2951258014297], [128.55029166354404, 38.29611286656883], [128.5492795255614, 38.29525108445805], [128.54954380900006, 38.29503926110061], [128.54791894933584, 38.294091835243435], [128.5470861182387, 38.29124932636636], [128.54760006828673, 38.29025192877101], [128.54897425483833, 38.29030399333737], [128.54985342050162, 38.28958974122005], [128.54974655303232, 38.28917816149281], [128.54908564839204, 38.29001660889894], [128.54779327016195, 38.289952131637506], [128.54796525974498, 38.28944611232009], [128.54909549766867, 38.28937801352772], [128.54820943029756, 38.288928328642655], [128.5481235370523, 38.28772931486757], [128.54882182670238, 38.28755711414432], [128.54860282173163, 38.2863968583648], [128.55036571664044, 38.284493829807076], [128.55116478564133, 38.28438632280735], [128.5520166504929, 38.283581409098446], [128.55274680420172, 38.282439638218186], [128.55253811561852, 38.281888151022514], [128.55312290214505, 38.28196646863471], [128.5530404437265, 38.281224369478615], [128.55394965708624, 38.28071740073545], [128.55407880016875, 38.27951349495887], [128.5536907073939, 38.27969325816281], [128.5535991689453, 38.2795974434035], [128.55327106525678, 38.278867221731204], [128.5531149924559, 38.278299107699134], [128.55385882544968, 38.275011275418436], [128.55633646987403, 38.2749100690679], [128.5568617752599, 38.27419865481839], [128.55898661434824, 38.273724265686816], [128.560242174133, 38.27111368333158], [128.55966023655478, 38.27085350850767], [128.55863638637823, 38.273379353180694], [128.5564503633888, 38.273977430294224], [128.55583397465347, 38.27379042788202], [128.55582911333116, 38.273356439845465], [128.55695777549428, 38.27331685722124], [128.5574079493431, 38.272355387462376], [128.55544648417916, 38.271291093313685], [128.55569295998686, 38.27098063774987], [128.5574265083122, 38.27076702125311], [128.5581583161508, 38.27197557096735], [128.5588265491604, 38.27126191597374], [128.55763767408612, 38.27051509457314], [128.55772157578497, 38.27023035540463], [128.55791021421243, 38.27030304611613], [128.55801101324562, 38.27047248433384], [128.55859425421914, 38.270034509959885], [128.55755222495148, 38.27007758364165], [128.55723454023686, 38.26899250846447], [128.5569099234896, 38.269018219370544], [128.55668936003553, 38.2689162169173], [128.55714513627152, 38.2688944257924], [128.5568862062306, 38.26807553750675], [128.55753134901153, 38.26669435293574], [128.55822784739485, 38.26629307334582], [128.55872099693718, 38.266721514858915], [128.5590496216692, 38.26618963630431], [128.5600462104961, 38.26592203186213], [128.5599662360634, 38.264889823826756], [128.5593347328259, 38.2647836631026], [128.55873515921152, 38.264143919800006], [128.55871368405732, 38.26403575891511], [128.55918838465422, 38.2645884964436], [128.5595042149474, 38.26477879471525], [128.55886437416765, 38.263897769792656], [128.55890028750818, 38.26267305734204], [128.55960906657512, 38.261436302348706], [128.56101804405355, 38.26115135304809], [128.56154800310918, 38.25944916000754], [128.56113229682046, 38.25993049850699], [128.56029130280518, 38.25949373595664], [128.5602060124517, 38.257958194752575], [128.56353315711613, 38.2542809191068], [128.56536569826005, 38.25301916708641], [128.56593715818153, 38.25293500577521], [128.5666169758899, 38.253414590088425], [128.56637953046447, 38.25262729527005], [128.56664738330238, 38.252368532019], [128.56843071432147, 38.25300010989748], [128.56895216514874, 38.25278567895454], [128.5685680732676, 38.25252211143776], [128.57070264255944, 38.25031676068631], [128.56983742553638, 38.25044185316058], [128.56857696748335, 38.25195354089277], [128.56753959879373, 38.25182368944242], [128.56766069150768, 38.25076406450627], [128.56848871247698, 38.2509198117242], [128.5680055497997, 38.250292341629674], [128.5682404945807, 38.24945487085418], [128.56933523698635, 38.249797941797496], [128.56908064616388, 38.24945574159406], [128.56988449545946, 38.24868682236682], [128.57172975333648, 38.24964172592975], [128.57102951057362, 38.24854997935091], [128.57283084794977, 38.244288055844414], [128.57455244412458, 38.242118081050414], [128.57533780073342, 38.24199874726079], [128.5752585015052, 38.24131982231065], [128.57762717742426, 38.23904034536296], [128.57820283016406, 38.237680534518546], [128.58494168090883, 38.23089661034585], [128.58444295949076, 38.22871330480868], [128.5825699425804, 38.229084803182936], [128.58222556658447, 38.228029307150535], [128.58032021367092, 38.22753191965201], [128.57924069606366, 38.226209304122115], [128.57891917970446, 38.22463368031381], [128.5735592325332, 38.22153547371109], [128.57023148017217, 38.22132609098387], [128.56732654128848, 38.22006719523327], [128.56123087620534, 38.22095227424035], [128.5595391478948, 38.21983867374242], [128.55677892811588, 38.21963030918496], [128.55642215586195, 38.21877757809011], [128.555041557398, 38.21786915592834], [128.55384115467706, 38.21811520129058], [128.55249980127306, 38.21747095612007], [128.54997203769102, 38.21800593592678], [128.5452594592928, 38.216462968513305], [128.541093723177, 38.21752765303979], [128.53849302075807, 38.21712824910499], [128.53759901817492, 38.21736513042424], [128.53620685332723, 38.21636880284464], [128.53369575185744, 38.21581269876301], [128.5305838021246, 38.21361870607492], [128.5305259718055, 38.21254410922784], [128.52920687563667, 38.21126186326579], [128.5220588065512, 38.207550171696944], [128.51908913856894, 38.207636701775726], [128.51502589348075, 38.20686464830971], [128.51399263476688, 38.20774181779091], [128.5124530814251, 38.207459118792556], [128.51067233659015, 38.205835492511866], [128.50684552591022, 38.20390227072903], [128.50142375123343, 38.20326368243444], [128.49923708275318, 38.20221090879947], [128.4977607031971, 38.19793170350988], [128.4966972267554, 38.19754298046334], [128.49528791493358, 38.1959760512498], [128.49327541081945, 38.19626342585531], [128.4920961612002, 38.19570415097885], [128.49030406431825, 38.19398773756103], [128.48849796135426, 38.19075472887538], [128.48660061075032, 38.189500429456125], [128.48594190264077, 38.18852067245164], [128.48455033493912, 38.18797187721913], [128.48161231952653, 38.18780962572682], [128.48112108229148, 38.187331420644504], [128.47982035632722, 38.18743641268324], [128.47720472021598, 38.18888619260641], [128.47628254527143, 38.19092767299026], [128.47711436578643, 38.19280218466901], [128.47473715771966, 38.19371344487513], [128.46663249605297, 38.19861586642466], [128.46515161427752, 38.19743328178813], [128.46450486725254, 38.197643125528074], [128.46260510081854, 38.196939693531114], [128.4599052321974, 38.19778653101401], [128.4576850588728, 38.19753991417351], [128.45579931024193, 38.198212678582685], [128.4544617157644, 38.198118643328826], [128.4489541667655, 38.20056343913235], [128.44593587455356, 38.203202027686366], [128.44231224400997, 38.20372222668515], [128.4410940102149, 38.20477189734355], [128.44077541538815, 38.20642762767907], [128.4391445405077, 38.2091698482486], [128.43774094695632, 38.21407776334102], [128.43908897407195, 38.219535910188945], [128.44073589007377, 38.222929494722216], [128.44023036980624, 38.22749862227711], [128.43899192250257, 38.22908224169036], [128.43724193922256, 38.230285539328094], [128.4384052857607, 38.234421281623874], [128.43815902417091, 38.237652251760636], [128.43971665208213, 38.241266407772954], [128.43625931322669, 38.24130888749445], [128.43294061984514, 38.24241740063634], [128.43070403663086, 38.24608699340242], [128.42794291618165, 38.248859454948246], [128.4275525796515, 38.25018655933413], [128.42622283762995, 38.25084165898366], [128.42481583039475, 38.25316393291737], [128.42114189363727, 38.25362037489567], [128.41998785661713, 38.25418826336789], [128.41759132215446, 38.254282287061464], [128.4174057955803, 38.25459932003181], [128.41384366442682, 38.25200488897797], [128.4116429550576, 38.24893083667037], [128.408605411548, 38.2476419747318], [128.40813855126797, 38.246224235416314], [128.4063423021552, 38.24605383028997], [128.40621116751856, 38.245407680095504], [128.40710504303104, 38.24465786504032], [128.40581040595606, 38.24461683387447], [128.4038845282114, 38.242568304329595], [128.4000711885092, 38.241326636324864], [128.39671199013787, 38.239350326080604], [128.39469380471286, 38.23926554045747], [128.39417010079487, 38.23959399245648], [128.39280647317597, 38.243891101618416], [128.39139650342673, 38.24499169294074], [128.3909054260169, 38.246194091109764], [128.38873344384098, 38.246642719575995], [128.3883569007194, 38.248038825131964], [128.385697116061, 38.246828540838855], [128.38474046662301, 38.24710803020669], [128.38477339978274, 38.245846711569286], [128.3818361870916, 38.24576522335116], [128.38018019832467, 38.24378609081039], [128.3787670803209, 38.24538792743293], [128.37646796048583, 38.243529065388465], [128.37646669548394, 38.24299697648902], [128.37560778567396, 38.24265369357172], [128.37359527429962, 38.24323826771189], [128.37166264425008, 38.24232016628133], [128.37033405274096, 38.24037157823696], [128.37069057284398, 38.238442676603285], [128.37135305693025, 38.23815152061086], [128.3710959328398, 38.237488978570035], [128.36946800178424, 38.235941199292895], [128.3684617283739, 38.23584523006423], [128.36723084150455, 38.238400692529545], [128.36679589695632, 38.24085108339894], [128.36581998439777, 38.2418027351377], [128.36465436985833, 38.24202958825197], [128.36575849136622, 38.2443963002438], [128.36567641801776, 38.24702952044642], [128.36330378581113, 38.25246495086342], [128.3632651297494, 38.25533004428737], [128.36006795924132, 38.25890023491952], [128.35871383238043, 38.26359349473478], [128.359288564601, 38.265686663267175], [128.3573612185107, 38.26557136407692], [128.35579467196027, 38.266583419966445], [128.35345210867257, 38.26609322571701], [128.34876448569833, 38.266068206692985], [128.34492216433452, 38.26505253604198], [128.34231853783305, 38.26501446194903], [128.34085419584508, 38.26550990027335], [128.34026262249427, 38.264754173528274], [128.33707595814116, 38.26312367861223], [128.3334780479881, 38.263709303825806], [128.3323714061279, 38.265131990083475], [128.32925156120592, 38.26546527942068], [128.32621130360226, 38.26644757771498], [128.32124999844044, 38.266466305257886], [128.31922687714416, 38.266074324230225], [128.31776933908557, 38.27026652979395], [128.3182415502703, 38.27175586015932], [128.3180791530039, 38.27424351950177], [128.31992291720232, 38.28011495362935], [128.3188063058567, 38.28772690939781], [128.3214562973831, 38.29092100498467], [128.32146309512393, 38.295184590305624], [128.32108910144422, 38.29736294779245], [128.32032609709336, 38.298467975754924], [128.32045290189012, 38.300253381839156], [128.31945833390523, 38.30098872330537], [128.31512272001078, 38.30225837126435], [128.31497574238523, 38.304368070848746], [128.31387361980475, 38.307419645170356], [128.3144548867905, 38.31001755515128], [128.31166215586575, 38.31376920290195], [128.31171646535017, 38.31548481210632], [128.31036390303362, 38.317866106268696], [128.3100311891085, 38.31984327483523], [128.30860574476773, 38.32105679457064], [128.31088535270058, 38.32689001816659], [128.31101399648105, 38.32964524386925], [128.3121141012888, 38.33058033033375], [128.31085563140158, 38.33211212920464], [128.3090419805323, 38.333277127246625], [128.29954989652967, 38.33383886196463], [128.29605163522695, 38.33649249914251], [128.29557055140853, 38.33624850840523], [128.2943945518134, 38.33702767995433], [128.29135365795256, 38.3372646693283], [128.28746097787217, 38.34009478272365], [128.28493143575264, 38.339729872281], [128.28211273389456, 38.33999653162346], [128.27973911049003, 38.33801263953296], [128.2767046721163, 38.33773002869336], [128.27431815376167, 38.33550836539297], [128.27048322534438, 38.336980048637145], [128.26793834404037, 38.34015323777139], [128.268316474374, 38.342647224778844], [128.2674297178387, 38.34504177184056], [128.26817752866353, 38.34632673273198], [128.26760480057453, 38.347783168880305], [128.26503877424946, 38.3495249107294], [128.264520649235, 38.35161044114194], [128.2658808712581, 38.35233488838985], [128.26700514402805, 38.35478425838744], [128.2679237773553, 38.35504768046292], [128.26895746056172, 38.356373654521185], [128.2700590697643, 38.3603779541442], [128.2715632635744, 38.36215922726333], [128.27117078299176, 38.36400532441277], [128.2725420825052, 38.365691105064435], [128.27207351752006, 38.367150504042726], [128.27254049174147, 38.368165239652], [128.27146259099098, 38.36925414431547], [128.27223907119185, 38.371818701628484], [128.2695718874113, 38.376153055216705], [128.26742230307096, 38.37680870229259], [128.26518494968894, 38.37559469741565], [128.2620111326355, 38.376467233433296], [128.2576628636417, 38.372754206672425], [128.25689708565244, 38.3730547785716], [128.25367102564564, 38.37243888316007], [128.2485239898027, 38.37077799826344], [128.2475532789873, 38.371401199859406], [128.24714532570547, 38.37235924697716], [128.2445343788938, 38.37384302104528], [128.24221740448138, 38.37485682398581], [128.23992449328367, 38.37524909579174], [128.23866988494396, 38.376288307406575], [128.2371472092292, 38.375469159797845], [128.23510904362277, 38.37293590763874], [128.23367994998023, 38.372381526264284], [128.22938035363055, 38.37797895086927], [128.2291716324272, 38.3789662549594], [128.2300725396128, 38.38102453108566], [128.22964142941237, 38.38202776680111], [128.23116523652342, 38.383335096791], [128.23296955286847, 38.383501271645486], [128.23389344251586, 38.38485009666316], [128.23321844243017, 38.387560376388194], [128.23204134413254, 38.38810582784755], [128.2273258079245, 38.38785228863903], [128.22620226451795, 38.389076990411446], [128.22921576823413, 38.396840173585666], [128.23061587601524, 38.39863622884584], [128.23473453942998, 38.401706414703064], [128.24079859876616, 38.40199705661542], [128.2433815022115, 38.402683811466275], [128.2440384556706, 38.404335310568804], [128.24609544512327, 38.40613541490352], [128.24386915144368, 38.410700252795166], [128.2437138240881, 38.41041800649593], [128.24324910033536, 38.410876943059385], [128.24486160254241, 38.41247938350058], [128.2444296855338, 38.412761243028946], [128.24579682150429, 38.41498449363432], [128.24784111612092, 38.41532869021167], [128.25474918314652, 38.419147818846085], [128.25704789424194, 38.421526789259545], [128.25860176175038, 38.42150012081915], [128.2598398507585, 38.42201390931561], [128.26067071083702, 38.421652648799274], [128.26243801855574, 38.422443665027046], [128.2642965568608, 38.42359888754512], [128.26357084694914, 38.42353268624744], [128.2644381711703, 38.42404519108869], [128.264218645929, 38.4243690312511], [128.26466087635367, 38.42416567492535], [128.26575634692097, 38.42502041720234], [128.27012124579466, 38.430095837305856], [128.27195719938427, 38.43143143491844], [128.27444236282955, 38.43277814832522], [128.27427413333157, 38.4325043854665], [128.27555969084045, 38.432383968713594], [128.27890489469732, 38.433445817270204], [128.27786021937465, 38.433631770211086], [128.27962073081363, 38.43365720515354], [128.27991733762397, 38.433831482531154], [128.278800644537, 38.433855640654166], [128.27921964525603, 38.43437383842802], [128.27887157074989, 38.43459819123778], [128.2805796829246, 38.435196949876484], [128.2803670258306, 38.43540945529199], [128.2834416384872, 38.436157160579754], [128.2841168333713, 38.43680441437217], [128.28310362819522, 38.436855455566146], [128.28355338266127, 38.43724106760754], [128.28303570338446, 38.43767547647467], [128.28493393538855, 38.43945865361626], [128.2860700494165, 38.44233998214052], [128.2856412410727, 38.445100824612915], [128.2863602690657, 38.44599792759682], [128.28741531163965, 38.44959147740302], [128.28907002198665, 38.44984976794965], [128.2892892795285, 38.45216865651759], [128.28999731836888, 38.45247242490686], [128.28996933961182, 38.45201444849864], [128.2924507053917, 38.45404902365119], [128.29104508082034, 38.45479379598571], [128.29225777320994, 38.45657090791046], [128.294699601521, 38.458309928448855], [128.29565104442207, 38.46097507609724], [128.29609236037976, 38.46072713026308], [128.29572528410515, 38.461053084333415], [128.29908693145902, 38.47158562532777], [128.30040141192683, 38.47287669301332], [128.3018876290785, 38.475860237635914], [128.30672467924978, 38.478581566774395], [128.3064144578842, 38.47905925678959], [128.30640451758828, 38.47952390069853], [128.30690020976772, 38.47921798266478], [128.30139544599103, 38.4861976313038], [128.30249128731342, 38.486614369485046], [128.30145430924043, 38.48686350003597], [128.30173263766568, 38.4876195181347], [128.30101855903666, 38.4879274522451], [128.30171224402537, 38.48837800411827], [128.3011737698025, 38.48929150959299], [128.30218321565656, 38.49075351658004], [128.30124624570743, 38.490679952791766], [128.30574726709662, 38.498524383548634], [128.3043928883612, 38.50261009668233], [128.30535841070176, 38.50298591075813], [128.30507586648628, 38.5036321230041], [128.30552955964532, 38.504332702737486], [128.30997344783398, 38.5077930157418], [128.31319907894246, 38.51236282520571], [128.31301486758747, 38.51867153518999], [128.31383173783567, 38.52247336003411], [128.31311077288737, 38.52438481027773], [128.31230359768642, 38.524580918584675], [128.3130212355572, 38.52478672051103], [128.31298550952846, 38.52551163053281], [128.31218066636507, 38.52602351990138], [128.31282032797793, 38.52616458711615], [128.3106890097567, 38.537140539836834], [128.31203187915105, 38.54622548879901], [128.31211290965612, 38.55386043719862], [128.3126365916157, 38.55467622464452], [128.31199503580837, 38.555123931083486], [128.312584668528, 38.5552832441837], [128.31204527117373, 38.55624194657904], [128.3125204219351, 38.55795399881183], [128.3122242117166, 38.56077714073765], [128.31174463700566, 38.561209800051934], [128.31255181740187, 38.56270057461517], [128.31210531205184, 38.56301630437082], [128.31181164645471, 38.56617274210216], [128.31241605501856, 38.56648353719995], [128.31212190732776, 38.5700850817594], [128.31321335306558, 38.57009150468397], [128.31293959312117, 38.570297300516906], [128.3144987790914, 38.57213551266649], [128.31491813227382, 38.5747725716016], [128.3132571823217, 38.57969354559509], [128.31359183128268, 38.580272225144256], [128.3122581741626, 38.58089214065749], [128.31307514494227, 38.58361056376151], [128.3144335713369, 38.5847558469456], [128.31367920626914, 38.58543408223064], [128.31356125349504, 38.58656180538202], [128.3113712923657, 38.58785782741005], [128.3106118813796, 38.58692670324546], [128.30967207682875, 38.58658521117681], [128.30904366908393, 38.58654143397628], [128.31058944318679, 38.58694829951595], [128.31076432970082, 38.587799232423905], [128.3103516082801, 38.588833499443766], [128.30947902031855, 38.589288680385145], [128.3100517939354, 38.58923579045044], [128.31050195687763, 38.58982196366914], [128.30982532098747, 38.59073442868528], [128.30950363220558, 38.593557954355454], [128.3104296577143, 38.59424946996933], [128.31189728184626, 38.593577499023155], [128.31189136557754, 38.594195863694274], [128.31321430155697, 38.59369369949523], [128.31634241056975, 38.593787508595575], [128.32125116300884, 38.597228453315154], [128.32774567505706, 38.598941020027496], [128.32922790762308, 38.60023378429684], [128.33215181037397, 38.60145098879615], [128.33421113157885, 38.601909409622714], [128.33708707522004, 38.60168914829474], [128.3365202141577, 38.602573250466925], [128.33711824141494, 38.60445192065287], [128.33741470862967, 38.60295284423347], [128.33815164527596, 38.602650899426514], [128.33950881513763, 38.60618307071141], [128.3424257538955, 38.610163967498444], [128.34472862454123, 38.611265706149965], [128.34752578986246, 38.61166373035875], [128.34728644192828, 38.6122052956351], [128.3478046865139, 38.61167817077786], [128.35205935915772, 38.61172552758976], [128.35348667994847, 38.611945888756864], [128.3531412215979, 38.61251135303232], [128.3551537087032, 38.61333613753757], [128.35715799005047, 38.61357533263314]]]]}}, {"type": "Feature", "properties": {"code": "32610", "name": "양양군"}, "geometry": {"type": "MultiPolygon", "coordinates": [[[[128.78962418065365, 37.935540531829915], [128.78946698727344, 37.93534404605138], [128.78948503736504, 37.93551652740579], [128.78962418065365, 37.935540531829915]]], [[[128.78873438481259, 37.94070836400949], [128.78864290794772, 37.94066947070725], [128.788681525712, 37.940766544166195], [128.78873438481259, 37.94070836400949]]], [[[128.78883017680388, 37.94076659209775], [128.78877303326394, 37.940747048275206], [128.78880064347445, 37.94079044257847], [128.78883017680388, 37.94076659209775]]], [[[128.7885033398079, 37.9411278394129], [128.78845002785252, 37.94101373922593], [128.78836556998738, 37.94106589711775], [128.7885033398079, 37.9411278394129]]], [[[128.7885544753913, 37.941342842227684], [128.78852798701135, 37.94131605540386], [128.78852685364464, 37.94133873858136], [128.7885544753913, 37.941342842227684]]], [[[128.78930700464468, 37.94481181481968], [128.78936012447224, 37.94467217456239], [128.78920678313312, 37.944693595877915], [128.78930700464468, 37.94481181481968]]], [[[128.78911323927898, 37.94481534235716], [128.78908572706726, 37.94478801354052], [128.78908058583085, 37.94482308584333], [128.78911323927898, 37.94481534235716]]], [[[128.7891639775249, 37.94497099869287], [128.78922630480628, 37.94490137695291], [128.78910817868743, 37.94487769528292], [128.7891639775249, 37.94497099869287]]], [[[128.78814413816968, 37.94511008144886], [128.7880453482833, 37.945091901764336], [128.7881092058617, 37.945138866590696], [128.78814413816968, 37.94511008144886]]], [[[128.78926253611175, 37.9451938412728], [128.7893372586353, 37.9451022348188], [128.78918629856287, 37.94511852177336], [128.78926253611175, 37.9451938412728]]], [[[128.78844409504342, 37.94531735209963], [128.78852226204697, 37.94527849960134], [128.78841562358483, 37.945287812972786], [128.78844409504342, 37.94531735209963]]], [[[128.78656249874163, 37.94731192210079], [128.78649672678162, 37.947237466073894], [128.7864871680486, 37.94734404786238], [128.78656249874163, 37.94731192210079]]], [[[128.77005780018908, 37.95769523823909], [128.77000635542794, 37.95760087125426], [128.7700177223445, 37.957695925101994], [128.77005780018908, 37.95769523823909]]], [[[128.7695081881418, 37.957966793285024], [128.76946360135358, 37.957950084180176], [128.76948774932887, 37.95797088920652], [128.7695081881418, 37.957966793285024]]], [[[128.76961798932317, 37.95852936485472], [128.7695595572455, 37.95852964403147], [128.76961178200546, 37.95855308224432], [128.76961798932317, 37.95852936485472]]], [[[128.76970537953463, 37.95910132847639], [128.76967089473882, 37.95908100909112], [128.769690307105, 37.95911036299413], [128.76970537953463, 37.95910132847639]]], [[[128.77002493298323, 37.95894899629238], [128.7714480674519, 37.95890006553026], [128.76996987566585, 37.95876117889144], [128.77002493298323, 37.95894899629238]]], [[[128.7698457716068, 37.959743699810105], [128.76980919100313, 37.95966224572735], [128.76979459686257, 37.959755114014996], [128.7698457716068, 37.959743699810105]]], [[[128.7698769440632, 37.959785683799815], [128.77002563804947, 37.95968182446938], [128.76995969274728, 37.95959911661278], [128.7698769440632, 37.959785683799815]]], [[[128.77020187120527, 37.960334029292284], [128.77021370145923, 37.96028413137289], [128.77018319180092, 37.960280911739], [128.77020187120527, 37.960334029292284]]], [[[128.7701483259699, 37.96036175468725], [128.7700942493143, 37.96035175801685], [128.7701321999684, 37.96039098484623], [128.7701483259699, 37.96036175468725]]], [[[128.77012007358724, 37.96041536909919], [128.77005779715006, 37.96040031936753], [128.77007342893484, 37.960445290177034], [128.77012007358724, 37.96041536909919]]], [[[128.77022397431094, 37.96042730164392], [128.770169846896, 37.96040438355389], [128.77021803229056, 37.96045716536498], [128.77022397431094, 37.96042730164392]]], [[[128.76979483741317, 37.96036742407595], [128.7699552446684, 37.96051854566507], [128.76997849615273, 37.96037455829967], [128.76979483741317, 37.96036742407595]]], [[[128.76912088595526, 37.962216431573445], [128.76905242148985, 37.96223240843722], [128.7690683276845, 37.96226284479022], [128.76912088595526, 37.962216431573445]]], [[[128.76901900823944, 37.96223354939807], [128.76888740865638, 37.96217063847556], [128.76890054541275, 37.96227139796002], [128.76901900823944, 37.96223354939807]]], [[[128.76918590587974, 37.962242650110824], [128.76914294239288, 37.96224817865547], [128.76918422881738, 37.962276821653475], [128.76918590587974, 37.962242650110824]]], [[[128.7688511998913, 37.962290590472826], [128.76883540345762, 37.96225098277363], [128.7688213129655, 37.962280738748134], [128.7688511998913, 37.962290590472826]]], [[[128.7688836560094, 37.96232987425704], [128.76888912298656, 37.96231007088358], [128.76886084287847, 37.96231831408605], [128.7688836560094, 37.96232987425704]]], [[[128.76900704739975, 37.962379693978974], [128.76891821591224, 37.962329742972436], [128.7689398621711, 37.962401552898754], [128.76900704739975, 37.962379693978974]]], [[[128.76774684160148, 37.96246843025164], [128.76769106823596, 37.96244066206826], [128.76768347919133, 37.96248371145093], [128.76774684160148, 37.96246843025164]]], [[[128.76892511235914, 37.96250729245625], [128.76889416411382, 37.962451916974885], [128.7689077622032, 37.962513665746265], [128.76892511235914, 37.96250729245625]]], [[[128.76871984724085, 37.962678372248945], [128.768667212621, 37.9626476110015], [128.76867507341427, 37.96268799736705], [128.76871984724085, 37.962678372248945]]], [[[128.765743504503, 37.96435989716583], [128.76567545911314, 37.96438320367255], [128.76571770431357, 37.96442194768898], [128.765743504503, 37.96435989716583]]], [[[128.7662448083159, 37.96449979164436], [128.76618902164032, 37.96441828098064], [128.76615656658126, 37.96450430776185], [128.7662448083159, 37.96449979164436]]], [[[128.7655368055262, 37.964667216722546], [128.76545275817003, 37.96460473305647], [128.76546974808403, 37.96467256155489], [128.7655368055262, 37.964667216722546]]], [[[128.76566456077774, 37.96470787871583], [128.76561131698622, 37.964585478128164], [128.76564260883367, 37.96471161804798], [128.76566456077774, 37.96470787871583]]], [[[128.76533493161358, 37.96501937484181], [128.7657034552631, 37.96516385333948], [128.76565626497097, 37.96486918204469], [128.76533493161358, 37.96501937484181]]], [[[128.76551431394574, 37.96612898015704], [128.76549115060234, 37.9661193400519], [128.76550482224602, 37.966135691982174], [128.76551431394574, 37.96612898015704]]], [[[128.76567724792503, 37.9661907131525], [128.7655654817806, 37.96614219878844], [128.76551461824104, 37.966219055943355], [128.76567724792503, 37.9661907131525]]], [[[128.76536717611617, 37.971032668258864], [128.76532326326344, 37.97101318541156], [128.76532795952843, 37.971042700986075], [128.76536717611617, 37.971032668258864]]], [[[128.76590491348048, 37.971249226010016], [128.76573450697646, 37.97113561375718], [128.76565824896034, 37.971216185149984], [128.76590491348048, 37.971249226010016]]], [[[128.76533023087865, 37.97199892692353], [128.76531154460187, 37.97197006114578], [128.76528409923108, 37.972007006240005], [128.76533023087865, 37.97199892692353]]], [[[128.76401973241505, 37.972515079328], [128.76399998503467, 37.972494687392825], [128.76399990553043, 37.9725263641445], [128.76401973241505, 37.972515079328]]], [[[128.76397443305603, 37.97254476453887], [128.76394145106127, 37.97251622881602], [128.7639326091961, 37.972541039450896], [128.76397443305603, 37.97254476453887]]], [[[128.76413294292198, 37.97257474138961], [128.76402953646289, 37.97258527432101], [128.7640786047466, 37.972615759553044], [128.76413294292198, 37.97257474138961]]], [[[128.76245346934695, 37.97264759738337], [128.76241320607352, 37.972636210681635], [128.76241837706607, 37.97265920530753], [128.76245346934695, 37.97264759738337]]], [[[128.76383979387498, 37.97265207468336], [128.763799414377, 37.97259454980185], [128.7637496332018, 37.97260189266702], [128.76383979387498, 37.97265207468336]]], [[[128.76315019173532, 37.97283235330872], [128.7631150536565, 37.972767216800946], [128.76309520184358, 37.97278542956901], [128.76315019173532, 37.97283235330872]]], [[[128.76347088354606, 37.97283437748501], [128.76363320443437, 37.97282590860701], [128.76356987760434, 37.97276958910552], [128.76347088354606, 37.97283437748501]]], [[[128.76420536536597, 37.972836416789136], [128.76417551400698, 37.972821951896556], [128.76418278765397, 37.97285373256342], [128.76420536536597, 37.972836416789136]]], [[[128.76324700693374, 37.97289728791396], [128.76317135687339, 37.972876819415916], [128.76316419434534, 37.97291294325389], [128.76324700693374, 37.97289728791396]]], [[[128.76358950026062, 37.972900247414245], [128.7636328883602, 37.97285335837826], [128.7635992028971, 37.97285962701105], [128.76358950026062, 37.972900247414245]]], [[[128.7622517332792, 37.97925495287212], [128.76224359261434, 37.97923077706997], [128.76222766543472, 37.97926072676622], [128.7622517332792, 37.97925495287212]]], [[[128.76192370755695, 37.97952420888236], [128.76189171750198, 37.97951583894138], [128.76189248437964, 37.97952804070698], [128.76192370755695, 37.97952420888236]]], [[[128.7611624625519, 37.97955864918332], [128.7614537829261, 37.979008133556114], [128.76072285227335, 37.97929138814509], [128.7611624625519, 37.97955864918332]]], [[[128.76242237877682, 37.98159004316607], [128.76234480284737, 37.98159558123045], [128.76239274231438, 37.98162778524687], [128.76242237877682, 37.98159004316607]]], [[[128.7620126489672, 37.98214969228205], [128.7619799794685, 37.98211827506786], [128.76199927036535, 37.98215782893505], [128.7620126489672, 37.98214969228205]]], [[[128.76205765641618, 37.98225540141719], [128.7619975966438, 37.98221433836966], [128.7620166428024, 37.98227303898179], [128.76205765641618, 37.98225540141719]]], [[[128.76091162751584, 37.98301660497069], [128.76092977635852, 37.98293056825726], [128.7608468698726, 37.98299178967998], [128.76091162751584, 37.98301660497069]]], [[[128.76096974259966, 37.983133781038696], [128.76091414759384, 37.98312679499274], [128.76090489007427, 37.9831460095296], [128.76096974259966, 37.983133781038696]]], [[[128.7605948299002, 37.98303567274965], [128.7608559181343, 37.9830308082553], [128.76075628577365, 37.98297172767605], [128.7605948299002, 37.98303567274965]]], [[[128.76098293806007, 37.98331184967735], [128.76093361031107, 37.983324435344365], [128.76098390526016, 37.98332884208376], [128.76098293806007, 37.98331184967735]]], [[[128.76114197591355, 37.98345213275317], [128.76097202757418, 37.98340832534276], [128.76099156746196, 37.983476341433864], [128.76114197591355, 37.98345213275317]]], [[[128.7500320223633, 37.99100171926279], [128.7498854372071, 37.9909595041577], [128.75001148898187, 37.991074119551186], [128.7500320223633, 37.99100171926279]]], [[[128.73850413844212, 38.00056231872478], [128.7384518660361, 38.00050476012107], [128.73845654414737, 38.00055984141064], [128.73850413844212, 38.00056231872478]]], [[[128.73903115652115, 38.000555191342016], [128.73904076493665, 38.00052678940859], [128.73895481250446, 38.0004765867358], [128.73903115652115, 38.000555191342016]]], [[[128.73817658503518, 38.00099662781357], [128.73827676593763, 38.0009165802403], [128.7381505856576, 38.00097280426542], [128.73817658503518, 38.00099662781357]]], [[[128.73900391573147, 38.001238378235676], [128.73917797455877, 38.000708449945854], [128.73874215554508, 38.00096497500644], [128.73900391573147, 38.001238378235676]]], [[[128.7373627914435, 38.00173613449739], [128.73731391499743, 38.001703627436], [128.73730379387396, 38.001726102672215], [128.7373627914435, 38.00173613449739]]], [[[128.73710017383777, 38.002724493759864], [128.73705518168182, 38.00265652526718], [128.73704787912104, 38.00274711525503], [128.73710017383777, 38.002724493759864]]], [[[128.73722625550184, 38.00308618236733], [128.73720766262903, 38.00300605063648], [128.73718788709533, 38.00309201512828], [128.73722625550184, 38.00308618236733]]], [[[128.73678765151996, 38.00317877176448], [128.73691706772385, 38.00312016742494], [128.73683781697417, 38.00309290946225], [128.73678765151996, 38.00317877176448]]], [[[128.73732549808844, 38.00320285873856], [128.73725304876592, 38.00318392091673], [128.73725011030345, 38.003209815568965], [128.73732549808844, 38.00320285873856]]], [[[128.73638605157336, 38.00347183662236], [128.73639731251166, 38.00342408417079], [128.73620027954624, 38.003484896687546], [128.73638605157336, 38.00347183662236]]], [[[128.73663556363005, 38.00346146574967], [128.7365502598974, 38.00349014081351], [128.73663910087294, 38.00349114056954], [128.73663556363005, 38.00346146574967]]], [[[128.73613837106657, 38.00376820647321], [128.73605203456046, 38.00374218507382], [128.73609355620786, 38.00378730438083], [128.73613837106657, 38.00376820647321]]], [[[128.7357054963846, 38.00409361428196], [128.73564606460286, 38.00409669651482], [128.73569146598993, 38.00411069238764], [128.7357054963846, 38.00409361428196]]], [[[128.7351429856882, 38.00400257909182], [128.7354257509013, 38.0041269156212], [128.73540270386007, 38.00395324582856], [128.7351429856882, 38.00400257909182]]], [[[128.73564657233246, 38.004376877112236], [128.7355971554465, 38.00434575573372], [128.73560372330206, 38.0043841245246], [128.73564657233246, 38.004376877112236]]], [[[128.73556980323448, 38.00438454314423], [128.73552904286979, 38.00435533242456], [128.735557212244, 38.00439645192755], [128.73556980323448, 38.00438454314423]]], [[[128.73488818951867, 38.00444884832018], [128.7348530262793, 38.00443429850654], [128.7348644289082, 38.00445135365391], [128.73488818951867, 38.00444884832018]]], [[[128.73479164443302, 38.00444981985098], [128.73475373189493, 38.00444288820562], [128.734792775353, 38.00448668754327], [128.73479164443302, 38.00444981985098]]], [[[128.742588915552, 38.00762905487191], [128.7439721299573, 38.0070761796385], [128.74395241698383, 38.006452375227305], [128.74283434058594, 38.00666234903167], [128.74217897501364, 38.00630929406021], [128.742042280801, 38.00716309221957], [128.7428475479038, 38.00722352607578], [128.742588915552, 38.00762905487191]]], [[[128.7317345963362, 38.01012049510758], [128.7316283980775, 38.01009648737547], [128.7316196067646, 38.01010615961937], [128.7317345963362, 38.01012049510758]]], [[[128.73204095205242, 38.012418172487216], [128.73201735745886, 38.01238039922702], [128.73198687413037, 38.012424593574075], [128.73204095205242, 38.012418172487216]]], [[[128.73250310301114, 38.013023124877265], [128.73243546013617, 38.01298261765308], [128.7324733546266, 38.01303964456278], [128.73250310301114, 38.013023124877265]]], [[[128.73398914192808, 38.01497062920214], [128.73390150105237, 38.01497497369726], [128.7338835288137, 38.015057329863964], [128.73398914192808, 38.01497062920214]]], [[[128.7334785453611, 38.01664682388855], [128.73345896120028, 38.01660187018883], [128.7334455292385, 38.01664734330108], [128.7334785453611, 38.01664682388855]]], [[[128.73301365194396, 38.01714782917872], [128.73295087711006, 38.01712682718381], [128.73297695909798, 38.01717001669582], [128.73301365194396, 38.01714782917872]]], [[[128.73369231308533, 38.01783758280525], [128.73359072538642, 38.01780518853529], [128.73362731242102, 38.01785591285938], [128.73369231308533, 38.01783758280525]]], [[[128.73477152905414, 38.01862920354036], [128.73459834487699, 38.0184131430155], [128.73473541756445, 38.01863540207416], [128.73477152905414, 38.01862920354036]]], [[[128.73515361379674, 38.019293488181326], [128.73509631166556, 38.01926733156931], [128.73512387276077, 38.0193082510466], [128.73515361379674, 38.019293488181326]]], [[[128.7357001649602, 38.01983770528737], [128.73582729563128, 38.01965929239441], [128.7357098400419, 38.019709137830176], [128.7357001649602, 38.01983770528737]]], [[[128.7359635664903, 38.0198822153642], [128.73614108152006, 38.01957579714587], [128.73583065324718, 38.019847123324], [128.7359635664903, 38.0198822153642]]], [[[128.7358468803703, 38.01987248656532], [128.73580028717396, 38.019857913072265], [128.73583304827656, 38.01990303425328], [128.7358468803703, 38.01987248656532]]], [[[128.7355205380156, 38.02141801923958], [128.73545171460515, 38.021327041757644], [128.73543029075128, 38.021422760016165], [128.7355205380156, 38.02141801923958]]], [[[128.7320464412366, 38.02216459440108], [128.73200934859003, 38.02188597040122], [128.73200531463192, 38.02217696134929], [128.7320464412366, 38.02216459440108]]], [[[128.72975968792483, 38.02227966205987], [128.72971503008623, 38.022246827604775], [128.72971397929783, 38.02228442914976], [128.72975968792483, 38.02227966205987]]], [[[128.72968241319526, 38.02231112407591], [128.7296464284889, 38.022266966773934], [128.72965485264828, 38.02232043191056], [128.72968241319526, 38.02231112407591]]], [[[128.73188202854973, 38.0223160783184], [128.73186686997974, 38.0222845388847], [128.73184939522105, 38.02229484106028], [128.73188202854973, 38.0223160783184]]], [[[128.73255470990992, 38.02226415900873], [128.73248390242873, 38.02223683503938], [128.7324818000299, 38.02231685256985], [128.73255470990992, 38.02226415900873]]], [[[128.73265907242327, 38.02237777953388], [128.73258304238345, 38.02234011913462], [128.73258631238, 38.02238637772762], [128.73265907242327, 38.02237777953388]]], [[[128.73319960684265, 38.02244298048086], [128.73318138719927, 38.022401901305635], [128.73316754269698, 38.02243540395998], [128.73319960684265, 38.02244298048086]]], [[[128.73263821370858, 38.0224546951956], [128.73262656586843, 38.02241981512409], [128.73259482242716, 38.02243627284398], [128.73263821370858, 38.0224546951956]]], [[[128.72953640564592, 38.02245816200477], [128.72948428046408, 38.022470356505934], [128.7295303684181, 38.02248916547619], [128.72953640564592, 38.02245816200477]]], [[[128.73272718275695, 38.02245177332953], [128.7327124818255, 38.02238528739868], [128.73270042429363, 38.022456575398294], [128.73272718275695, 38.02245177332953]]], [[[128.73253084736993, 38.02244345137931], [128.73242930948012, 38.02241411173731], [128.73241049325208, 38.02247103366317], [128.73253084736993, 38.02244345137931]]], [[[128.7295179772583, 38.022650430650636], [128.72945639747158, 38.02260435817214], [128.7294367148414, 38.022695066119354], [128.7295179772583, 38.022650430650636]]], [[[128.73215617044528, 38.02265551287037], [128.7322979097199, 38.022609942435984], [128.7322416817248, 38.02256407669042], [128.73215617044528, 38.02265551287037]]], [[[128.73251772239354, 38.02289904737439], [128.73242847079766, 38.022782849415684], [128.73243443248575, 38.022937425447736], [128.73251772239354, 38.02289904737439]]], [[[128.73248450973645, 38.02299368463817], [128.73243362244136, 38.022985234578876], [128.73246524968158, 38.02300691300683], [128.73248450973645, 38.02299368463817]]], [[[128.73369994501482, 38.02305534704365], [128.73406500947303, 38.02293632418191], [128.73354196557375, 38.0228360713246], [128.73369994501482, 38.02305534704365]]], [[[128.73224922529758, 38.02316682157655], [128.73219399470847, 38.02309659217018], [128.73219649055795, 38.02319928615029], [128.73224922529758, 38.02316682157655]]], [[[128.73413862363546, 38.02314229487816], [128.73427517916735, 38.02315758734634], [128.73426019693798, 38.02311191230589], [128.73413862363546, 38.02314229487816]]], [[[128.7343014658243, 38.02313171718336], [128.73454361565032, 38.023286259990954], [128.73460345684214, 38.02311187519346], [128.7343014658243, 38.02313171718336]]], [[[128.72584686557389, 38.02376461316747], [128.72578695611506, 38.023744520208474], [128.725826853781, 38.02378046728631], [128.72584686557389, 38.02376461316747]]], [[[128.7257447677238, 38.02381553857887], [128.72566769405535, 38.02378281704682], [128.72570631155145, 38.02387212708462], [128.7257447677238, 38.02381553857887]]], [[[128.7256386223655, 38.02389200387014], [128.7255731442939, 38.023874048909455], [128.72562053657293, 38.02390687265127], [128.7256386223655, 38.02389200387014]]], [[[128.7260050318476, 38.023982878092326], [128.72596576348738, 38.0239730837933], [128.72596754887454, 38.02398956680774], [128.7260050318476, 38.023982878092326]]], [[[128.72591529496185, 38.02397731865299], [128.72585889800223, 38.02391580704866], [128.72583263426165, 38.02404191148044], [128.72591529496185, 38.02397731865299]]], [[[128.68086094498221, 38.06325320482996], [128.68073677226545, 38.06314070405791], [128.68071553217476, 38.06325587253667], [128.68086094498221, 38.06325320482996]]], [[[128.6765003967932, 38.06946354975697], [128.67620344563295, 38.06976742053512], [128.6765509278899, 38.069944866636625], [128.67664650927395, 38.06987459043153], [128.6765003967932, 38.06946354975697]]], [[[128.6759379749651, 38.070813371857255], [128.67573288658718, 38.07051982927108], [128.67563942884692, 38.07085705671135], [128.6759379749651, 38.070813371857255]]], [[[128.6771708960471, 38.07188524956909], [128.67697464465388, 38.0718605693809], [128.67701326359517, 38.072122841527644], [128.6771708960471, 38.07188524956909]]], [[[128.6775158446191, 38.07443362338112], [128.6773804305378, 38.074438476940635], [128.6774220327899, 38.07451516958025], [128.6775158446191, 38.07443362338112]]], [[[128.67754993051076, 38.07474309312532], [128.6774612854681, 38.07473762585579], [128.67749437227823, 38.07478158810848], [128.67754993051076, 38.07474309312532]]], [[[128.67735478951977, 38.07461912994314], [128.67707526101347, 38.075051702668254], [128.67719142471245, 38.075382387279625], [128.67744056937113, 38.07514685236697], [128.67735478951977, 38.07461912994314]]], [[[128.6736042329474, 38.07730611280396], [128.6735373761285, 38.07732196354615], [128.67361051858052, 38.077353698186734], [128.6736042329474, 38.07730611280396]]], [[[128.67352410722532, 38.07769148147058], [128.67342303596877, 38.077686155095925], [128.67345146249994, 38.077726865596496], [128.67352410722532, 38.07769148147058]]], [[[128.66956186751378, 38.08589788302563], [128.66942634287105, 38.08597753896724], [128.6694423527576, 38.086037268265805], [128.66956186751378, 38.08589788302563]]], [[[128.6683185566413, 38.08801447001444], [128.6683461605193, 38.08779567039982], [128.66808228933422, 38.08793188241919], [128.6683185566413, 38.08801447001444]]], [[[128.66759067988767, 38.08906676909241], [128.66752573317066, 38.089045170249484], [128.66756329566664, 38.08908994328661], [128.66759067988767, 38.08906676909241]]], [[[128.66655048604923, 38.09125590429088], [128.66650900448863, 38.09121570304796], [128.66649828476415, 38.091274574231974], [128.66655048604923, 38.09125590429088]]], [[[128.66658102141844, 38.09135456889751], [128.6665422607472, 38.09136272774003], [128.6665600173377, 38.0913862033535], [128.66658102141844, 38.09135456889751]]], [[[128.66607716084056, 38.09215775086927], [128.66604267672372, 38.092100641428516], [128.66602535557203, 38.0921341426383], [128.66607716084056, 38.09215775086927]]], [[[128.63187907403753, 38.12466148116217], [128.63250152846268, 38.12466307098021], [128.6324640639622, 38.12435619433199], [128.63187907403753, 38.12466148116217]]], [[[128.63202745934993, 38.125147838527944], [128.63196438671116, 38.12515992168446], [128.63204416597253, 38.12517500097143], [128.63202745934993, 38.125147838527944]]], [[[128.6318254373552, 38.12538587466722], [128.63194012864977, 38.12545982113198], [128.63195266367183, 38.125423336672206], [128.6318254373552, 38.12538587466722]]], [[[128.63201166461633, 38.12556327863333], [128.6321387323659, 38.12590053559738], [128.6322016256257, 38.12593729254205], [128.63231956832905, 38.125808939188246], [128.63201166461633, 38.12556327863333]]], [[[128.62161673657408, 38.135538067624296], [128.62178711057643, 38.1353658228329], [128.6215357007546, 38.13547489570665], [128.62161673657408, 38.135538067624296]]], [[[128.62184552189143, 38.13567969520369], [128.6219144250086, 38.135408153256776], [128.62167658114507, 38.13572661157431], [128.62184552189143, 38.13567969520369]]], [[[128.57231015914383, 38.16104277187727], [128.58406135726102, 38.16162046817269], [128.59020329163113, 38.160587458362535], [128.59364896085353, 38.160989484238605], [128.5970031784737, 38.15988948701426], [128.6001415811972, 38.15994700589353], [128.60340350610292, 38.158948833783555], [128.60602145801238, 38.15951577447415], [128.60916674172634, 38.16127797522596], [128.6102157357397, 38.15647471822243], [128.6118754290162, 38.15460289084425], [128.61221552742407, 38.153295033497564], [128.61161822937615, 38.15457765532986], [128.61019687163764, 38.15574254625361], [128.6089360437453, 38.15429751099051], [128.61107221242005, 38.15350625142037], [128.60964061945774, 38.15379010494354], [128.6085989358384, 38.15168034178246], [128.60974641749928, 38.14808135667844], [128.61487601479953, 38.140608259669996], [128.6187898906318, 38.13624487434466], [128.6212060033916, 38.135104176199675], [128.62137908053822, 38.13385014335406], [128.6224474976021, 38.13336455315024], [128.6236783588138, 38.13346225034005], [128.62515866293748, 38.132145473606585], [128.62368095215916, 38.133119437175026], [128.62259213602087, 38.13304116841717], [128.62262610462952, 38.13170758936481], [128.62421369303257, 38.13203051545653], [128.62350353773112, 38.1311423725826], [128.62434383859832, 38.12947446967216], [128.62613395787602, 38.128180976238205], [128.62916731083365, 38.12901085642666], [128.62986896518518, 38.12814758931078], [128.62986352825448, 38.12670130168736], [128.6303127564557, 38.12612017379513], [128.63078980705703, 38.126213421585284], [128.63063504345163, 38.12562234636382], [128.63165385699216, 38.12492008214898], [128.63143030895264, 38.12458340783489], [128.6323894480903, 38.123884426509875], [128.63313375229487, 38.1243078353743], [128.63467930527713, 38.12277201285446], [128.63448854699004, 38.122513488529734], [128.6329715098703, 38.123752280603746], [128.63243456702776, 38.123597177324015], [128.63211482152462, 38.1226448756858], [128.63278130613608, 38.12216079471723], [128.63374532746803, 38.12276514212591], [128.6325894011212, 38.121829723048705], [128.63207007202618, 38.12217198512521], [128.6311981928544, 38.122492649322886], [128.63115375879005, 38.12240490546388], [128.63233654210168, 38.121947004328256], [128.63243458401814, 38.12037048277685], [128.6352693381577, 38.11671116741494], [128.64631923261214, 38.10676091478538], [128.64721000488566, 38.106459057035316], [128.6495163716844, 38.10363186338262], [128.66270951330318, 38.091841355931], [128.66462118747523, 38.09091557954398], [128.66568104630784, 38.09158529189045], [128.6658653675792, 38.09062811143678], [128.6671759752363, 38.0905892093978], [128.66834595303465, 38.089900733869634], [128.66830294370808, 38.08956742666681], [128.66687767283284, 38.09040975040486], [128.66482564427662, 38.090626656747766], [128.66567514647548, 38.09037814246624], [128.66622271024332, 38.089500241595815], [128.66683307076292, 38.08979604672732], [128.66769715917997, 38.08952515769747], [128.6671447126771, 38.08940667491884], [128.66716549552712, 38.08828965645277], [128.66801818165195, 38.08683557061494], [128.6694383895976, 38.086276845109786], [128.66937650658042, 38.08576810658077], [128.66964579952653, 38.0851594310599], [128.67093502886232, 38.08373402952125], [128.6723183584471, 38.08320448172941], [128.6743475043849, 38.08402682665835], [128.6755179664477, 38.08227905156295], [128.67480008936587, 38.08128236958208], [128.67534391475408, 38.08073332376264], [128.67799660167822, 38.07933690637699], [128.6804514074218, 38.07904928039743], [128.6803020801597, 38.07866066871491], [128.6795196562548, 38.07876286490877], [128.67958335592544, 38.07725076327375], [128.6791357112586, 38.07705881879254], [128.67915510348564, 38.07888132964205], [128.6779035730954, 38.078978811590936], [128.67478503915825, 38.08089718578753], [128.67342101482356, 38.08003735490051], [128.67413137847282, 38.07933012728816], [128.67297993587667, 38.078601603958624], [128.6731733916883, 38.077721499372686], [128.67359432198145, 38.07758752967362], [128.67331354995838, 38.07724662948042], [128.67385108939894, 38.07724910460594], [128.6743840869546, 38.07764359654096], [128.67512291258095, 38.07724519389897], [128.67595086587932, 38.07786701071099], [128.67513850529696, 38.0772319655975], [128.67544566042704, 38.07697134306812], [128.67627181460372, 38.077600873969224], [128.67546207528386, 38.07695520903836], [128.67584836239382, 38.07662957568312], [128.67811016191996, 38.077949902234955], [128.67616857747964, 38.076254453303186], [128.67738401713686, 38.07406280727203], [128.67625622850915, 38.07376556583743], [128.67685515096312, 38.073195123875955], [128.67682911665972, 38.07197871121891], [128.67497157158488, 38.07113361199876], [128.67589727503, 38.06956409839348], [128.6755540914932, 38.06841175206145], [128.6762886899945, 38.066731155100925], [128.67855867620796, 38.06444301416247], [128.6794272501036, 38.06404483801676], [128.68009925658768, 38.064519173541136], [128.68050232246077, 38.06427990537617], [128.6802111496341, 38.06391883670188], [128.68082414658156, 38.06338256636545], [128.6803971910901, 38.06327360266136], [128.68031729181843, 38.06266544670534], [128.680810639764, 38.061930406726866], [128.68184368902794, 38.06179818708859], [128.6813284359775, 38.06171426583197], [128.68136635722897, 38.06115719774046], [128.68345103135198, 38.058611423428275], [128.692833706646, 38.049349915440736], [128.70474943319286, 38.0388780377944], [128.72144435560122, 38.026178786142175], [128.72487427417505, 38.0238551297445], [128.72579635525963, 38.024180414991584], [128.72551357892854, 38.02391120234773], [128.72571113885405, 38.023359755552775], [128.7274643544391, 38.02228372542757], [128.72763448636633, 38.02155865918836], [128.72707564265608, 38.02121905749307], [128.7273929720709, 38.02100462501823], [128.72779689574497, 38.02160599045879], [128.7275710138919, 38.0222461063211], [128.72843064607207, 38.02210092714234], [128.72912080676497, 38.02305826523458], [128.72976185474997, 38.021507016027265], [128.7303922685072, 38.0213210255338], [128.73179647336013, 38.021404086769536], [128.73400094071332, 38.02287204823833], [128.7348294711896, 38.02238433316703], [128.73519134739593, 38.02276101174195], [128.7361814129767, 38.022045661019604], [128.7352795598684, 38.021790890798115], [128.73515315581585, 38.02111995832505], [128.73579759226342, 38.02124297673941], [128.7358124472496, 38.02078157537462], [128.7365246912573, 38.02105883459873], [128.73642848103904, 38.020468049145585], [128.73538906529072, 38.02047223630462], [128.7356776088445, 38.019421165814656], [128.73524425265154, 38.01958848288637], [128.73456974385215, 38.01912463581141], [128.73406441472662, 38.018012060295455], [128.73362340308728, 38.01803654992139], [128.73280740585272, 38.0170755750654], [128.733410931349, 38.01672000615847], [128.73312979105432, 38.01582758651353], [128.7336787186388, 38.015763126828055], [128.73390397445922, 38.01509972937171], [128.73232550203355, 38.0150494793038], [128.73262450717635, 38.01336317590756], [128.7318183010115, 38.012204894242295], [128.73299330050574, 38.01081937736246], [128.73103889885607, 38.01235026520787], [128.73021276890586, 38.01224959816725], [128.729922915266, 38.01176292244034], [128.7306237957439, 38.01137137589182], [128.72984943872453, 38.01163955275932], [128.72953560211658, 38.01111259819517], [128.7307701710429, 38.01064904026453], [128.7318308867657, 38.01082864315144], [128.73143471374877, 38.010475716431145], [128.73185626469535, 38.00851641332269], [128.73323207204163, 38.00699903033819], [128.73142888762317, 38.00879206621147], [128.73057465071867, 38.00862426152672], [128.73060178226308, 38.00709728121444], [128.7325722839195, 38.006843589588875], [128.73187507382258, 38.00675990351988], [128.73230031955276, 38.00549440449691], [128.73070738509978, 38.005243515708216], [128.7322683393106, 38.00514599468282], [128.73227537138786, 38.00547280552091], [128.73397090589955, 38.003845596460465], [128.73545899535782, 38.00381089141944], [128.73553126402825, 38.00409249181125], [128.73616420416673, 38.00328583823451], [128.73668218799355, 38.00326112582421], [128.7365378425321, 38.00305273195061], [128.73770781549823, 38.00089316736671], [128.73852346527207, 38.000858290053216], [128.73793618680398, 37.999904213579384], [128.73872345183796, 37.99834888365319], [128.74004373081215, 37.997738595070565], [128.74050582920478, 37.996431358982754], [128.7443397194654, 37.992524113686706], [128.74510605720604, 37.99212850635482], [128.7454955714073, 37.99258046171053], [128.7459012807911, 37.99223393291995], [128.74640858152708, 37.99244127656799], [128.74649998586767, 37.991957845645395], [128.74923482691517, 37.992333692259386], [128.7491211290574, 37.9917736310154], [128.7500854999421, 37.9907207429262], [128.74874230303033, 37.9898543750591], [128.74889969991185, 37.98900096404594], [128.7505096257301, 37.98706772546994], [128.75584404203352, 37.982923985507135], [128.7550794174925, 37.983299228316774], [128.75517283529805, 37.98316881512388], [128.75722474751217, 37.98216001789279], [128.7592264593219, 37.98170625165336], [128.76043165395242, 37.98194481147466], [128.76082700297232, 37.98243256924971], [128.76036289874818, 37.98283889636798], [128.76105445637282, 37.982837539339265], [128.7619168087763, 37.981568084841626], [128.76294558611337, 37.981289142844055], [128.76280731689891, 37.98063364487582], [128.76412186147954, 37.97996428477538], [128.76417840506167, 37.97793409652799], [128.76358660061618, 37.98015606165686], [128.76156445501985, 37.97994938804583], [128.76033287608342, 37.979355210126194], [128.76143004239458, 37.978929801890004], [128.76134655376856, 37.97855777423245], [128.76307987753944, 37.97844169829005], [128.76090492867644, 37.97851046946488], [128.75988989297053, 37.97624052684703], [128.7600939796033, 37.97432323083421], [128.76143986130765, 37.97243665041429], [128.76227945195694, 37.97211503033451], [128.76342087521962, 37.972787834783105], [128.76390489845113, 37.972412586926666], [128.76506359088398, 37.9723334417093], [128.76516237717686, 37.97185175845168], [128.76592977859363, 37.97152667922841], [128.76482068570323, 37.97077416648168], [128.7652511586584, 37.97087619024697], [128.76588599964893, 37.969271526412236], [128.76480246316035, 37.970503992953496], [128.76309988976814, 37.97047703520048], [128.76312953603173, 37.96935446284287], [128.76492023659975, 37.96952066334208], [128.76301713653677, 37.96883603772937], [128.76319460160363, 37.9663134305666], [128.764194122016, 37.96577405181907], [128.76484624782213, 37.96635052179331], [128.76605907594342, 37.965551756933955], [128.76497992190517, 37.96601647846498], [128.76471352192743, 37.96516975465005], [128.7656285532942, 37.964350947356294], [128.7664040128293, 37.96428699882223], [128.7664310762696, 37.96380852314363], [128.76737468007428, 37.96327502156489], [128.7671230419888, 37.96290404182403], [128.76788723694932, 37.961686086688054], [128.76849722697227, 37.96222994609381], [128.76888815438465, 37.962151000489484], [128.76932682285835, 37.96221912482266], [128.76911745305597, 37.96167733421124], [128.7687235973075, 37.96177289048894], [128.76992093759895, 37.9608173090512], [128.76953562384108, 37.96062442262899], [128.76960537046887, 37.95996756045774], [128.7697576944931, 37.959689344996946], [128.76983852909277, 37.95962111357873], [128.76956544537552, 37.959140264730344], [128.76973384954547, 37.95876989587071], [128.76921460468088, 37.95806804084081], [128.7767421730398, 37.9512398850583], [128.78276231502576, 37.94675472993387], [128.784458918714, 37.94614318148734], [128.78582347695013, 37.94633871674616], [128.78521481648298, 37.948127213950016], [128.7856397122836, 37.948246385655004], [128.78584488866397, 37.94718988181577], [128.78672179757697, 37.94707786034304], [128.78680628336576, 37.94658578716632], [128.78621626558635, 37.946245467598374], [128.78697575320996, 37.94627898088205], [128.78706159935285, 37.94524372913173], [128.78825234761698, 37.94496107117497], [128.78915139255108, 37.945382081437906], [128.78879826282898, 37.94367757084101], [128.7903210410979, 37.94236145942831], [128.79021520323585, 37.9419540382565], [128.78930915751894, 37.94255148596349], [128.7884414194229, 37.94419121957508], [128.78680890348875, 37.944776755959715], [128.78555326016735, 37.943450116816365], [128.78579751026024, 37.94255429243764], [128.7874261852288, 37.94191680418682], [128.7884266339976, 37.94262222986528], [128.78766045670264, 37.94148661584938], [128.78869566021766, 37.93987050062548], [128.78957732637247, 37.93994885242881], [128.78924865228572, 37.939598033628684], [128.78965212980825, 37.93896116412308], [128.78861613581543, 37.939515248185536], [128.7877134963002, 37.93843266051598], [128.7887017703073, 37.93555078950498], [128.7967931093883, 37.92738150819073], [128.8100024872713, 37.917534294459344], [128.80574653716334, 37.91552346281089], [128.80367508614418, 37.91314212184497], [128.79839954770958, 37.91268905853191], [128.797230447954, 37.91302163506435], [128.79603041427882, 37.912139963437944], [128.7948413407543, 37.91244072216846], [128.79314928237847, 37.91220554276154], [128.78970102982404, 37.913327163373815], [128.78829869003465, 37.91302417330484], [128.7866701164044, 37.913284231326635], [128.7849852763134, 37.91448113650158], [128.78301219174813, 37.914690627116], [128.78077795205698, 37.91345623773532], [128.77831798244898, 37.9134106439716], [128.77681968919188, 37.910799743276094], [128.7755351400523, 37.91011562700017], [128.77384912649174, 37.91026123889609], [128.7731431610532, 37.911063187895756], [128.77143979045064, 37.91081181973441], [128.7703526693879, 37.90974970505566], [128.76880486370277, 37.91065267558105], [128.76485127926492, 37.90995360362376], [128.76392218263112, 37.91032785676056], [128.76242491480457, 37.909822162577264], [128.7599879420024, 37.91006579509239], [128.7582389675058, 37.91074783722285], [128.75694984555054, 37.91231622197503], [128.75369958900689, 37.91225178357176], [128.75263943047412, 37.91168765032507], [128.75219089801405, 37.91075352199169], [128.74860910491554, 37.909543337023734], [128.74694411910565, 37.90951343556679], [128.74604531049343, 37.90614891577226], [128.74466042762822, 37.90420872657756], [128.74221022804102, 37.904051591884574], [128.74094051540453, 37.90345104499248], [128.7388809336128, 37.90378324537687], [128.7363806672593, 37.90341448195245], [128.7354274694269, 37.90253754191557], [128.73503895520085, 37.90113571514382], [128.73241064654252, 37.89987691703937], [128.72909951761542, 37.90101389206814], [128.72704821025323, 37.9026733800815], [128.7251675526103, 37.90257482066729], [128.72331091035005, 37.901890899955674], [128.71920075543008, 37.902793816213794], [128.7186081820806, 37.90348315481907], [128.71752635320627, 37.90213726609543], [128.71567283448542, 37.90153847766729], [128.71325939743352, 37.899680438586394], [128.71336940108742, 37.89875463992309], [128.70881193000872, 37.89728604318792], [128.70750437918323, 37.89796909696111], [128.70448241194578, 37.897870409739895], [128.70216530675071, 37.89840529109774], [128.69441333719465, 37.89534187917646], [128.69349351923344, 37.89418936817504], [128.69124269229465, 37.892914067118475], [128.68663891043317, 37.892464629452384], [128.68282874680818, 37.88990583037795], [128.68165831205425, 37.89032849054177], [128.67634011150795, 37.889819307202515], [128.67207602096525, 37.8875858535666], [128.67133287788903, 37.88646724506083], [128.66918378623566, 37.8858167306812], [128.66669742996066, 37.885882055407144], [128.66607782955563, 37.88810042326657], [128.66483182018752, 37.890503589163316], [128.66418558224632, 37.89078382004329], [128.65976497929051, 37.891772930408], [128.65650508184228, 37.89161640857074], [128.65388719234716, 37.890781058631546], [128.64777278799033, 37.890928961753076], [128.64513479970705, 37.89297021338815], [128.64537635486542, 37.89365654952937], [128.64293829533938, 37.89488588751736], [128.63903085293472, 37.89199539455175], [128.63742590712454, 37.89199519345357], [128.6388259281372, 37.89178907950917], [128.63570218677003, 37.889144870507394], [128.6347960071781, 37.88761671868235], [128.6284814688376, 37.88498782620635], [128.6267655852955, 37.88251927738818], [128.6255921525623, 37.88239471213178], [128.6243560017635, 37.88164547981486], [128.6235612630002, 37.88051967494043], [128.62501211548704, 37.87912615914155], [128.62319876863828, 37.87806422065785], [128.62351167876, 37.874955347945836], [128.62150678535136, 37.87422258222874], [128.6207661777588, 37.872351397805915], [128.61907963936238, 37.87176735531837], [128.61552497108514, 37.87200588914764], [128.61180401739182, 37.871100256334486], [128.61029108896702, 37.87144018457544], [128.60698067973667, 37.8703508671587], [128.6057373427043, 37.87038217242987], [128.60517783959867, 37.87091482855438], [128.60117529167894, 37.87070803974205], [128.59769870936913, 37.86595845518386], [128.59486489530727, 37.86612099261701], [128.59197157155728, 37.86559736341548], [128.58818253853883, 37.86201860435612], [128.58340772217647, 37.86343414614574], [128.57882501064745, 37.862792403127884], [128.5771483943795, 37.864016371938924], [128.57375908002692, 37.8646399274016], [128.5733393340629, 37.8683165303335], [128.57213541740424, 37.87052196682261], [128.56869430943743, 37.873477600605895], [128.56774353113434, 37.87540372756649], [128.55948639869604, 37.87560001180251], [128.55921548937903, 37.877053414401736], [128.55824115732275, 37.87806034702253], [128.55745715186686, 37.88002839094119], [128.55089138339326, 37.884132825970035], [128.54406696352743, 37.88719754415074], [128.5422395543337, 37.89005101825393], [128.54101368254618, 37.891092349600214], [128.5397500217745, 37.89113871351706], [128.53661443398877, 37.88968703941685], [128.53406982554992, 37.89007491203893], [128.52997638697175, 37.888847512611015], [128.52929008996475, 37.88754032427512], [128.52743568202203, 37.886343992556476], [128.52752864746495, 37.885323691529685], [128.526215438745, 37.883083770292636], [128.5252167637609, 37.88259025288657], [128.52372666857949, 37.88281138266702], [128.52062748517534, 37.882251780639116], [128.51883410559958, 37.88081355232804], [128.5166299018056, 37.88092075894666], [128.51175985058023, 37.88006250008346], [128.5107720652538, 37.88053095252819], [128.5082081357946, 37.88421510374921], [128.50742275717593, 37.884440233386265], [128.50593355502582, 37.88687443469228], [128.50349637704147, 37.887343320355946], [128.50093227788366, 37.88617983682382], [128.4986662860372, 37.88612169280785], [128.49738048755938, 37.88517692718882], [128.49719025588553, 37.88376245919951], [128.49680429968558, 37.883892353505196], [128.49624802727516, 37.88540188909012], [128.49546259294561, 37.88571449835724], [128.4939265062333, 37.88776515221744], [128.4927859904881, 37.88791022946627], [128.49186696828608, 37.88868197953489], [128.48900218175655, 37.88910952716594], [128.488092886566, 37.88999682302247], [128.4863600443311, 37.89043731832666], [128.48500314584555, 37.8916801633426], [128.4814246639394, 37.89300190727241], [128.4815266132769, 37.89508300252054], [128.47684223731198, 37.896514414820096], [128.47625136488418, 37.89708572606848], [128.47555295156437, 37.89850141658788], [128.4734630536823, 37.900374441729326], [128.47470658350912, 37.90241788588637], [128.47459362147012, 37.90326783818329], [128.4759638239173, 37.90645851856529], [128.47486047318768, 37.90951695588423], [128.47564313180092, 37.91132072252659], [128.47488115033892, 37.913575452676966], [128.47597582161063, 37.91854919438293], [128.47517037482254, 37.91973305124815], [128.47527932340202, 37.9206349694488], [128.4766026714074, 37.922148450673916], [128.47535740102643, 37.92358637177605], [128.47513369722495, 37.925467691438485], [128.47361279894747, 37.92671308985807], [128.4723910269391, 37.9265524002091], [128.46846223936754, 37.930973521994], [128.4658507451069, 37.932655749903454], [128.46356056483575, 37.93566591574682], [128.46398107044882, 37.93659867109125], [128.46620170921207, 37.938249255368234], [128.46754025330011, 37.94029284502711], [128.4669068298949, 37.9414346983069], [128.46707462859118, 37.94454619855777], [128.46621939711645, 37.94774080736546], [128.46635772842913, 37.949232620744596], [128.47031726482206, 37.95127268056214], [128.47053220379792, 37.952299527427435], [128.47283863468172, 37.953473660749104], [128.472896009391, 37.95491896688929], [128.4737592904584, 37.95672738445409], [128.471945743355, 37.95942747990324], [128.47226021904703, 37.96026953348041], [128.4736401310614, 37.96096632476029], [128.4737392911527, 37.9614538160315], [128.47730020428006, 37.96296180226926], [128.47904063331856, 37.96271018766154], [128.4805153061656, 37.96183369258055], [128.48747347165897, 37.961164178100844], [128.48824718080098, 37.961265666476976], [128.48908057274016, 37.96241094483629], [128.49204132544784, 37.96448871971235], [128.49341890307096, 37.96388360189989], [128.4950845387668, 37.96405640390717], [128.49536402913617, 37.96532765591314], [128.49630402351346, 37.9658766617236], [128.4961464494171, 37.966701589043936], [128.49685837430366, 37.967426973158744], [128.49628370312882, 37.9682179185584], [128.4960231631326, 37.97037239104827], [128.4973317271586, 37.9726941791057], [128.49600951316916, 37.973745316880404], [128.4978919264098, 37.97628442035941], [128.49589903256728, 37.97897701005736], [128.49656360958832, 37.9811051546982], [128.4956733896907, 37.98373715073284], [128.49837712099176, 37.98411277986946], [128.50003653809407, 37.98482908528932], [128.50124776357444, 37.986129013518024], [128.50131789986264, 37.98722617611518], [128.49944875346165, 37.98777071007798], [128.49939372501805, 37.989025648042265], [128.5002919293623, 37.98933562782745], [128.50159892805186, 37.990854439598515], [128.5011640503174, 37.99284189337898], [128.50218006477846, 37.99492050440759], [128.50796069777343, 37.998574923478735], [128.51125010912438, 38.00207803136913], [128.51285495178044, 38.00472902885132], [128.5119847708564, 38.00642258657552], [128.51321113841735, 38.00944612760711], [128.5135742121526, 38.01295387262939], [128.50812425315496, 38.01225941367766], [128.50724466168998, 38.012658097860204], [128.50637803151065, 38.01480861932122], [128.5049723497192, 38.016227852734524], [128.50256160030554, 38.01733328320665], [128.5029232846813, 38.018864961363775], [128.50425374387245, 38.020181843267544], [128.50312370281827, 38.02196712441087], [128.4998122516637, 38.02484346863666], [128.49967668968662, 38.02789887613379], [128.49858899329914, 38.02993066141618], [128.49864437434186, 38.03422170317452], [128.50081250671795, 38.038074755134815], [128.49624261326204, 38.040711097393974], [128.4964976853806, 38.04144000107207], [128.4956719306543, 38.044765473838794], [128.4950091685395, 38.046290774333876], [128.49332514440172, 38.04720533586552], [128.4934170654812, 38.048608720600896], [128.4891552078837, 38.051123705620256], [128.4885737084911, 38.052266742346355], [128.48746178487423, 38.05220217362991], [128.48747043272044, 38.053117440553045], [128.48616742706417, 38.05394393845707], [128.48465254213525, 38.05365373577505], [128.48263688329365, 38.052029128777896], [128.47877901680238, 38.05051583446093], [128.47701149696138, 38.04824353087838], [128.4731401470607, 38.04863580230437], [128.47192620587637, 38.0490151515528], [128.47107046492266, 38.05013012647385], [128.4688574993223, 38.0507249248988], [128.46838953144322, 38.050264854995454], [128.46659339321764, 38.05078095953956], [128.4656985108317, 38.04979309563753], [128.4641858857188, 38.04968729931492], [128.4632372039616, 38.049151948751174], [128.462969608096, 38.050218223641444], [128.46118659962784, 38.05093539483122], [128.46168904061113, 38.05194143830405], [128.46041991953598, 38.05256575795992], [128.4601145313989, 38.053373814542965], [128.45558596588725, 38.05407799149854], [128.45480400875806, 38.055637263144746], [128.4519935221051, 38.05628328750525], [128.44926043527263, 38.05518205044242], [128.44567186327168, 38.057632820129356], [128.44267021326263, 38.05753620026894], [128.44138031091273, 38.058062791454226], [128.44038072376074, 38.05789827543306], [128.43501540597728, 38.05237226530279], [128.4311424438536, 38.05223939400132], [128.4287903273567, 38.05092874628292], [128.42828670507043, 38.05002819949247], [128.4256134850847, 38.0487335069991], [128.4252469663193, 38.04900479406401], [128.423429819666, 38.05264600063305], [128.4240222357673, 38.05391007735084], [128.42096193404862, 38.0555289114674], [128.41981122481508, 38.05706850035379], [128.41790086228315, 38.05838442930799], [128.41485589679021, 38.06262181461755], [128.41380190989258, 38.06566068586757], [128.4119212907131, 38.06760098715398], [128.41307261292917, 38.069416728058115], [128.41140019331746, 38.07037319891345], [128.41021117889136, 38.07187413082933], [128.40885691838105, 38.07664678662713], [128.40914904179007, 38.07757423030541], [128.4109192864423, 38.07932471437782], [128.41036145793785, 38.08104754262459], [128.40942794127287, 38.08164194041196], [128.40861568132826, 38.08311560625745], [128.40911327550035, 38.08337252003092], [128.40924570523808, 38.085199586615424], [128.406550956517, 38.09140347865316], [128.40720994426218, 38.0923171977048], [128.40424667889906, 38.09607249593178], [128.40575129317563, 38.09751703296617], [128.41028330226177, 38.09896976273041], [128.4103824970845, 38.101341750950006], [128.4109850282188, 38.10241453956229], [128.4104582182926, 38.10398542056655], [128.41142632911544, 38.1048826688052], [128.4106686263599, 38.106984195925946], [128.41098998653982, 38.11124210447183], [128.41360284494198, 38.110577130986584], [128.41631168910035, 38.110743490583275], [128.42153398203365, 38.108944490007936], [128.42618593547664, 38.10867050553638], [128.42771972304428, 38.10799119110036], [128.43192404031106, 38.109278152643824], [128.4332281939486, 38.10928239546974], [128.4371413060646, 38.11102294744914], [128.44041578344917, 38.114066547628795], [128.44597241105367, 38.11552713141792], [128.45006930966454, 38.11515677761973], [128.4528819148743, 38.116810427930645], [128.45460768650477, 38.11923381686802], [128.45807392186398, 38.12124014795091], [128.46021528606778, 38.12126831048479], [128.4649882738381, 38.119155651428656], [128.46723589530077, 38.11901501496828], [128.473398778371, 38.124040041932], [128.47493840816446, 38.1246150120984], [128.4773293901955, 38.12648011388809], [128.47830149345168, 38.12838639677399], [128.48128503918144, 38.13067720344881], [128.48596913745413, 38.13266663900055], [128.4879631183962, 38.13389160613364], [128.48856016211283, 38.13493098883023], [128.49129307452773, 38.13649076816556], [128.49394289447994, 38.13594736675719], [128.49736801129637, 38.136143352399515], [128.49927755451114, 38.13498991562431], [128.501273933557, 38.1351259978536], [128.50442625365687, 38.13617203878632], [128.50880620726437, 38.13653196042169], [128.51411584306686, 38.136109030582496], [128.51588459460723, 38.135531953204], [128.52036103040484, 38.13676429332426], [128.52295408392695, 38.13803862420171], [128.52507330404507, 38.138164284592555], [128.52542772567426, 38.13744466917515], [128.52752419403546, 38.13646819080649], [128.5298690041846, 38.13608542740076], [128.5317117458174, 38.14243572313526], [128.53545444215558, 38.1450401059198], [128.53506028489542, 38.14855141937275], [128.5377133718527, 38.149489623650226], [128.53970723697577, 38.14941144295693], [128.5428904055819, 38.148277477775615], [128.54586628273816, 38.14925991550688], [128.54887093776279, 38.149054344829516], [128.5504371731233, 38.14941511731723], [128.5516851150841, 38.14931330682007], [128.55258462254457, 38.14852425103751], [128.55675413705183, 38.148906845066016], [128.55984575686034, 38.148341419759895], [128.56136056619243, 38.14894427711292], [128.56315175219396, 38.150306888690345], [128.5634418890405, 38.151173166268364], [128.56632096311128, 38.152414289534015], [128.56734977083931, 38.153446357355136], [128.56971183656412, 38.153808097485026], [128.57029681315262, 38.15433928540384], [128.57049779157887, 38.15521527097362], [128.56991130023798, 38.15592967605193], [128.5704101798954, 38.15984523715687], [128.5698450823113, 38.16189073919634], [128.57231015914383, 38.16104277187727]]]]}}]}