<?xml version="1.0" encoding="UTF-8" standalone="no"?>
<gpx xmlns="http://www.topografix.com/GPX/1/1" creator="Korea Tourism Organization">
    <metadata>
        <name>GPX</name>
        <desc>KTO - kto.visitkorea.or.kr - </desc>
        <author>
            <name>Admin</name>
        </author>
    </metadata>
    <trk>
        <name>GPX</name>
        <trkseg>
            <trkpt lat="37.706276111999976" lon="128.888756013">
                <ele>55.788</ele>
            </trkpt>
            <trkpt lat="37.70634408800001" lon="128.888767659">
                <ele>55.909</ele>
            </trkpt>
            <trkpt lat="37.70646910400002" lon="128.888807145">
                <ele>56.0</ele>
            </trkpt>
            <trkpt lat="37.706673002" lon="128.888891765">
                <ele>56.0</ele>
            </trkpt>
            <trkpt lat="37.706799506" lon="128.888925607">
                <ele>56.063</ele>
            </trkpt>
            <trkpt lat="37.70695279999999" lon="128.8889839">
                <ele>56.302</ele>
            </trkpt>
            <trkpt lat="37.70705691500002" lon="128.889029032">
                <ele>55.895</ele>
            </trkpt>
            <trkpt lat="37.707149189999996" lon="128.889070404">
                <ele>55.435</ele>
            </trkpt>
            <trkpt lat="37.70725783600001" lon="128.889115536">
                <ele>54.744</ele>
            </trkpt>
            <trkpt lat="37.707367970000014" lon="128.889155024">
                <ele>53.951</ele>
            </trkpt>
            <trkpt lat="37.707498938" lon="128.889183222">
                <ele>53.008</ele>
            </trkpt>
            <trkpt lat="37.707695387999976" lon="128.889194482">
                <ele>51.664</ele>
            </trkpt>
            <trkpt lat="37.707931999999985" lon="128.889145">
                <ele>49.924</ele>
            </trkpt>
            <trkpt lat="37.70816400000001" lon="128.889084">
                <ele>48.61</ele>
            </trkpt>
            <trkpt lat="37.70839699999999" lon="128.889038">
                <ele>48.0</ele>
            </trkpt>
            <trkpt lat="37.70843300000001" lon="128.889054">
                <ele>48.0</ele>
            </trkpt>
            <trkpt lat="37.708435000000016" lon="128.889175">
                <ele>48.03</ele>
            </trkpt>
            <trkpt lat="37.70840300000002" lon="128.889352">
                <ele>48.667</ele>
            </trkpt>
            <trkpt lat="37.708393" lon="128.889495">
                <ele>49.546</ele>
            </trkpt>
            <trkpt lat="37.708386" lon="128.889531">
                <ele>49.935</ele>
            </trkpt>
            <trkpt lat="37.708546" lon="128.889528">
                <ele>49.902</ele>
            </trkpt>
            <trkpt lat="37.70876899999999" lon="128.889544">
                <ele>49.871</ele>
            </trkpt>
            <trkpt lat="37.709075" lon="128.889577">
                <ele>49.284</ele>
            </trkpt>
            <trkpt lat="37.70937399999999" lon="128.889623">
                <ele>48.059</ele>
            </trkpt>
            <trkpt lat="37.70956199999999" lon="128.889639">
                <ele>47.277</ele>
            </trkpt>
            <trkpt lat="37.709717" lon="128.889664">
                <ele>46.809</ele>
            </trkpt>
            <trkpt lat="37.70994600000001" lon="128.889679">
                <ele>46.039</ele>
            </trkpt>
            <trkpt lat="37.710163" lon="128.889633">
                <ele>46.077</ele>
            </trkpt>
            <trkpt lat="37.710357999999985" lon="128.889557">
                <ele>45.522</ele>
            </trkpt>
            <trkpt lat="37.71046100000001" lon="128.889481">
                <ele>44.604</ele>
            </trkpt>
            <trkpt lat="37.71069199999998" lon="128.889336">
                <ele>43.118</ele>
            </trkpt>
            <trkpt lat="37.71075799999999" lon="128.889293">
                <ele>42.726</ele>
            </trkpt>
            <trkpt lat="37.710819" lon="128.889252">
                <ele>42.359</ele>
            </trkpt>
            <trkpt lat="37.710922000000004" lon="128.889175">
                <ele>42.02</ele>
            </trkpt>
            <trkpt lat="37.711018" lon="128.889114">
                <ele>42.064</ele>
            </trkpt>
            <trkpt lat="37.71116300000001" lon="128.889008">
                <ele>41.893</ele>
            </trkpt>
            <trkpt lat="37.71134900000001" lon="128.888901">
                <ele>41.181</ele>
            </trkpt>
            <trkpt lat="37.71142199999999" lon="128.88887">
                <ele>41.111</ele>
            </trkpt>
            <trkpt lat="37.71163" lon="128.888785">
                <ele>41.543</ele>
            </trkpt>
            <trkpt lat="37.71170800000001" lon="128.888763">
                <ele>41.547</ele>
            </trkpt>
            <trkpt lat="37.71170800000001" lon="128.888763">
                <ele>41.547</ele>
            </trkpt>
            <trkpt lat="37.71196099999999" lon="128.88873">
                <ele>41.402</ele>
            </trkpt>
            <trkpt lat="37.71228999999999" lon="128.888711">
                <ele>41.0</ele>
            </trkpt>
            <trkpt lat="37.71250899999999" lon="128.888733">
                <ele>40.968</ele>
            </trkpt>
            <trkpt lat="37.71279599999998" lon="128.888755">
                <ele>39.837</ele>
            </trkpt>
            <trkpt lat="37.713212" lon="128.888875">
                <ele>37.387</ele>
            </trkpt>
            <trkpt lat="37.71359699999999" lon="128.888983">
                <ele>37.339</ele>
            </trkpt>
            <trkpt lat="37.713791" lon="128.889046">
                <ele>37.847</ele>
            </trkpt>
            <trkpt lat="37.713950999999994" lon="128.889104">
                <ele>37.776</ele>
            </trkpt>
            <trkpt lat="37.714134999999985" lon="128.889161">
                <ele>37.114</ele>
            </trkpt>
            <trkpt lat="37.71430699999998" lon="128.889241">
                <ele>36.495</ele>
            </trkpt>
            <trkpt lat="37.714467" lon="128.889302">
                <ele>35.919</ele>
            </trkpt>
            <trkpt lat="37.71465699999999" lon="128.889399">
                <ele>35.235</ele>
            </trkpt>
            <trkpt lat="37.71474100000001" lon="128.88945">
                <ele>34.885</ele>
            </trkpt>
            <trkpt lat="37.714889000000014" lon="128.889547">
                <ele>34.168</ele>
            </trkpt>
            <trkpt lat="37.715060999999984" lon="128.889629">
                <ele>33.445</ele>
            </trkpt>
            <trkpt lat="37.71522" lon="128.889712">
                <ele>33.171</ele>
            </trkpt>
            <trkpt lat="37.71537199999999" lon="128.889789">
                <ele>32.742</ele>
            </trkpt>
            <trkpt lat="37.71551199999998" lon="128.889852">
                <ele>32.551</ele>
            </trkpt>
            <trkpt lat="37.715645" lon="128.889908">
                <ele>33.097</ele>
            </trkpt>
            <trkpt lat="37.71577600000001" lon="128.889975">
                <ele>33.775</ele>
            </trkpt>
            <trkpt lat="37.71603300000001" lon="128.890089">
                <ele>35.45</ele>
            </trkpt>
            <trkpt lat="37.716147" lon="128.890078">
                <ele>35.432</ele>
            </trkpt>
            <trkpt lat="37.716218000000005" lon="128.890058">
                <ele>35.033</ele>
            </trkpt>
            <trkpt lat="37.71624700000002" lon="128.889958">
                <ele>34.36</ele>
            </trkpt>
            <trkpt lat="37.71625900000001" lon="128.889862">
                <ele>33.971</ele>
            </trkpt>
            <trkpt lat="37.71627399999999" lon="128.889618">
                <ele>33.414</ele>
            </trkpt>
            <trkpt lat="37.71629000000001" lon="128.889475">
                <ele>33.356</ele>
            </trkpt>
            <trkpt lat="37.716552" lon="128.889401">
                <ele>31.826</ele>
            </trkpt>
            <trkpt lat="37.71681399999999" lon="128.889327">
                <ele>30.694</ele>
            </trkpt>
            <trkpt lat="37.717132" lon="128.889243">
                <ele>30.05</ele>
            </trkpt>
            <trkpt lat="37.71744900000001" lon="128.88916">
                <ele>29.203</ele>
            </trkpt>
            <trkpt lat="37.7178" lon="128.888943">
                <ele>28.984</ele>
            </trkpt>
            <trkpt lat="37.718046" lon="128.888911">
                <ele>28.923</ele>
            </trkpt>
            <trkpt lat="37.71829099999998" lon="128.888878">
                <ele>27.305</ele>
            </trkpt>
            <trkpt lat="37.718516999999984" lon="128.888879">
                <ele>26.339</ele>
            </trkpt>
            <trkpt lat="37.71872899999998" lon="128.888907">
                <ele>26.424</ele>
            </trkpt>
            <trkpt lat="37.719014000000016" lon="128.889">
                <ele>27.18</ele>
            </trkpt>
            <trkpt lat="37.71932399999999" lon="128.889052">
                <ele>27.255</ele>
            </trkpt>
            <trkpt lat="37.71961999999999" lon="128.889061">
                <ele>26.368</ele>
            </trkpt>
            <trkpt lat="37.71989399999998" lon="128.889046">
                <ele>26.269</ele>
            </trkpt>
            <trkpt lat="37.71995499999999" lon="128.888809">
                <ele>27.079</ele>
            </trkpt>
            <trkpt lat="37.72005500000001" lon="128.888359">
                <ele>29.879</ele>
            </trkpt>
            <trkpt lat="37.72003699999999" lon="128.888091">
                <ele>30.655</ele>
            </trkpt>
            <trkpt lat="37.719976" lon="128.887843">
                <ele>31.185</ele>
            </trkpt>
            <trkpt lat="37.719931" lon="128.88756">
                <ele>32.574</ele>
            </trkpt>
            <trkpt lat="37.719728999999994" lon="128.887201">
                <ele>33.452</ele>
            </trkpt>
            <trkpt lat="37.71968699999998" lon="128.886805">
                <ele>37.37</ele>
            </trkpt>
            <trkpt lat="37.71964499999999" lon="128.886408">
                <ele>39.059</ele>
            </trkpt>
            <trkpt lat="37.71971600000002" lon="128.886169">
                <ele>41.551</ele>
            </trkpt>
            <trkpt lat="37.719772000000006" lon="128.885813">
                <ele>45.1</ele>
            </trkpt>
            <trkpt lat="37.719869999999986" lon="128.885577">
                <ele>47.668</ele>
            </trkpt>
            <trkpt lat="37.71990999999999" lon="128.885408">
                <ele>49.945</ele>
            </trkpt>
            <trkpt lat="37.71992500000003" lon="128.885259">
                <ele>51.995</ele>
            </trkpt>
            <trkpt lat="37.71993300000001" lon="128.885082">
                <ele>53.668</ele>
            </trkpt>
            <trkpt lat="37.71990599999998" lon="128.884846">
                <ele>54.864</ele>
            </trkpt>
            <trkpt lat="37.720050000000015" lon="128.884746">
                <ele>53.835</ele>
            </trkpt>
            <trkpt lat="37.720277000000024" lon="128.884822">
                <ele>53.361</ele>
            </trkpt>
            <trkpt lat="37.72030000000001" lon="128.884904">
                <ele>53.707</ele>
            </trkpt>
            <trkpt lat="37.720311" lon="128.885137">
                <ele>52.758</ele>
            </trkpt>
            <trkpt lat="37.72033899999999" lon="128.885239">
                <ele>52.018</ele>
            </trkpt>
            <trkpt lat="37.7204" lon="128.885324">
                <ele>51.728</ele>
            </trkpt>
            <trkpt lat="37.720578999999994" lon="128.885372">
                <ele>53.293</ele>
            </trkpt>
            <trkpt lat="37.720935000000004" lon="128.885343">
                <ele>57.023</ele>
            </trkpt>
            <trkpt lat="37.72097099999999" lon="128.885317">
                <ele>57.069</ele>
            </trkpt>
            <trkpt lat="37.721085999999985" lon="128.885165">
                <ele>55.819</ele>
            </trkpt>
            <trkpt lat="37.72113800000002" lon="128.884994">
                <ele>53.696</ele>
            </trkpt>
            <trkpt lat="37.72132" lon="128.884882">
                <ele>50.053</ele>
            </trkpt>
            <trkpt lat="37.721512" lon="128.885066">
                <ele>51.599</ele>
            </trkpt>
            <trkpt lat="37.721689000000005" lon="128.885349">
                <ele>56.227</ele>
            </trkpt>
            <trkpt lat="37.721835" lon="128.885704">
                <ele>57.08</ele>
            </trkpt>
            <trkpt lat="37.721804000000006" lon="128.885947">
                <ele>59.841</ele>
            </trkpt>
            <trkpt lat="37.72180500000001" lon="128.886164">
                <ele>61.198</ele>
            </trkpt>
            <trkpt lat="37.721872999999995" lon="128.886539">
                <ele>60.349</ele>
            </trkpt>
            <trkpt lat="37.72191399999998" lon="128.886769">
                <ele>59.167</ele>
            </trkpt>
            <trkpt lat="37.72194099999999" lon="128.88723">
                <ele>58.016</ele>
            </trkpt>
            <trkpt lat="37.72189399999998" lon="128.887631">
                <ele>59.376</ele>
            </trkpt>
            <trkpt lat="37.721764" lon="128.887888">
                <ele>60.794</ele>
            </trkpt>
            <trkpt lat="37.72172299999999" lon="128.888079">
                <ele>62.0</ele>
            </trkpt>
            <trkpt lat="37.72177" lon="128.888303">
                <ele>62.0</ele>
            </trkpt>
            <trkpt lat="37.721821999999996" lon="128.888598">
                <ele>61.047</ele>
            </trkpt>
            <trkpt lat="37.72180700000001" lon="128.889098">
                <ele>60.62</ele>
            </trkpt>
            <trkpt lat="37.72174999999999" lon="128.889401">
                <ele>59.856</ele>
            </trkpt>
            <trkpt lat="37.721702999999984" lon="128.889625">
                <ele>59.219</ele>
            </trkpt>
            <trkpt lat="37.72165099999998" lon="128.889835">
                <ele>58.965</ele>
            </trkpt>
            <trkpt lat="37.72170400000004" lon="128.890092">
                <ele>60.93</ele>
            </trkpt>
            <trkpt lat="37.721776999999996" lon="128.890447">
                <ele>64.073</ele>
            </trkpt>
            <trkpt lat="37.721996" lon="128.890677">
                <ele>67.644</ele>
            </trkpt>
            <trkpt lat="37.722348999999994" lon="128.890932">
                <ele>64.815</ele>
            </trkpt>
            <trkpt lat="37.72263000000001" lon="128.891037">
                <ele>59.537</ele>
            </trkpt>
            <trkpt lat="37.722776" lon="128.891089">
                <ele>57.106</ele>
            </trkpt>
            <trkpt lat="37.722937" lon="128.891207">
                <ele>55.214</ele>
            </trkpt>
            <trkpt lat="37.72304700000001" lon="128.891345">
                <ele>54.168</ele>
            </trkpt>
            <trkpt lat="37.723198" lon="128.891582">
                <ele>52.471</ele>
            </trkpt>
            <trkpt lat="37.72330700000002" lon="128.891878">
                <ele>51.905</ele>
            </trkpt>
            <trkpt lat="37.723406000000004" lon="128.892128">
                <ele>50.363</ele>
            </trkpt>
            <trkpt lat="37.723562999999984" lon="128.892378">
                <ele>49.996</ele>
            </trkpt>
            <trkpt lat="37.72371900000002" lon="128.892581">
                <ele>49.547</ele>
            </trkpt>
            <trkpt lat="37.72380799999999" lon="128.892627">
                <ele>49.482</ele>
            </trkpt>
            <trkpt lat="37.723823000000024" lon="128.892417">
                <ele>49.308</ele>
            </trkpt>
            <trkpt lat="37.723634999999994" lon="128.89195">
                <ele>51.639</ele>
            </trkpt>
            <trkpt lat="37.72347400000002" lon="128.891529">
                <ele>51.741</ele>
            </trkpt>
            <trkpt lat="37.723368999999984" lon="128.890977">
                <ele>48.657</ele>
            </trkpt>
            <trkpt lat="37.723406000000004" lon="128.8907">
                <ele>44.822</ele>
            </trkpt>
            <trkpt lat="37.72358800000001" lon="128.8907">
                <ele>39.266</ele>
            </trkpt>
            <trkpt lat="37.723676" lon="128.890614">
                <ele>36.697</ele>
            </trkpt>
            <trkpt lat="37.723759" lon="128.890512">
                <ele>34.557</ele>
            </trkpt>
            <trkpt lat="37.723876000000004" lon="128.890427">
                <ele>32.26</ele>
            </trkpt>
            <trkpt lat="37.724012999999985" lon="128.890356">
                <ele>30.795</ele>
            </trkpt>
            <trkpt lat="37.724160000000005" lon="128.890332">
                <ele>29.629</ele>
            </trkpt>
            <trkpt lat="37.72425107699999" lon="128.890347011">
                <ele>29.064</ele>
            </trkpt>
            <trkpt lat="37.72430100200001" lon="128.890353767">
                <ele>28.721</ele>
            </trkpt>
            <trkpt lat="37.72431705100001" lon="128.89038307">
                <ele>28.849</ele>
            </trkpt>
            <trkpt lat="37.724324189" lon="128.890457459">
                <ele>29.44</ele>
            </trkpt>
            <trkpt lat="37.724347375" lon="128.890547625">
                <ele>29.981</ele>
            </trkpt>
            <trkpt lat="37.72437590699999" lon="128.890599468">
                <ele>30.056</ele>
            </trkpt>
            <trkpt lat="37.724450800000014" lon="128.890694137">
                <ele>29.918</ele>
            </trkpt>
            <trkpt lat="37.724529258" lon="128.890770771">
                <ele>29.397</ele>
            </trkpt>
            <trkpt lat="37.72462732900001" lon="128.890842895">
                <ele>28.435</ele>
            </trkpt>
            <trkpt lat="37.724702221000015" lon="128.890919531">
                <ele>27.909</ele>
            </trkpt>
            <trkpt lat="37.72474502099998" lon="128.891023221">
                <ele>28.009</ele>
            </trkpt>
            <trkpt lat="37.72479495699999" lon="128.891190029">
                <ele>28.11</ele>
            </trkpt>
            <trkpt lat="37.724837760000014" lon="128.891329787">
                <ele>27.84</ele>
            </trkpt>
            <trkpt lat="37.72487699400001" lon="128.891451512">
                <ele>27.1</ele>
            </trkpt>
            <trkpt lat="37.72492588200003" lon="128.891632537">
                <ele>25.868</ele>
            </trkpt>
            <trkpt lat="37.72497046599999" lon="128.891765532">
                <ele>24.669</ele>
            </trkpt>
            <trkpt lat="37.725020402" lon="128.891943612">
                <ele>24.0</ele>
            </trkpt>
            <trkpt lat="37.725052504000004" lon="128.892072101">
                <ele>24.0</ele>
            </trkpt>
            <trkpt lat="37.725063207999995" lon="128.89216227">
                <ele>24.0</ele>
            </trkpt>
            <trkpt lat="37.725079259999966" lon="128.892241167">
                <ele>24.0</ele>
            </trkpt>
            <trkpt lat="37.72509753200001" lon="128.892309103">
                <ele>24.0</ele>
            </trkpt>
            <trkpt lat="37.72510449100001" lon="128.892393503">
                <ele>24.0</ele>
            </trkpt>
            <trkpt lat="37.72514622500001" lon="128.892565817">
                <ele>24.0</ele>
            </trkpt>
            <trkpt lat="37.72521716499999" lon="128.892743404">
                <ele>24.0</ele>
            </trkpt>
            <trkpt lat="37.725263068999986" lon="128.892899893">
                <ele>24.0</ele>
            </trkpt>
            <trkpt lat="37.72531871000001" lon="128.893084516">
                <ele>24.0</ele>
            </trkpt>
            <trkpt lat="37.725498893000015" lon="128.89356546">
                <ele>24.0</ele>
            </trkpt>
            <trkpt lat="37.725551749000005" lon="128.893700849">
                <ele>24.0</ele>
            </trkpt>
            <trkpt lat="37.725592087999985" lon="128.89382569">
                <ele>24.0</ele>
            </trkpt>
            <trkpt lat="37.725629647" lon="128.893989214">
                <ele>25.782</ele>
            </trkpt>
            <trkpt lat="37.72566998600001" lon="128.894128122">
                <ele>27.748</ele>
            </trkpt>
            <trkpt lat="37.72575205000002" lon="128.894316262">
                <ele>30.021</ele>
            </trkpt>
            <trkpt lat="37.725785430999984" lon="128.89436901">
                <ele>30.458</ele>
            </trkpt>
            <trkpt lat="37.725810388000006" lon="128.894400951">
                <ele>30.617</ele>
            </trkpt>
            <trkpt lat="37.725913308999985" lon="128.894473037">
                <ele>29.424</ele>
            </trkpt>
            <trkpt lat="37.72595364400001" lon="128.894536336">
                <ele>29.093</ele>
            </trkpt>
            <trkpt lat="37.72599815100001" lon="128.894576775">
                <ele>28.009</ele>
            </trkpt>
            <trkpt lat="37.72604405" lon="128.894659415">
                <ele>26.811</ele>
            </trkpt>
            <trkpt lat="37.726077434" lon="128.894796566">
                <ele>27.62</ele>
            </trkpt>
            <trkpt lat="37.726103864000024" lon="128.894930201">
                <ele>30.27</ele>
            </trkpt>
            <trkpt lat="37.726178162" lon="128.895072231">
                <ele>31.046</ele>
            </trkpt>
            <trkpt lat="37.72621988800001" lon="128.895163664">
                <ele>30.993</ele>
            </trkpt>
            <trkpt lat="37.726264396999994" lon="128.895269164">
                <ele>30.927</ele>
            </trkpt>
            <trkpt lat="37.726310297000005" lon="128.895381698">
                <ele>31.579</ele>
            </trkpt>
            <trkpt lat="37.72636454000001" lon="128.895483681">
                <ele>32.106</ele>
            </trkpt>
            <trkpt lat="37.726425739" lon="128.895622589">
                <ele>33.225</ele>
            </trkpt>
            <trkpt lat="37.72646468400002" lon="128.89572809">
                <ele>33.941</ele>
            </trkpt>
            <trkpt lat="37.726502241" lon="128.895898652">
                <ele>35.203</ele>
            </trkpt>
            <trkpt lat="37.72652449700001" lon="128.896018221">
                <ele>35.851</ele>
            </trkpt>
            <trkpt lat="37.72656322" lon="128.896036241">
                <ele>35.765</ele>
            </trkpt>
            <trkpt lat="37.72680382600002" lon="128.896120632">
                <ele>35.609</ele>
            </trkpt>
            <trkpt lat="37.72698602" lon="128.896203268">
                <ele>35.497</ele>
            </trkpt>
            <trkpt lat="37.727116754000015" lon="128.896241947">
                <ele>34.26</ele>
            </trkpt>
            <trkpt lat="37.72718907599999" lon="128.896280629">
                <ele>33.651</ele>
            </trkpt>
            <trkpt lat="37.727274287" lon="128.896337362">
                <ele>32.893</ele>
            </trkpt>
            <trkpt lat="37.72732992000002" lon="128.896398903">
                <ele>32.945</ele>
            </trkpt>
            <trkpt lat="37.727360519" lon="128.896493856">
                <ele>33.64</ele>
            </trkpt>
            <trkpt lat="37.727406417" lon="128.896560673">
                <ele>33.866</ele>
            </trkpt>
            <trkpt lat="37.727455095999986" lon="128.896625732">
                <ele>34.043</ele>
            </trkpt>
            <trkpt lat="37.72754410700002" lon="128.896697824">
                <ele>33.972</ele>
            </trkpt>
            <trkpt lat="37.727591394" lon="128.896741782">
                <ele>34.095</ele>
            </trkpt>
            <trkpt lat="37.727677623" lon="128.896783981">
                <ele>33.771</ele>
            </trkpt>
            <trkpt lat="37.72773881800002" lon="128.896798046">
                <ele>33.313</ele>
            </trkpt>
            <trkpt lat="37.72784473399998" lon="128.896841407">
                <ele>32.552</ele>
            </trkpt>
            <trkpt lat="37.72796016900001" lon="128.896876571">
                <ele>31.396</ele>
            </trkpt>
            <trkpt lat="37.72806308800001" lon="128.896922286">
                <ele>30.55</ele>
            </trkpt>
            <trkpt lat="37.72815349000001" lon="128.896996137">
                <ele>29.675</ele>
            </trkpt>
            <trkpt lat="37.728231373999996" lon="128.897055921">
                <ele>28.892</ele>
            </trkpt>
            <trkpt lat="37.72828839700001" lon="128.897117464">
                <ele>28.577</ele>
            </trkpt>
            <trkpt lat="37.72837045499999" lon="128.897201865">
                <ele>28.265</ele>
            </trkpt>
            <trkpt lat="37.72849423099999" lon="128.897061187">
                <ele>25.615</ele>
            </trkpt>
            <trkpt lat="37.728626356" lon="128.897101627">
                <ele>24.566</ele>
            </trkpt>
            <trkpt lat="37.728786941" lon="128.897157621">
                <ele>24.767</ele>
            </trkpt>
            <trkpt lat="37.72906509899999" lon="128.897294771">
                <ele>23.649</ele>
            </trkpt>
            <trkpt lat="37.729261199999996" lon="128.89734576">
                <ele>21.735</ele>
            </trkpt>
            <trkpt lat="37.729713206" lon="128.89745653">
                <ele>19.43</ele>
            </trkpt>
            <trkpt lat="37.72978691899999" lon="128.8975339">
                <ele>19.333</ele>
            </trkpt>
            <trkpt lat="37.729816128" lon="128.897685127">
                <ele>18.015</ele>
            </trkpt>
            <trkpt lat="37.729837407" lon="128.897746673">
                <ele>17.58</ele>
            </trkpt>
            <trkpt lat="37.729873567000006" lon="128.897750189">
                <ele>17.932</ele>
            </trkpt>
            <trkpt lat="37.72987109400002" lon="128.897604236">
                <ele>19.482</ele>
            </trkpt>
            <trkpt lat="37.72989056200001" lon="128.897437182">
                <ele>21.634</ele>
            </trkpt>
            <trkpt lat="37.729912813000006" lon="128.897375635">
                <ele>22.709</ele>
            </trkpt>
            <trkpt lat="37.72994618900002" lon="128.897240232">
                <ele>24.978</ele>
            </trkpt>
            <trkpt lat="37.729972612000005" lon="128.897127689">
                <ele>26.32</ele>
            </trkpt>
            <trkpt lat="37.729999034999985" lon="128.897048557">
                <ele>27.239</ele>
            </trkpt>
            <trkpt lat="37.73003797600001" lon="128.896994043">
                <ele>28.141</ele>
            </trkpt>
            <trkpt lat="37.730124202000006" lon="128.896928977">
                <ele>29.875</ele>
            </trkpt>
            <trkpt lat="37.73023951199999" lon="128.896807637">
                <ele>32.009</ele>
            </trkpt>
            <trkpt lat="37.730328519000004" lon="128.896682781">
                <ele>32.738</ele>
            </trkpt>
            <trkpt lat="37.730377194000006" lon="128.896600131">
                <ele>32.728</ele>
            </trkpt>
            <trkpt lat="37.73044116800001" lon="128.896519238">
                <ele>32.724</ele>
            </trkpt>
            <trkpt lat="37.73052322099998" lon="128.896422517">
                <ele>32.893</ele>
            </trkpt>
            <trkpt lat="37.730631896000006" lon="128.896327018">
                <ele>32.512</ele>
            </trkpt>
            <trkpt lat="37.73071117000002" lon="128.896290086">
                <ele>32.079</ele>
            </trkpt>
            <trkpt lat="37.73081269400001" lon="128.896196882">
                <ele>31.788</ele>
            </trkpt>
            <trkpt lat="37.73090865600001" lon="128.896142364">
                <ele>31.918</ele>
            </trkpt>
            <trkpt lat="37.730993492" lon="128.896096639">
                <ele>32.03</ele>
            </trkpt>
            <trkpt lat="37.731047732000015" lon="128.896064983">
                <ele>32.128</ele>
            </trkpt>
            <trkpt lat="37.731082501" lon="128.896042121">
                <ele>32.223</ele>
            </trkpt>
            <trkpt lat="37.731105082000006" lon="128.896021686">
                <ele>32.315</ele>
            </trkpt>
            <trkpt lat="37.73121814" lon="128.895999839">
                <ele>32.786</ele>
            </trkpt>
            <trkpt lat="37.73134985700001" lon="128.89594936">
                <ele>33.442</ele>
            </trkpt>
            <trkpt lat="37.73151633100003" lon="128.895962507">
                <ele>34.911</ele>
            </trkpt>
            <trkpt lat="37.73171193799999" lon="128.89597039">
                <ele>37.239</ele>
            </trkpt>
            <trkpt lat="37.731843035999994" lon="128.895978276">
                <ele>39.349</ele>
            </trkpt>
            <trkpt lat="37.732127172000006" lon="128.896091405">
                <ele>43.725</ele>
            </trkpt>
            <trkpt lat="37.732283241000005" lon="128.896101922">
                <ele>45.498</ele>
            </trkpt>
            <trkpt lat="37.732406999999995" lon="128.896064">
                <ele>46.557</ele>
            </trkpt>
            <trkpt lat="37.732595" lon="128.896021">
                <ele>47.435</ele>
            </trkpt>
            <trkpt lat="37.73268899999999" lon="128.895992">
                <ele>47.721</ele>
            </trkpt>
            <trkpt lat="37.73274499999998" lon="128.895912">
                <ele>48.349</ele>
            </trkpt>
            <trkpt lat="37.73282" lon="128.895722">
                <ele>49.675</ele>
            </trkpt>
            <trkpt lat="37.73286899999999" lon="128.89557">
                <ele>50.899</ele>
            </trkpt>
            <trkpt lat="37.73286899999999" lon="128.895394">
                <ele>51.957</ele>
            </trkpt>
            <trkpt lat="37.73285400000001" lon="128.895266">
                <ele>52.506</ele>
            </trkpt>
            <trkpt lat="37.732853000000006" lon="128.895152">
                <ele>52.089</ele>
            </trkpt>
            <trkpt lat="37.732962" lon="128.894991">
                <ele>52.251</ele>
            </trkpt>
            <trkpt lat="37.73308600000001" lon="128.894929">
                <ele>52.343</ele>
            </trkpt>
            <trkpt lat="37.733244" lon="128.89499">
                <ele>53.57</ele>
            </trkpt>
            <trkpt lat="37.733344999999986" lon="128.895">
                <ele>54.042</ele>
            </trkpt>
            <trkpt lat="37.733395999999985" lon="128.894965">
                <ele>53.876</ele>
            </trkpt>
            <trkpt lat="37.733420999999986" lon="128.89502">
                <ele>54.46</ele>
            </trkpt>
            <trkpt lat="37.73347900000001" lon="128.895172">
                <ele>55.763</ele>
            </trkpt>
            <trkpt lat="37.733514224" lon="128.895255897">
                <ele>56.494</ele>
            </trkpt>
            <trkpt lat="37.73355899999999" lon="128.895325">
                <ele>56.812</ele>
            </trkpt>
            <trkpt lat="37.733601615" lon="128.895423418">
                <ele>56.966</ele>
            </trkpt>
            <trkpt lat="37.733654000000016" lon="128.895477">
                <ele>56.691</ele>
            </trkpt>
            <trkpt lat="37.733771999999995" lon="128.895538">
                <ele>55.842</ele>
            </trkpt>
            <trkpt lat="37.73381" lon="128.895584">
                <ele>55.568</ele>
            </trkpt>
            <trkpt lat="37.73383300000001" lon="128.895813">
                <ele>55.402</ele>
            </trkpt>
            <trkpt lat="37.73378399999999" lon="128.895966">
                <ele>55.097</ele>
            </trkpt>
            <trkpt lat="37.733723000000005" lon="128.896057">
                <ele>54.908</ele>
            </trkpt>
            <trkpt lat="37.73366500000001" lon="128.896149">
                <ele>54.423</ele>
            </trkpt>
            <trkpt lat="37.73359600099998" lon="128.89625035">
                <ele>53.415</ele>
            </trkpt>
            <trkpt lat="37.73355653900001" lon="128.896318074">
                <ele>52.518</ele>
            </trkpt>
            <trkpt lat="37.73349734399999" lon="128.896428571">
                <ele>51.019</ele>
            </trkpt>
            <trkpt lat="37.73348281999999" lon="128.896528374">
                <ele>49.53</ele>
            </trkpt>
            <trkpt lat="37.73343772099999" lon="128.896635306">
                <ele>47.827</ele>
            </trkpt>
            <trkpt lat="37.733403896999995" lon="128.896749365">
                <ele>46.134</ele>
            </trkpt>
            <trkpt lat="37.733389803999984" lon="128.896838474">
                <ele>44.971</ele>
            </trkpt>
            <trkpt lat="37.733333429" lon="128.896959663">
                <ele>43.78</ele>
            </trkpt>
            <trkpt lat="37.733293968" lon="128.89711293">
                <ele>41.548</ele>
            </trkpt>
            <trkpt lat="37.73327423800001" lon="128.897259067">
                <ele>39.947</ele>
            </trkpt>
            <trkpt lat="37.733254509000005" lon="128.897405204">
                <ele>38.966</ele>
            </trkpt>
            <trkpt lat="37.73319079500001" lon="128.89750857">
                <ele>38.436</ele>
            </trkpt>
            <trkpt lat="37.73305830899999" lon="128.89760481">
                <ele>37.862</ele>
            </trkpt>
            <trkpt lat="37.73293788399999" lon="128.897648725">
                <ele>36.35</ele>
            </trkpt>
            <trkpt lat="37.732884068000004" lon="128.897697116">
                <ele>35.457</ele>
            </trkpt>
            <trkpt lat="37.732799158" lon="128.89780902">
                <ele>33.92</ele>
            </trkpt>
            <trkpt lat="37.73275251699999" lon="128.897857411">
                <ele>33.336</ele>
            </trkpt>
            <trkpt lat="37.732709463999996" lon="128.897896729">
                <ele>32.898</ele>
            </trkpt>
            <trkpt lat="37.73267119500001" lon="128.89795268">
                <ele>32.357</ele>
            </trkpt>
            <trkpt lat="37.732622162000006" lon="128.898044923">
                <ele>31.516</ele>
            </trkpt>
            <trkpt lat="37.73254921200002" lon="128.898141704">
                <ele>30.447</ele>
            </trkpt>
            <trkpt lat="37.732452342" lon="128.898209753">
                <ele>30.233</ele>
            </trkpt>
            <trkpt lat="37.732372216" lon="128.898292923">
                <ele>30.211</ele>
            </trkpt>
            <trkpt lat="37.73227654199999" lon="128.898374581">
                <ele>30.163</ele>
            </trkpt>
            <trkpt lat="37.73220957" lon="128.898422971">
                <ele>30.092</ele>
            </trkpt>
            <trkpt lat="37.73214140300001" lon="128.898478922">
                <ele>29.871</ele>
            </trkpt>
            <trkpt lat="37.73208997799999" lon="128.898527312">
                <ele>29.714</ele>
            </trkpt>
            <trkpt lat="37.73198354299999" lon="128.898509167">
                <ele>30.504</ele>
            </trkpt>
            <trkpt lat="37.731905807" lon="128.89850312">
                <ele>31.172</ele>
            </trkpt>
            <trkpt lat="37.73175631600001" lon="128.898512194">
                <ele>32.698</ele>
            </trkpt>
            <trkpt lat="37.731621108999995" lon="128.898616534">
                <ele>34.302</ele>
            </trkpt>
            <trkpt lat="37.73155294199999" lon="128.898731458">
                <ele>34.662</ele>
            </trkpt>
            <trkpt lat="37.731501517999995" lon="128.898835796">
                <ele>35.495</ele>
            </trkpt>
            <trkpt lat="37.73145607300002" lon="128.898979449">
                <ele>35.897</ele>
            </trkpt>
            <trkpt lat="37.73144700999998" lon="128.899128185">
                <ele>35.022</ele>
            </trkpt>
            <trkpt lat="37.73148836400001" lon="128.899262218">
                <ele>32.722</ele>
            </trkpt>
            <trkpt lat="37.73150510700001" lon="128.899368068">
                <ele>31.196</ele>
            </trkpt>
            <trkpt lat="37.73155599999999" lon="128.899475">
                <ele>29.242</ele>
            </trkpt>
            <trkpt lat="37.73158882300001" lon="128.899561621">
                <ele>27.923</ele>
            </trkpt>
            <trkpt lat="37.731635" lon="128.899662">
                <ele>26.622</ele>
            </trkpt>
            <trkpt lat="37.731691672" lon="128.89973703">
                <ele>25.494</ele>
            </trkpt>
            <trkpt lat="37.73172994200001" lon="128.899803564">
                <ele>24.41</ele>
            </trkpt>
            <trkpt lat="37.73184999299999" lon="128.899841368">
                <ele>22.923</ele>
            </trkpt>
            <trkpt lat="37.73190739800001" lon="128.899895806">
                <ele>22.283</ele>
            </trkpt>
            <trkpt lat="37.732032970000006" lon="128.899942683">
                <ele>21.934</ele>
            </trkpt>
            <trkpt lat="37.732080807" lon="128.900004681">
                <ele>21.991</ele>
            </trkpt>
            <trkpt lat="37.73209515900001" lon="128.90001073">
                <ele>21.982</ele>
            </trkpt>
            <trkpt lat="37.73211599999999" lon="128.900023">
                <ele>21.968</ele>
            </trkpt>
            <trkpt lat="37.732113000000005" lon="128.900174">
                <ele>21.754</ele>
            </trkpt>
            <trkpt lat="37.73212" lon="128.900513">
                <ele>21.32</ele>
            </trkpt>
            <trkpt lat="37.73216600000001" lon="128.900462">
                <ele>21.663</ele>
            </trkpt>
            <trkpt lat="37.732225000000014" lon="128.900449">
                <ele>22.036</ele>
            </trkpt>
            <trkpt lat="37.7323" lon="128.900436">
                <ele>22.999</ele>
            </trkpt>
            <trkpt lat="37.732307000000006" lon="128.900452">
                <ele>23.107</ele>
            </trkpt>
            <trkpt lat="37.732307000000006" lon="128.900452">
                <ele>23.107</ele>
            </trkpt>
            <trkpt lat="37.73230399999999" lon="128.900452">
                <ele>23.068</ele>
            </trkpt>
            <trkpt lat="37.732307000000006" lon="128.900452">
                <ele>23.107</ele>
            </trkpt>
            <trkpt lat="37.73236500000001" lon="128.900467">
                <ele>23.892</ele>
            </trkpt>
            <trkpt lat="37.73244499999999" lon="128.900482">
                <ele>24.996</ele>
            </trkpt>
            <trkpt lat="37.73246399999999" lon="128.900482">
                <ele>25.251</ele>
            </trkpt>
            <trkpt lat="37.73253299999998" lon="128.900467">
                <ele>26.156</ele>
            </trkpt>
            <trkpt lat="37.732596999999984" lon="128.900452">
                <ele>27.024</ele>
            </trkpt>
            <trkpt lat="37.732704" lon="128.900482">
                <ele>28.673</ele>
            </trkpt>
            <trkpt lat="37.73271200000001" lon="128.900497">
                <ele>28.842</ele>
            </trkpt>
            <trkpt lat="37.73275399999999" lon="128.900513">
                <ele>29.504</ele>
            </trkpt>
            <trkpt lat="37.7328" lon="128.900558">
                <ele>30.329</ele>
            </trkpt>
            <trkpt lat="37.73289499999999" lon="128.900635">
                <ele>31.974</ele>
            </trkpt>
            <trkpt lat="37.73296400000001" lon="128.900696">
                <ele>33.187</ele>
            </trkpt>
            <trkpt lat="37.733059000000004" lon="128.900726">
                <ele>34.658</ele>
            </trkpt>
            <trkpt lat="37.73317300000002" lon="128.900726">
                <ele>36.141</ele>
            </trkpt>
            <trkpt lat="37.73325" lon="128.900696">
                <ele>36.96</ele>
            </trkpt>
            <trkpt lat="37.733349000000004" lon="128.900726">
                <ele>38.284</ele>
            </trkpt>
            <trkpt lat="37.733406" lon="128.900833">
                <ele>39.259</ele>
            </trkpt>
            <trkpt lat="37.73345900000001" lon="128.900864">
                <ele>39.452</ele>
            </trkpt>
            <trkpt lat="37.733547" lon="128.900986">
                <ele>39.769</ele>
            </trkpt>
            <trkpt lat="37.73362000000001" lon="128.901077">
                <ele>40.0</ele>
            </trkpt>
            <trkpt lat="37.733642999999994" lon="128.901108">
                <ele>40.0</ele>
            </trkpt>
            <trkpt lat="37.733642999999994" lon="128.901108">
                <ele>40.0</ele>
            </trkpt>
            <trkpt lat="37.73362700000001" lon="128.901199">
                <ele>39.982</ele>
            </trkpt>
            <trkpt lat="37.73362000000001" lon="128.901428">
                <ele>39.963</ele>
            </trkpt>
            <trkpt lat="37.73362000000001" lon="128.901611">
                <ele>39.942</ele>
            </trkpt>
            <trkpt lat="37.733593000000006" lon="128.901764">
                <ele>40.088</ele>
            </trkpt>
            <trkpt lat="37.73348600000001" lon="128.901886">
                <ele>40.806</ele>
            </trkpt>
            <trkpt lat="37.73332999999998" lon="128.902039">
                <ele>42.713</ele>
            </trkpt>
            <trkpt lat="37.73321499999999" lon="128.90213">
                <ele>44.757</ele>
            </trkpt>
            <trkpt lat="37.733127999999994" lon="128.902206">
                <ele>46.754</ele>
            </trkpt>
            <trkpt lat="37.733047000000006" lon="128.902252">
                <ele>48.245</ele>
            </trkpt>
            <trkpt lat="37.733047000000006" lon="128.902252">
                <ele>48.245</ele>
            </trkpt>
            <trkpt lat="37.732966999999995" lon="128.902328">
                <ele>49.08</ele>
            </trkpt>
            <trkpt lat="37.73287999999998" lon="128.902435">
                <ele>50.164</ele>
            </trkpt>
            <trkpt lat="37.73286799999999" lon="128.902466">
                <ele>50.43</ele>
            </trkpt>
            <trkpt lat="37.732845" lon="128.902618">
                <ele>50.861</ele>
            </trkpt>
            <trkpt lat="37.732819" lon="128.902786">
                <ele>51.03</ele>
            </trkpt>
            <trkpt lat="37.7328" lon="128.902908">
                <ele>51.469</ele>
            </trkpt>
            <trkpt lat="37.7328" lon="128.902924">
                <ele>51.526</ele>
            </trkpt>
            <trkpt lat="37.73284100000001" lon="128.90303">
                <ele>51.908</ele>
            </trkpt>
            <trkpt lat="37.732845" lon="128.903046">
                <ele>51.966</ele>
            </trkpt>
            <trkpt lat="37.732860999999986" lon="128.903091">
                <ele>52.255</ele>
            </trkpt>
            <trkpt lat="37.732872" lon="128.903122">
                <ele>52.478</ele>
            </trkpt>
            <trkpt lat="37.732882999999994" lon="128.903198">
                <ele>53.026</ele>
            </trkpt>
            <trkpt lat="37.732882999999994" lon="128.903198">
                <ele>53.026</ele>
            </trkpt>
            <trkpt lat="37.732882999999994" lon="128.903198">
                <ele>53.026</ele>
            </trkpt>
            <trkpt lat="37.732882999999994" lon="128.903198">
                <ele>53.026</ele>
            </trkpt>
            <trkpt lat="37.73288700000001" lon="128.903198">
                <ele>53.026</ele>
            </trkpt>
            <trkpt lat="37.73291" lon="128.903244">
                <ele>53.357</ele>
            </trkpt>
            <trkpt lat="37.732941" lon="128.903381">
                <ele>54.101</ele>
            </trkpt>
            <trkpt lat="37.732998000000016" lon="128.903442">
                <ele>54.31</ele>
            </trkpt>
            <trkpt lat="37.73308600000001" lon="128.903473">
                <ele>54.339</ele>
            </trkpt>
            <trkpt lat="37.73326899999999" lon="128.903564">
                <ele>53.932</ele>
            </trkpt>
            <trkpt lat="37.733406" lon="128.903702">
                <ele>54.76</ele>
            </trkpt>
            <trkpt lat="37.73343700000002" lon="128.903839">
                <ele>55.806</ele>
            </trkpt>
            <trkpt lat="37.73349" lon="128.903915">
                <ele>56.986</ele>
            </trkpt>
            <trkpt lat="37.733513000000016" lon="128.904007">
                <ele>58.341</ele>
            </trkpt>
            <trkpt lat="37.73352799999997" lon="128.904037">
                <ele>58.916</ele>
            </trkpt>
            <trkpt lat="37.733593000000006" lon="128.904129">
                <ele>61.149</ele>
            </trkpt>
            <trkpt lat="37.733696" lon="128.90419">
                <ele>63.747</ele>
            </trkpt>
            <trkpt lat="37.73378800000001" lon="128.904221">
                <ele>65.824</ele>
            </trkpt>
            <trkpt lat="37.73382599999998" lon="128.904236">
                <ele>66.753</ele>
            </trkpt>
            <trkpt lat="37.733875" lon="128.904251">
                <ele>67.934</ele>
            </trkpt>
            <trkpt lat="37.73388700000002" lon="128.904266">
                <ele>68.392</ele>
            </trkpt>
            <trkpt lat="37.733971" lon="128.904327">
                <ele>71.253</ele>
            </trkpt>
            <trkpt lat="37.73407" lon="128.904404">
                <ele>74.887</ele>
            </trkpt>
            <trkpt lat="37.734137999999994" lon="128.904419">
                <ele>76.829</ele>
            </trkpt>
            <trkpt lat="37.734137999999994" lon="128.904419">
                <ele>76.829</ele>
            </trkpt>
            <trkpt lat="37.734137999999994" lon="128.904419">
                <ele>76.829</ele>
            </trkpt>
            <trkpt lat="37.734137999999994" lon="128.904419">
                <ele>76.829</ele>
            </trkpt>
            <trkpt lat="37.73415399999998" lon="128.904465">
                <ele>77.97</ele>
            </trkpt>
            <trkpt lat="37.73416899999999" lon="128.90448">
                <ele>78.548</ele>
            </trkpt>
            <trkpt lat="37.73420000000001" lon="128.904587">
                <ele>80.656</ele>
            </trkpt>
            <trkpt lat="37.73421900000001" lon="128.904648">
                <ele>81.961</ele>
            </trkpt>
            <trkpt lat="37.734229999999975" lon="128.904663">
                <ele>82.418</ele>
            </trkpt>
            <trkpt lat="37.734287" lon="128.904694">
                <ele>84.105</ele>
            </trkpt>
            <trkpt lat="37.734321999999985" lon="128.904724">
                <ele>85.369</ele>
            </trkpt>
            <trkpt lat="37.73434799999998" lon="128.904724">
                <ele>85.932</ele>
            </trkpt>
            <trkpt lat="37.73436000000001" lon="128.904724">
                <ele>86.191</ele>
            </trkpt>
            <trkpt lat="37.734401999999996" lon="128.90477">
                <ele>87.547</ele>
            </trkpt>
            <trkpt lat="37.73443200000001" lon="128.9048">
                <ele>88.546</ele>
            </trkpt>
            <trkpt lat="37.73444399999998" lon="128.904816">
                <ele>89.002</ele>
            </trkpt>
            <trkpt lat="37.734451000000014" lon="128.904816">
                <ele>89.115</ele>
            </trkpt>
            <trkpt lat="37.73448200000001" lon="128.904831">
                <ele>89.769</ele>
            </trkpt>
            <trkpt lat="37.734546999999985" lon="128.904968">
                <ele>92.458</ele>
            </trkpt>
            <trkpt lat="37.73463100000001" lon="128.904968">
                <ele>93.935</ele>
            </trkpt>
            <trkpt lat="37.73470700000001" lon="128.905045">
                <ele>95.717</ele>
            </trkpt>
            <trkpt lat="37.73473399999998" lon="128.905121">
                <ele>95.958</ele>
            </trkpt>
            <trkpt lat="37.734764000000006" lon="128.905167">
                <ele>95.85</ele>
            </trkpt>
            <trkpt lat="37.734767999999995" lon="128.905182">
                <ele>95.835</ele>
            </trkpt>
            <trkpt lat="37.734767999999995" lon="128.905182">
                <ele>95.835</ele>
            </trkpt>
            <trkpt lat="37.73479100000001" lon="128.905197">
                <ele>95.752</ele>
            </trkpt>
            <trkpt lat="37.73484800000001" lon="128.905243">
                <ele>95.547</ele>
            </trkpt>
            <trkpt lat="37.73484800000001" lon="128.905243">
                <ele>95.547</ele>
            </trkpt>
            <trkpt lat="37.73494700000001" lon="128.905258">
                <ele>95.191</ele>
            </trkpt>
            <trkpt lat="37.735054000000005" lon="128.905258">
                <ele>93.223</ele>
            </trkpt>
            <trkpt lat="37.735054000000005" lon="128.905258">
                <ele>93.223</ele>
            </trkpt>
            <trkpt lat="37.735054000000005" lon="128.905258">
                <ele>93.223</ele>
            </trkpt>
            <trkpt lat="37.735054000000005" lon="128.905258">
                <ele>93.223</ele>
            </trkpt>
            <trkpt lat="37.735054000000005" lon="128.905258">
                <ele>93.223</ele>
            </trkpt>
            <trkpt lat="37.735138000000006" lon="128.905228">
                <ele>90.351</ele>
            </trkpt>
            <trkpt lat="37.73517999999999" lon="128.905212">
                <ele>88.861</ele>
            </trkpt>
            <trkpt lat="37.73517999999999" lon="128.905212">
                <ele>88.861</ele>
            </trkpt>
            <trkpt lat="37.73518400000001" lon="128.905197">
                <ele>88.653</ele>
            </trkpt>
            <trkpt lat="37.73524900000001" lon="128.905212">
                <ele>86.508</ele>
            </trkpt>
            <trkpt lat="37.735355" lon="128.905258">
                <ele>82.502</ele>
            </trkpt>
            <trkpt lat="37.735546000000014" lon="128.905304">
                <ele>74.406</ele>
            </trkpt>
            <trkpt lat="37.735607" lon="128.905319">
                <ele>71.935</ele>
            </trkpt>
            <trkpt lat="37.735607" lon="128.905319">
                <ele>71.935</ele>
            </trkpt>
            <trkpt lat="37.735770999999986" lon="128.905396">
                <ele>65.138</ele>
            </trkpt>
            <trkpt lat="37.735897" lon="128.905441">
                <ele>59.567</ele>
            </trkpt>
            <trkpt lat="37.735916" lon="128.905441">
                <ele>58.718</ele>
            </trkpt>
            <trkpt lat="37.735916" lon="128.905441">
                <ele>58.718</ele>
            </trkpt>
            <trkpt lat="37.73598899999998" lon="128.905472">
                <ele>55.407</ele>
            </trkpt>
            <trkpt lat="37.735996000000014" lon="128.905472">
                <ele>55.097</ele>
            </trkpt>
            <trkpt lat="37.736052999999984" lon="128.905487">
                <ele>52.562</ele>
            </trkpt>
            <trkpt lat="37.73616799999998" lon="128.905502">
                <ele>48.078</ele>
            </trkpt>
            <trkpt lat="37.736305000000016" lon="128.905518">
                <ele>43.529</ele>
            </trkpt>
            <trkpt lat="37.736328" lon="128.905518">
                <ele>42.762</ele>
            </trkpt>
            <trkpt lat="37.736366000000004" lon="128.905548">
                <ele>41.692</ele>
            </trkpt>
            <trkpt lat="37.736385" lon="128.905563">
                <ele>41.072</ele>
            </trkpt>
            <trkpt lat="37.73641599999999" lon="128.905594">
                <ele>39.761</ele>
            </trkpt>
            <trkpt lat="37.736485000000016" lon="128.905655">
                <ele>36.948</ele>
            </trkpt>
            <trkpt lat="37.736485000000016" lon="128.905655">
                <ele>36.948</ele>
            </trkpt>
            <trkpt lat="37.736485000000016" lon="128.905655">
                <ele>36.948</ele>
            </trkpt>
            <trkpt lat="37.736526" lon="128.905777">
                <ele>34.863</ele>
            </trkpt>
            <trkpt lat="37.73656800000001" lon="128.905869">
                <ele>32.6</ele>
            </trkpt>
            <trkpt lat="37.736584" lon="128.90596">
                <ele>30.534</ele>
            </trkpt>
            <trkpt lat="37.736602999999995" lon="128.905991">
                <ele>29.355</ele>
            </trkpt>
            <trkpt lat="37.73664500000001" lon="128.906067">
                <ele>26.562</ele>
            </trkpt>
            <trkpt lat="37.736694" lon="128.906128">
                <ele>24.38</ele>
            </trkpt>
            <trkpt lat="37.736706" lon="128.906143">
                <ele>24.046</ele>
            </trkpt>
            <trkpt lat="37.736706" lon="128.906143">
                <ele>24.046</ele>
            </trkpt>
            <trkpt lat="37.73670200000001" lon="128.906143">
                <ele>24.12</ele>
            </trkpt>
            <trkpt lat="37.73670200000001" lon="128.906143">
                <ele>24.12</ele>
            </trkpt>
            <trkpt lat="37.736731999999996" lon="128.906174">
                <ele>23.318</ele>
            </trkpt>
            <trkpt lat="37.736805000000004" lon="128.906204">
                <ele>21.675</ele>
            </trkpt>
            <trkpt lat="37.736824000000006" lon="128.906204">
                <ele>21.31</ele>
            </trkpt>
            <trkpt lat="37.736876999999986" lon="128.906143">
                <ele>20.897</ele>
            </trkpt>
            <trkpt lat="37.737087" lon="128.905789">
                <ele>18.761</ele>
            </trkpt>
            <trkpt lat="37.73713999999998" lon="128.905543">
                <ele>16.835</ele>
            </trkpt>
            <trkpt lat="37.737170999999975" lon="128.905329">
                <ele>17.072</ele>
            </trkpt>
            <trkpt lat="37.737236" lon="128.905179">
                <ele>16.662</ele>
            </trkpt>
            <trkpt lat="37.73728800000001" lon="128.905083">
                <ele>17.166</ele>
            </trkpt>
            <trkpt lat="37.73741100000001" lon="128.904976">
                <ele>17.262</ele>
            </trkpt>
            <trkpt lat="37.737576000000004" lon="128.904846">
                <ele>16.871</ele>
            </trkpt>
            <trkpt lat="37.737711000000004" lon="128.904745">
                <ele>17.539</ele>
            </trkpt>
            <trkpt lat="37.73780999999998" lon="128.904618">
                <ele>17.67</ele>
            </trkpt>
            <trkpt lat="37.73795299999999" lon="128.904347">
                <ele>17.099</ele>
            </trkpt>
            <trkpt lat="37.738097000000025" lon="128.904076">
                <ele>16.347</ele>
            </trkpt>
            <trkpt lat="37.738196999999985" lon="128.903783">
                <ele>18.29</ele>
            </trkpt>
            <trkpt lat="37.738310000000006" lon="128.90338">
                <ele>22.482</ele>
            </trkpt>
            <trkpt lat="37.738374" lon="128.903191">
                <ele>24.098</ele>
            </trkpt>
            <trkpt lat="37.738461000000015" lon="128.903143">
                <ele>25.524</ele>
            </trkpt>
            <trkpt lat="37.738571000000015" lon="128.903047">
                <ele>27.396</ele>
            </trkpt>
            <trkpt lat="37.73869099999996" lon="128.902974">
                <ele>29.144</ele>
            </trkpt>
            <trkpt lat="37.738886000000015" lon="128.902979">
                <ele>32.672</ele>
            </trkpt>
            <trkpt lat="37.739051" lon="128.902889">
                <ele>35.318</ele>
            </trkpt>
            <trkpt lat="37.739223000000024" lon="128.902793">
                <ele>37.652</ele>
            </trkpt>
            <trkpt lat="37.739341999999986" lon="128.902746">
                <ele>38.779</ele>
            </trkpt>
            <trkpt lat="37.739504999999994" lon="128.9027">
                <ele>39.781</ele>
            </trkpt>
            <trkpt lat="37.739617" lon="128.902629">
                <ele>39.797</ele>
            </trkpt>
            <trkpt lat="37.73965799999999" lon="128.902533">
                <ele>39.796</ele>
            </trkpt>
            <trkpt lat="37.739682999999985" lon="128.90246">
                <ele>39.962</ele>
            </trkpt>
            <trkpt lat="37.739697000000014" lon="128.902356">
                <ele>40.333</ele>
            </trkpt>
            <trkpt lat="37.739705" lon="128.902157">
                <ele>40.799</ele>
            </trkpt>
            <trkpt lat="37.739727999999985" lon="128.901899">
                <ele>41.069</ele>
            </trkpt>
            <trkpt lat="37.739746000000004" lon="128.901783">
                <ele>41.356</ele>
            </trkpt>
            <trkpt lat="37.73975599999999" lon="128.90171">
                <ele>41.57</ele>
            </trkpt>
            <trkpt lat="37.739802" lon="128.901454">
                <ele>42.216</ele>
            </trkpt>
            <trkpt lat="37.739958999999985" lon="128.901419">
                <ele>44.502</ele>
            </trkpt>
            <trkpt lat="37.740136" lon="128.901348">
                <ele>45.27</ele>
            </trkpt>
            <trkpt lat="37.740334999999995" lon="128.901301">
                <ele>44.814</ele>
            </trkpt>
            <trkpt lat="37.74049999999996" lon="128.901255">
                <ele>43.022</ele>
            </trkpt>
            <trkpt lat="37.74060399999999" lon="128.90114">
                <ele>41.545</ele>
            </trkpt>
            <trkpt lat="37.74070000000001" lon="128.901001">
                <ele>40.646</ele>
            </trkpt>
            <trkpt lat="37.740795000000006" lon="128.900879">
                <ele>40.134</ele>
            </trkpt>
            <trkpt lat="37.740943999999985" lon="128.900742">
                <ele>39.861</ele>
            </trkpt>
            <trkpt lat="37.741134" lon="128.900659">
                <ele>39.09</ele>
            </trkpt>
            <trkpt lat="37.741445000000006" lon="128.900564">
                <ele>37.939</ele>
            </trkpt>
            <trkpt lat="37.74167299999999" lon="128.900553">
                <ele>38.009</ele>
            </trkpt>
            <trkpt lat="37.741901000000006" lon="128.900543">
                <ele>38.045</ele>
            </trkpt>
            <trkpt lat="37.74202700000002" lon="128.900543">
                <ele>37.735</ele>
            </trkpt>
            <trkpt lat="37.742379000000014" lon="128.900525">
                <ele>35.747</ele>
            </trkpt>
            <trkpt lat="37.742622000000004" lon="128.900513">
                <ele>34.254</ele>
            </trkpt>
            <trkpt lat="37.7427206" lon="128.900583343">
                <ele>34.206</ele>
            </trkpt>
            <trkpt lat="37.742753818000004" lon="128.900699367">
                <ele>34.086</ele>
            </trkpt>
            <trkpt lat="37.743253159999995" lon="128.900649365">
                <ele>32.52</ele>
            </trkpt>
            <trkpt lat="37.74346146399999" lon="128.900595356">
                <ele>32.318</ele>
            </trkpt>
            <trkpt lat="37.743804725000004" lon="128.900497341">
                <ele>32.487</ele>
            </trkpt>
            <trkpt lat="37.74397714700002" lon="128.900445332">
                <ele>32.412</ele>
            </trkpt>
            <trkpt lat="37.74414337399999" lon="128.900401325">
                <ele>32.037</ele>
            </trkpt>
            <trkpt lat="37.744303139999985" lon="128.900339313">
                <ele>31.891</ele>
            </trkpt>
            <trkpt lat="37.744471936000004" lon="128.900283302">
                <ele>31.879</ele>
            </trkpt>
            <trkpt lat="37.74467100000002" lon="128.900214">
                <ele>31.142</ele>
            </trkpt>
            <trkpt lat="37.74479299999999" lon="128.900168">
                <ele>30.947</ele>
            </trkpt>
            <trkpt lat="37.744988" lon="128.900107">
                <ele>31.22</ele>
            </trkpt>
            <trkpt lat="37.74512899999999" lon="128.900016">
                <ele>31.42</ele>
            </trkpt>
            <trkpt lat="37.745259" lon="128.899894">
                <ele>31.042</ele>
            </trkpt>
            <trkpt lat="37.74530200000002" lon="128.899857">
                <ele>31.0</ele>
            </trkpt>
            <trkpt lat="37.745399999999975" lon="128.89966">
                <ele>30.875</ele>
            </trkpt>
            <trkpt lat="37.74542600000002" lon="128.899542">
                <ele>30.697</ele>
            </trkpt>
            <trkpt lat="37.745449000000015" lon="128.899405">
                <ele>30.474</ele>
            </trkpt>
            <trkpt lat="37.745540999999996" lon="128.899176">
                <ele>29.981</ele>
            </trkpt>
            <trkpt lat="37.74564399999999" lon="128.899008">
                <ele>28.858</ele>
            </trkpt>
            <trkpt lat="37.745738999999986" lon="128.89887">
                <ele>27.909</ele>
            </trkpt>
            <trkpt lat="37.745807000000006" lon="128.898798">
                <ele>27.642</ele>
            </trkpt>
            <trkpt lat="37.74600100000001" lon="128.89868">
                <ele>27.248</ele>
            </trkpt>
            <trkpt lat="37.746288" lon="128.898588">
                <ele>26.97</ele>
            </trkpt>
            <trkpt lat="37.746575000000014" lon="128.898497">
                <ele>27.0</ele>
            </trkpt>
            <trkpt lat="37.74686999999998" lon="128.898406">
                <ele>27.191</ele>
            </trkpt>
            <trkpt lat="37.74700699999999" lon="128.898293">
                <ele>26.63</ele>
            </trkpt>
            <trkpt lat="37.74724499999999" lon="128.897919">
                <ele>24.796</ele>
            </trkpt>
            <trkpt lat="37.747481999999984" lon="128.897544">
                <ele>21.298</ele>
            </trkpt>
            <trkpt lat="37.74772000000001" lon="128.89717">
                <ele>18.663</ele>
            </trkpt>
            <trkpt lat="37.74776800000002" lon="128.897064">
                <ele>17.881</ele>
            </trkpt>
            <trkpt lat="37.747870999999996" lon="128.897018">
                <ele>17.194</ele>
            </trkpt>
            <trkpt lat="37.747870999999996" lon="128.897018">
                <ele>17.194</ele>
            </trkpt>
            <trkpt lat="37.747874999999986" lon="128.896988">
                <ele>16.964</ele>
            </trkpt>
            <trkpt lat="37.747870999999996" lon="128.896844">
                <ele>16.424</ele>
            </trkpt>
            <trkpt lat="37.747924000000005" lon="128.896681">
                <ele>16.024</ele>
            </trkpt>
            <trkpt lat="37.747963000000006" lon="128.896686">
                <ele>16.023</ele>
            </trkpt>
            <trkpt lat="37.74805100000002" lon="128.896683">
                <ele>16.001</ele>
            </trkpt>
            <trkpt lat="37.748079524999994" lon="128.89667245">
                <ele>15.829</ele>
            </trkpt>
            <trkpt lat="37.74811186499999" lon="128.896611984">
                <ele>15.438</ele>
            </trkpt>
            <trkpt lat="37.74806967699998" lon="128.896489278">
                <ele>15.292</ele>
            </trkpt>
            <trkpt lat="37.74804295700001" lon="128.896395026">
                <ele>15.066</ele>
            </trkpt>
            <trkpt lat="37.748014830999985" lon="128.896302553">
                <ele>14.525</ele>
            </trkpt>
            <trkpt lat="37.74799936199999" lon="128.89625276">
                <ele>14.222</ele>
            </trkpt>
            <trkpt lat="37.747983892" lon="128.896179848">
                <ele>13.753</ele>
            </trkpt>
            <trkpt lat="37.74797685999998" lon="128.896138946">
                <ele>13.484</ele>
            </trkpt>
            <trkpt lat="37.74798529599999" lon="128.89608026">
                <ele>13.142</ele>
            </trkpt>
            <trkpt lat="37.74799372999999" lon="128.896005569">
                <ele>12.843</ele>
            </trkpt>
            <trkpt lat="37.748034509" lon="128.895993118">
                <ele>12.651</ele>
            </trkpt>
            <trkpt lat="37.748072473000036" lon="128.895934431">
                <ele>12.303</ele>
            </trkpt>
            <trkpt lat="37.74810762599999" lon="128.895891749">
                <ele>12.023</ele>
            </trkpt>
            <trkpt lat="37.74817793299998" lon="128.89586507">
                <ele>11.674</ele>
            </trkpt>
            <trkpt lat="37.748221522999984" lon="128.895825944">
                <ele>11.387</ele>
            </trkpt>
            <trkpt lat="37.74823980200002" lon="128.895781484">
                <ele>11.213</ele>
            </trkpt>
            <trkpt lat="37.74824120600001" lon="128.895713907">
                <ele>11.044</ele>
            </trkpt>
            <trkpt lat="37.74823698600001" lon="128.895665891">
                <ele>10.953</ele>
            </trkpt>
            <trkpt lat="37.748277763000004" lon="128.895617873">
                <ele>10.58</ele>
            </trkpt>
            <trkpt lat="37.74831291600001" lon="128.895591196">
                <ele>10.266</ele>
            </trkpt>
            <trkpt lat="37.74835600000001" lon="128.895569">
                <ele>10.212</ele>
            </trkpt>
            <trkpt lat="37.748455978999985" lon="128.895566292">
                <ele>10.922</ele>
            </trkpt>
            <trkpt lat="37.748596594" lon="128.895532495">
                <ele>11.9</ele>
            </trkpt>
            <trkpt lat="37.748844000000005" lon="128.895447">
                <ele>13.349</ele>
            </trkpt>
            <trkpt lat="37.749153" lon="128.895374">
                <ele>12.396</ele>
            </trkpt>
            <trkpt lat="37.74909600000001" lon="128.894987">
                <ele>12.173</ele>
            </trkpt>
            <trkpt lat="37.749030000000026" lon="128.894701">
                <ele>10.946</ele>
            </trkpt>
            <trkpt lat="37.748946" lon="128.894321">
                <ele>10.533</ele>
            </trkpt>
            <trkpt lat="37.749105000000014" lon="128.894279">
                <ele>10.553</ele>
            </trkpt>
            <trkpt lat="37.749055" lon="128.894123">
                <ele>10.441</ele>
            </trkpt>
            <trkpt lat="37.74937599999999" lon="128.893951">
                <ele>12.316</ele>
            </trkpt>
            <trkpt lat="37.749697999999995" lon="128.893779">
                <ele>14.791</ele>
            </trkpt>
            <trkpt lat="37.74996699999999" lon="128.893626">
                <ele>14.119</ele>
            </trkpt>
            <trkpt lat="37.750104" lon="128.893565">
                <ele>14.478</ele>
            </trkpt>
            <trkpt lat="37.75020499999999" lon="128.89348">
                <ele>14.862</ele>
            </trkpt>
            <trkpt lat="37.750292" lon="128.893383">
                <ele>14.958</ele>
            </trkpt>
            <trkpt lat="37.750381" lon="128.89332">
                <ele>14.628</ele>
            </trkpt>
            <trkpt lat="37.750496" lon="128.893268">
                <ele>14.214</ele>
            </trkpt>
            <trkpt lat="37.750651999999974" lon="128.893164">
                <ele>14.483</ele>
            </trkpt>
            <trkpt lat="37.75080400000002" lon="128.89303">
                <ele>14.812</ele>
            </trkpt>
            <trkpt lat="37.750990000000016" lon="128.892816">
                <ele>14.702</ele>
            </trkpt>
            <trkpt lat="37.75117599999999" lon="128.892602">
                <ele>15.0</ele>
            </trkpt>
            <trkpt lat="37.75139018800001" lon="128.892371703">
                <ele>15.467</ele>
            </trkpt>
            <trkpt lat="37.751535768999986" lon="128.892209933">
                <ele>16.529</ele>
            </trkpt>
            <trkpt lat="37.7514594" lon="128.8921513">
                <ele>16.254</ele>
            </trkpt>
            <trkpt lat="37.751527412999984" lon="128.891929884">
                <ele>16.525</ele>
            </trkpt>
            <trkpt lat="37.75173828500001" lon="128.89208295">
                <ele>17.387</ele>
            </trkpt>
            <trkpt lat="37.751948481" lon="128.892256361">
                <ele>17.879</ele>
            </trkpt>
            <trkpt lat="37.752192898000004" lon="128.892433368">
                <ele>17.92</ele>
            </trkpt>
            <trkpt lat="37.75253175599999" lon="128.892674905">
                <ele>17.0</ele>
            </trkpt>
            <trkpt lat="37.75241894500003" lon="128.892880657">
                <ele>17.0</ele>
            </trkpt>
            <trkpt lat="37.75249700000002" lon="128.893048">
                <ele>17.0</ele>
            </trkpt>
            <trkpt lat="37.75233600000002" lon="128.893209">
                <ele>17.0</ele>
            </trkpt>
            <trkpt lat="37.75221700000001" lon="128.893324">
                <ele>16.999</ele>
            </trkpt>
            <trkpt lat="37.752101" lon="128.893437">
                <ele>17.0</ele>
            </trkpt>
            <trkpt lat="37.751919" lon="128.893624">
                <ele>16.958</ele>
            </trkpt>
            <trkpt lat="37.751695000000005" lon="128.893862">
                <ele>16.908</ele>
            </trkpt>
            <trkpt lat="37.75149999999999" lon="128.894032">
                <ele>16.794</ele>
            </trkpt>
            <trkpt lat="37.75137100000002" lon="128.894109">
                <ele>17.0</ele>
            </trkpt>
            <trkpt lat="37.75126534300001" lon="128.89419915">
                <ele>17.0</ele>
            </trkpt>
            <trkpt lat="37.75122000000001" lon="128.894328">
                <ele>17.0</ele>
            </trkpt>
            <trkpt lat="37.751170000000016" lon="128.89441">
                <ele>17.0</ele>
            </trkpt>
            <trkpt lat="37.751283" lon="128.894559">
                <ele>16.843</ele>
            </trkpt>
            <trkpt lat="37.751305000000016" lon="128.89453">
                <ele>16.907</ele>
            </trkpt>
            <trkpt lat="37.751472000000014" lon="128.894778">
                <ele>16.799</ele>
            </trkpt>
            <trkpt lat="37.75164699999999" lon="128.895026">
                <ele>15.819</ele>
            </trkpt>
            <trkpt lat="37.75183200000001" lon="128.895241">
                <ele>14.186</ele>
            </trkpt>
            <trkpt lat="37.75210699999998" lon="128.895579">
                <ele>15.255</ele>
            </trkpt>
            <trkpt lat="37.75227000000001" lon="128.895782">
                <ele>16.987</ele>
            </trkpt>
            <trkpt lat="37.75243199999999" lon="128.895984">
                <ele>18.298</ele>
            </trkpt>
            <trkpt lat="37.752736999999975" lon="128.896378">
                <ele>17.186</ele>
            </trkpt>
            <trkpt lat="37.752931000000004" lon="128.896589">
                <ele>17.0</ele>
            </trkpt>
            <trkpt lat="37.753161" lon="128.896889">
                <ele>17.38</ele>
            </trkpt>
            <trkpt lat="37.753392" lon="128.89719">
                <ele>18.697</ele>
            </trkpt>
            <trkpt lat="37.753600000000006" lon="128.897469">
                <ele>18.04</ele>
            </trkpt>
            <trkpt lat="37.753812000000025" lon="128.897819">
                <ele>17.128</ele>
            </trkpt>
            <trkpt lat="37.75397400000001" lon="128.898098">
                <ele>16.0</ele>
            </trkpt>
            <trkpt lat="37.754136999999965" lon="128.898377">
                <ele>15.86</ele>
            </trkpt>
            <trkpt lat="37.754136999999965" lon="128.898382">
                <ele>15.844</ele>
            </trkpt>
            <trkpt lat="37.754366000000005" lon="128.898735">
                <ele>14.68</ele>
            </trkpt>
            <trkpt lat="37.754458000000014" lon="128.898933">
                <ele>14.0</ele>
            </trkpt>
            <trkpt lat="37.754478999999996" lon="128.898993">
                <ele>14.0</ele>
            </trkpt>
            <trkpt lat="37.754301000000005" lon="128.899211">
                <ele>14.0</ele>
            </trkpt>
            <trkpt lat="37.754122999999986" lon="128.89943">
                <ele>14.008</ele>
            </trkpt>
            <trkpt lat="37.75393199999999" lon="128.899628">
                <ele>14.0</ele>
            </trkpt>
            <trkpt lat="37.75374099999998" lon="128.899827">
                <ele>14.356</ele>
            </trkpt>
            <trkpt lat="37.75346199999999" lon="128.900114">
                <ele>15.853</ele>
            </trkpt>
            <trkpt lat="37.75322900000001" lon="128.900283">
                <ele>15.58</ele>
            </trkpt>
            <trkpt lat="37.75313199999999" lon="128.900412">
                <ele>13.959</ele>
            </trkpt>
            <trkpt lat="37.753027720000006" lon="128.900613183">
                <ele>11.198</ele>
            </trkpt>
            <trkpt lat="37.75302501600002" lon="128.900667887">
                <ele>10.611</ele>
            </trkpt>
            <trkpt lat="37.752909114000005" lon="128.900788782">
                <ele>8.869</ele>
            </trkpt>
            <trkpt lat="37.75288394900001" lon="128.900825913">
                <ele>8.446</ele>
            </trkpt>
            <trkpt lat="37.75260984599999" lon="128.901093869">
                <ele>7.296</ele>
            </trkpt>
            <trkpt lat="37.75244088899999" lon="128.901287038">
                <ele>7.237</ele>
            </trkpt>
            <trkpt lat="37.752355734999995" lon="128.90137593">
                <ele>7.156</ele>
            </trkpt>
            <trkpt lat="37.75219218399998" lon="128.901558841">
                <ele>7.58</ele>
            </trkpt>
            <trkpt lat="37.75195429199999" lon="128.901806709">
                <ele>7.982</ele>
            </trkpt>
            <trkpt lat="37.75184480700001" lon="128.901933208">
                <ele>8.717</ele>
            </trkpt>
            <trkpt lat="37.751577176000005" lon="128.90222894">
                <ele>12.361</ele>
            </trkpt>
            <trkpt lat="37.75148458200002" lon="128.902339202">
                <ele>14.885</ele>
            </trkpt>
            <trkpt lat="37.75118900000001" lon="128.902622">
                <ele>22.407</ele>
            </trkpt>
            <trkpt lat="37.75089999999999" lon="128.902941">
                <ele>25.489</ele>
            </trkpt>
            <trkpt lat="37.750801" lon="128.903063">
                <ele>25.88</ele>
            </trkpt>
            <trkpt lat="37.75059300000002" lon="128.90329">
                <ele>24.405</ele>
            </trkpt>
            <trkpt lat="37.75039799999999" lon="128.903499">
                <ele>23.691</ele>
            </trkpt>
            <trkpt lat="37.75020400000001" lon="128.903709">
                <ele>23.174</ele>
            </trkpt>
            <trkpt lat="37.750085" lon="128.903805">
                <ele>23.008</ele>
            </trkpt>
            <trkpt lat="37.749884000000016" lon="128.904063">
                <ele>24.88</ele>
            </trkpt>
            <trkpt lat="37.749699" lon="128.904273">
                <ele>27.384</ele>
            </trkpt>
            <trkpt lat="37.74951699999999" lon="128.904467">
                <ele>27.988</ele>
            </trkpt>
            <trkpt lat="37.74939899999998" lon="128.904609">
                <ele>28.155</ele>
            </trkpt>
            <trkpt lat="37.74927800000001" lon="128.904725">
                <ele>28.405</ele>
            </trkpt>
            <trkpt lat="37.749106999999995" lon="128.904919">
                <ele>28.644</ele>
            </trkpt>
            <trkpt lat="37.748956000000014" lon="128.905148">
                <ele>30.533</ele>
            </trkpt>
            <trkpt lat="37.74875900000002" lon="128.905462">
                <ele>33.223</ele>
            </trkpt>
            <trkpt lat="37.74862400000005" lon="128.905711">
                <ele>34.913</ele>
            </trkpt>
            <trkpt lat="37.748489" lon="128.905961">
                <ele>36.359</ele>
            </trkpt>
            <trkpt lat="37.748374" lon="128.906304">
                <ele>39.242</ele>
            </trkpt>
            <trkpt lat="37.748201" lon="128.906689">
                <ele>41.834</ele>
            </trkpt>
            <trkpt lat="37.74810700000001" lon="128.907008">
                <ele>39.942</ele>
            </trkpt>
            <trkpt lat="37.748011999999996" lon="128.907327">
                <ele>35.453</ele>
            </trkpt>
            <trkpt lat="37.747914000000016" lon="128.907752">
                <ele>31.695</ele>
            </trkpt>
            <trkpt lat="37.747859" lon="128.907995">
                <ele>30.372</ele>
            </trkpt>
            <trkpt lat="37.74780200000001" lon="128.90825">
                <ele>29.3</ele>
            </trkpt>
            <trkpt lat="37.74771400000001" lon="128.908706">
                <ele>27.815</ele>
            </trkpt>
            <trkpt lat="37.74761100000001" lon="128.909127">
                <ele>28.201</ele>
            </trkpt>
            <trkpt lat="37.747526999999984" lon="128.909528">
                <ele>29.077</ele>
            </trkpt>
            <trkpt lat="37.747459" lon="128.909801">
                <ele>30.59</ele>
            </trkpt>
            <trkpt lat="37.74744" lon="128.90996">
                <ele>30.864</ele>
            </trkpt>
            <trkpt lat="37.747634" lon="128.910088">
                <ele>30.304</ele>
            </trkpt>
            <trkpt lat="37.747594999999976" lon="128.910259">
                <ele>31.842</ele>
            </trkpt>
            <trkpt lat="37.747582" lon="128.91035">
                <ele>32.154</ele>
            </trkpt>
            <trkpt lat="37.747597000000006" lon="128.910522">
                <ele>32.614</ele>
            </trkpt>
            <trkpt lat="37.74768399999999" lon="128.91064">
                <ele>32.512</ele>
            </trkpt>
            <trkpt lat="37.747792999999994" lon="128.910731">
                <ele>32.682</ele>
            </trkpt>
            <trkpt lat="37.74789000000002" lon="128.910787">
                <ele>31.93</ele>
            </trkpt>
            <trkpt lat="37.747839" lon="128.910909">
                <ele>30.145</ele>
            </trkpt>
            <trkpt lat="37.747833" lon="128.910914">
                <ele>30.059</ele>
            </trkpt>
            <trkpt lat="37.74779000000001" lon="128.911044">
                <ele>27.406</ele>
            </trkpt>
            <trkpt lat="37.747731" lon="128.911008">
                <ele>27.977</ele>
            </trkpt>
            <trkpt lat="37.74765699999999" lon="128.911126">
                <ele>25.946</ele>
            </trkpt>
            <trkpt lat="37.74762" lon="128.911279">
                <ele>25.396</ele>
            </trkpt>
            <trkpt lat="37.747609000000004" lon="128.911489">
                <ele>25.141</ele>
            </trkpt>
            <trkpt lat="37.74762300000001" lon="128.911733">
                <ele>25.787</ele>
            </trkpt>
            <trkpt lat="37.74767299999998" lon="128.911935">
                <ele>27.19</ele>
            </trkpt>
            <trkpt lat="37.747788999999976" lon="128.912216">
                <ele>28.936</ele>
            </trkpt>
            <trkpt lat="37.74786299999999" lon="128.912422">
                <ele>28.914</ele>
            </trkpt>
            <trkpt lat="37.74795399999999" lon="128.912652">
                <ele>29.894</ele>
            </trkpt>
            <trkpt lat="37.748013" lon="128.912852">
                <ele>31.114</ele>
            </trkpt>
            <trkpt lat="37.74799899999999" lon="128.913106">
                <ele>32.16</ele>
            </trkpt>
            <trkpt lat="37.74797200000001" lon="128.913239">
                <ele>33.02</ele>
            </trkpt>
            <trkpt lat="37.74796599999999" lon="128.913252">
                <ele>33.092</ele>
            </trkpt>
            <trkpt lat="37.748021999999985" lon="128.913324">
                <ele>33.812</ele>
            </trkpt>
            <trkpt lat="37.748184000000016" lon="128.913138">
                <ele>33.381</ele>
            </trkpt>
            <trkpt lat="37.748285" lon="128.91304">
                <ele>33.55</ele>
            </trkpt>
            <trkpt lat="37.74852400000001" lon="128.913313">
                <ele>36.35</ele>
            </trkpt>
            <trkpt lat="37.748748000000006" lon="128.913386">
                <ele>38.006</ele>
            </trkpt>
            <trkpt lat="37.74897300000001" lon="128.913459">
                <ele>38.614</ele>
            </trkpt>
            <trkpt lat="37.749216" lon="128.913557">
                <ele>37.948</ele>
            </trkpt>
            <trkpt lat="37.74945999999999" lon="128.913655">
                <ele>36.758</ele>
            </trkpt>
            <trkpt lat="37.74972999999999" lon="128.913786">
                <ele>38.035</ele>
            </trkpt>
            <trkpt lat="37.750001" lon="128.913918">
                <ele>39.784</ele>
            </trkpt>
            <trkpt lat="37.750390999999986" lon="128.914122">
                <ele>37.461</ele>
            </trkpt>
            <trkpt lat="37.75061600000001" lon="128.914258">
                <ele>36.485</ele>
            </trkpt>
            <trkpt lat="37.75080900000001" lon="128.914385">
                <ele>36.862</ele>
            </trkpt>
            <trkpt lat="37.75091700000001" lon="128.914688">
                <ele>37.338</ele>
            </trkpt>
            <trkpt lat="37.75093299999999" lon="128.914864">
                <ele>37.176</ele>
            </trkpt>
            <trkpt lat="37.75102599999998" lon="128.915206">
                <ele>38.196</ele>
            </trkpt>
            <trkpt lat="37.75125" lon="128.915528">
                <ele>36.099</ele>
            </trkpt>
            <trkpt lat="37.751397" lon="128.915714">
                <ele>32.776</ele>
            </trkpt>
            <trkpt lat="37.75153600000001" lon="128.915811">
                <ele>31.016</ele>
            </trkpt>
            <trkpt lat="37.75173699999999" lon="128.91586">
                <ele>28.433</ele>
            </trkpt>
            <trkpt lat="37.751984" lon="128.915811">
                <ele>23.015</ele>
            </trkpt>
            <trkpt lat="37.752041" lon="128.915796">
                <ele>21.614</ele>
            </trkpt>
            <trkpt lat="37.752091000000014" lon="128.9158">
                <ele>20.37</ele>
            </trkpt>
            <trkpt lat="37.75214999999999" lon="128.915785">
                <ele>18.949</ele>
            </trkpt>
            <trkpt lat="37.75219200000001" lon="128.915774">
                <ele>17.952</ele>
            </trkpt>
            <trkpt lat="37.752236" lon="128.915703">
                <ele>17.294</ele>
            </trkpt>
            <trkpt lat="37.752306000000004" lon="128.915711">
                <ele>16.367</ele>
            </trkpt>
            <trkpt lat="37.75237400000002" lon="128.915785">
                <ele>15.083</ele>
            </trkpt>
            <trkpt lat="37.75243000000001" lon="128.915927">
                <ele>13.756</ele>
            </trkpt>
            <trkpt lat="37.75246" lon="128.916132">
                <ele>12.742</ele>
            </trkpt>
            <trkpt lat="37.75237999999999" lon="128.916273">
                <ele>14.664</ele>
            </trkpt>
            <trkpt lat="37.75236600000001" lon="128.91634">
                <ele>15.207</ele>
            </trkpt>
            <trkpt lat="37.75236900000002" lon="128.916426">
                <ele>15.505</ele>
            </trkpt>
            <trkpt lat="37.75244" lon="128.916624">
                <ele>15.022</ele>
            </trkpt>
            <trkpt lat="37.752548999999995" lon="128.91678">
                <ele>13.294</ele>
            </trkpt>
            <trkpt lat="37.75259299999999" lon="128.916918">
                <ele>12.661</ele>
            </trkpt>
            <trkpt lat="37.75257800000001" lon="128.917112">
                <ele>11.84</ele>
            </trkpt>
            <trkpt lat="37.75259299999999" lon="128.91738">
                <ele>9.482</ele>
            </trkpt>
            <trkpt lat="37.752554999999994" lon="128.917514">
                <ele>8.513</ele>
            </trkpt>
            <trkpt lat="37.75242499999999" lon="128.917747">
                <ele>7.281</ele>
            </trkpt>
            <trkpt lat="37.75223100000001" lon="128.918124">
                <ele>6.246</ele>
            </trkpt>
            <trkpt lat="37.75206600000002" lon="128.918478">
                <ele>8.042</ele>
            </trkpt>
            <trkpt lat="37.75203299999999" lon="128.918628">
                <ele>9.141</ele>
            </trkpt>
            <trkpt lat="37.751939" lon="128.918721">
                <ele>9.791</ele>
            </trkpt>
            <trkpt lat="37.751706" lon="128.918907">
                <ele>11.261</ele>
            </trkpt>
            <trkpt lat="37.75149999999999" lon="128.919053">
                <ele>13.963</ele>
            </trkpt>
            <trkpt lat="37.751361" lon="128.919298">
                <ele>17.513</ele>
            </trkpt>
            <trkpt lat="37.751308" lon="128.919409">
                <ele>19.125</ele>
            </trkpt>
            <trkpt lat="37.751096000000004" lon="128.919264">
                <ele>17.951</ele>
            </trkpt>
            <trkpt lat="37.75087800000001" lon="128.919117">
                <ele>18.67</ele>
            </trkpt>
            <trkpt lat="37.75081499999998" lon="128.91909">
                <ele>19.292</ele>
            </trkpt>
            <trkpt lat="37.750721999999996" lon="128.919288">
                <ele>24.152</ele>
            </trkpt>
            <trkpt lat="37.75069899999998" lon="128.919346">
                <ele>25.484</ele>
            </trkpt>
            <trkpt lat="37.75083500000001" lon="128.919387">
                <ele>23.154</ele>
            </trkpt>
            <trkpt lat="37.750993" lon="128.919479">
                <ele>22.702</ele>
            </trkpt>
            <trkpt lat="37.751110000000004" lon="128.919619">
                <ele>22.9</ele>
            </trkpt>
            <trkpt lat="37.751136999999986" lon="128.919711">
                <ele>23.692</ele>
            </trkpt>
            <trkpt lat="37.751127" lon="128.919855">
                <ele>24.364</ele>
            </trkpt>
            <trkpt lat="37.75108900000002" lon="128.920095">
                <ele>24.528</ele>
            </trkpt>
            <trkpt lat="37.75098800000001" lon="128.920189">
                <ele>24.667</ele>
            </trkpt>
            <trkpt lat="37.750823999999994" lon="128.920286">
                <ele>25.041</ele>
            </trkpt>
            <trkpt lat="37.75064700000001" lon="128.920337">
                <ele>26.443</ele>
            </trkpt>
            <trkpt lat="37.750395000000005" lon="128.920414">
                <ele>27.674</ele>
            </trkpt>
            <trkpt lat="37.75023799999999" lon="128.920487">
                <ele>28.784</ele>
            </trkpt>
            <trkpt lat="37.75012000000001" lon="128.920576">
                <ele>30.198</ele>
            </trkpt>
            <trkpt lat="37.749993999999994" lon="128.920699">
                <ele>31.527</ele>
            </trkpt>
            <trkpt lat="37.749924" lon="128.9209">
                <ele>31.307</ele>
            </trkpt>
            <trkpt lat="37.749886" lon="128.921045">
                <ele>31.059</ele>
            </trkpt>
            <trkpt lat="37.74987200000002" lon="128.921153">
                <ele>31.003</ele>
            </trkpt>
            <trkpt lat="37.74989500000001" lon="128.921255">
                <ele>31.078</ele>
            </trkpt>
            <trkpt lat="37.74991600000002" lon="128.921363">
                <ele>31.237</ele>
            </trkpt>
            <trkpt lat="37.74989700000002" lon="128.921508">
                <ele>31.323</ele>
            </trkpt>
            <trkpt lat="37.749894000000005" lon="128.921547">
                <ele>31.299</ele>
            </trkpt>
            <trkpt lat="37.749911" lon="128.921606">
                <ele>31.351</ele>
            </trkpt>
            <trkpt lat="37.74992199999999" lon="128.92162">
                <ele>31.412</ele>
            </trkpt>
            <trkpt lat="37.749991999999985" lon="128.921646">
                <ele>31.874</ele>
            </trkpt>
            <trkpt lat="37.75014099999999" lon="128.921722">
                <ele>31.902</ele>
            </trkpt>
            <trkpt lat="37.75027500000001" lon="128.921875">
                <ele>31.993</ele>
            </trkpt>
            <trkpt lat="37.750343" lon="128.921951">
                <ele>31.971</ele>
            </trkpt>
            <trkpt lat="37.75049999999999" lon="128.922119">
                <ele>30.869</ele>
            </trkpt>
            <trkpt lat="37.75065599999999" lon="128.922195">
                <ele>30.161</ele>
            </trkpt>
            <trkpt lat="37.750801" lon="128.922287">
                <ele>30.0</ele>
            </trkpt>
            <trkpt lat="37.750916000000004" lon="128.922455">
                <ele>30.0</ele>
            </trkpt>
            <trkpt lat="37.75101499999999" lon="128.922638">
                <ele>30.153</ele>
            </trkpt>
            <trkpt lat="37.751110000000004" lon="128.922806">
                <ele>31.093</ele>
            </trkpt>
            <trkpt lat="37.75131999999999" lon="128.922882">
                <ele>31.94</ele>
            </trkpt>
            <trkpt lat="37.751495" lon="128.922989">
                <ele>32.426</ele>
            </trkpt>
            <trkpt lat="37.75169000000001" lon="128.923141">
                <ele>33.344</ele>
            </trkpt>
            <trkpt lat="37.751881" lon="128.923141">
                <ele>31.757</ele>
            </trkpt>
            <trkpt lat="37.75203299999999" lon="128.923203">
                <ele>31.954</ele>
            </trkpt>
            <trkpt lat="37.752068" lon="128.923233">
                <ele>32.271</ele>
            </trkpt>
            <trkpt lat="37.752266" lon="128.92337">
                <ele>32.775</ele>
            </trkpt>
            <trkpt lat="37.75240699999999" lon="128.923477">
                <ele>31.499</ele>
            </trkpt>
            <trkpt lat="37.752571" lon="128.92363">
                <ele>28.383</ele>
            </trkpt>
            <trkpt lat="37.75272000000001" lon="128.923813">
                <ele>25.521</ele>
            </trkpt>
            <trkpt lat="37.752932999999985" lon="128.924042">
                <ele>25.601</ele>
            </trkpt>
            <trkpt lat="37.753146000000015" lon="128.924271">
                <ele>27.801</ele>
            </trkpt>
            <trkpt lat="37.753393" lon="128.924546">
                <ele>30.233</ele>
            </trkpt>
            <trkpt lat="37.75363900000001" lon="128.92482">
                <ele>32.301</ele>
            </trkpt>
            <trkpt lat="37.753785" lon="128.924949">
                <ele>33.878</ele>
            </trkpt>
            <trkpt lat="37.753882" lon="128.925009">
                <ele>34.831</ele>
            </trkpt>
            <trkpt lat="37.754070000000006" lon="128.925066">
                <ele>34.132</ele>
            </trkpt>
            <trkpt lat="37.754279999999994" lon="128.925064">
                <ele>32.948</ele>
            </trkpt>
            <trkpt lat="37.754404" lon="128.925056">
                <ele>31.803</ele>
            </trkpt>
            <trkpt lat="37.754513" lon="128.925011">
                <ele>31.891</ele>
            </trkpt>
            <trkpt lat="37.75469200000002" lon="128.924957">
                <ele>32.034</ele>
            </trkpt>
            <trkpt lat="37.75476799999999" lon="128.924942">
                <ele>31.931</ele>
            </trkpt>
            <trkpt lat="37.754925" lon="128.924957">
                <ele>31.774</ele>
            </trkpt>
            <trkpt lat="37.755112000000004" lon="128.925003">
                <ele>31.601</ele>
            </trkpt>
            <trkpt lat="37.75526799999999" lon="128.92511">
                <ele>31.417</ele>
            </trkpt>
            <trkpt lat="37.755385999999994" lon="128.925201">
                <ele>31.226</ele>
            </trkpt>
            <trkpt lat="37.755581" lon="128.925247">
                <ele>30.677</ele>
            </trkpt>
            <trkpt lat="37.755763999999985" lon="128.925339">
                <ele>30.415</ele>
            </trkpt>
            <trkpt lat="37.75583599999999" lon="128.9254">
                <ele>30.43</ele>
            </trkpt>
            <trkpt lat="37.755955" lon="128.925537">
                <ele>30.495</ele>
            </trkpt>
            <trkpt lat="37.756096" lon="128.925613">
                <ele>29.848</ele>
            </trkpt>
            <trkpt lat="37.756274999999995" lon="128.92569">
                <ele>28.926</ele>
            </trkpt>
            <trkpt lat="37.75646600000001" lon="128.925751">
                <ele>28.214</ele>
            </trkpt>
            <trkpt lat="37.75663399999999" lon="128.925858">
                <ele>27.744</ele>
            </trkpt>
            <trkpt lat="37.756824" lon="128.925934">
                <ele>26.552</ele>
            </trkpt>
            <trkpt lat="37.75692" lon="128.925964">
                <ele>26.106</ele>
            </trkpt>
            <trkpt lat="37.75695400000001" lon="128.925995">
                <ele>25.807</ele>
            </trkpt>
            <trkpt lat="37.75713300000003" lon="128.926147">
                <ele>24.876</ele>
            </trkpt>
            <trkpt lat="37.757294" lon="128.92627">
                <ele>25.406</ele>
            </trkpt>
            <trkpt lat="37.757454" lon="128.926392">
                <ele>26.654</ele>
            </trkpt>
            <trkpt lat="37.757529999999996" lon="128.926453">
                <ele>27.093</ele>
            </trkpt>
            <trkpt lat="37.75766399999999" lon="128.92659">
                <ele>28.047</ele>
            </trkpt>
            <trkpt lat="37.75778600000002" lon="128.926697">
                <ele>29.089</ele>
            </trkpt>
            <trkpt lat="37.757895999999995" lon="128.926788">
                <ele>30.277</ele>
            </trkpt>
            <trkpt lat="37.758049000000014" lon="128.926849">
                <ele>31.929</ele>
            </trkpt>
            <trkpt lat="37.75822399999999" lon="128.926865">
                <ele>31.394</ele>
            </trkpt>
            <trkpt lat="37.758379999999995" lon="128.926964">
                <ele>30.496</ele>
            </trkpt>
            <trkpt lat="37.758528" lon="128.927088">
                <ele>28.898</ele>
            </trkpt>
            <trkpt lat="37.75860200000001" lon="128.927139">
                <ele>28.098</ele>
            </trkpt>
            <trkpt lat="37.758767" lon="128.927121">
                <ele>28.357</ele>
            </trkpt>
            <trkpt lat="37.75893799999999" lon="128.927032">
                <ele>28.436</ele>
            </trkpt>
            <trkpt lat="37.75898599999998" lon="128.927004">
                <ele>28.489</ele>
            </trkpt>
            <trkpt lat="37.75902099999999" lon="128.926996">
                <ele>28.573</ele>
            </trkpt>
            <trkpt lat="37.75904299999998" lon="128.927057">
                <ele>28.735</ele>
            </trkpt>
            <trkpt lat="37.75906599999999" lon="128.927146">
                <ele>28.901</ele>
            </trkpt>
            <trkpt lat="37.75916200000001" lon="128.92763">
                <ele>28.515</ele>
            </trkpt>
            <trkpt lat="37.75925800000001" lon="128.928113">
                <ele>26.722</ele>
            </trkpt>
            <trkpt lat="37.75935400000001" lon="128.928597">
                <ele>25.069</ele>
            </trkpt>
            <trkpt lat="37.75945000000001" lon="128.929081">
                <ele>23.242</ele>
            </trkpt>
            <trkpt lat="37.759546" lon="128.929564">
                <ele>23.538</ele>
            </trkpt>
            <trkpt lat="37.759642" lon="128.930048">
                <ele>21.289</ele>
            </trkpt>
            <trkpt lat="37.759738" lon="128.930532">
                <ele>20.298</ele>
            </trkpt>
            <trkpt lat="37.75965799999999" lon="128.930554">
                <ele>20.007</ele>
            </trkpt>
            <trkpt lat="37.75958099999999" lon="128.930609">
                <ele>19.997</ele>
            </trkpt>
            <trkpt lat="37.75942699999999" lon="128.930618">
                <ele>19.747</ele>
            </trkpt>
            <trkpt lat="37.759333" lon="128.930712">
                <ele>18.985</ele>
            </trkpt>
            <trkpt lat="37.759314" lon="128.930846">
                <ele>18.018</ele>
            </trkpt>
            <trkpt lat="37.75932099999998" lon="128.930911">
                <ele>17.863</ele>
            </trkpt>
            <trkpt lat="37.75934699999998" lon="128.931044">
                <ele>17.766</ele>
            </trkpt>
            <trkpt lat="37.759379999999986" lon="128.93115">
                <ele>18.04</ele>
            </trkpt>
            <trkpt lat="37.759334999999986" lon="128.93121">
                <ele>17.284</ele>
            </trkpt>
            <trkpt lat="37.75927600000001" lon="128.93126">
                <ele>16.249</ele>
            </trkpt>
            <trkpt lat="37.75912600000002" lon="128.931402">
                <ele>13.421</ele>
            </trkpt>
            <trkpt lat="37.758934000000025" lon="128.931617">
                <ele>11.337</ele>
            </trkpt>
            <trkpt lat="37.75883300000001" lon="128.931732">
                <ele>10.43</ele>
            </trkpt>
            <trkpt lat="37.758835999999995" lon="128.932">
                <ele>11.838</ele>
            </trkpt>
            <trkpt lat="37.75883500000002" lon="128.932079">
                <ele>12.677</ele>
            </trkpt>
            <trkpt lat="37.75881699999999" lon="128.932137">
                <ele>13.044</ele>
            </trkpt>
            <trkpt lat="37.758747999999976" lon="128.932247">
                <ele>13.239</ele>
            </trkpt>
            <trkpt lat="37.758699000000014" lon="128.932293">
                <ele>13.03</ele>
            </trkpt>
            <trkpt lat="37.758590999999996" lon="128.932277">
                <ele>11.288</ele>
            </trkpt>
            <trkpt lat="37.75849399999999" lon="128.932297">
                <ele>10.008</ele>
            </trkpt>
            <trkpt lat="37.758311000000006" lon="128.932403">
                <ele>8.088</ele>
            </trkpt>
            <trkpt lat="37.75818900000001" lon="128.932571">
                <ele>7.82</ele>
            </trkpt>
            <trkpt lat="37.758116" lon="128.932785">
                <ele>7.902</ele>
            </trkpt>
            <trkpt lat="37.75813200000001" lon="128.932946">
                <ele>8.873</ele>
            </trkpt>
            <trkpt lat="37.75817799999999" lon="128.933097">
                <ele>9.989</ele>
            </trkpt>
            <trkpt lat="37.758155" lon="128.933356">
                <ele>8.508</ele>
            </trkpt>
            <trkpt lat="37.758044999999996" lon="128.933519">
                <ele>8.312</ele>
            </trkpt>
            <trkpt lat="37.757843000000015" lon="128.933642">
                <ele>9.641</ele>
            </trkpt>
            <trkpt lat="37.75766399999999" lon="128.933624">
                <ele>8.85</ele>
            </trkpt>
            <trkpt lat="37.75749600000002" lon="128.933551">
                <ele>7.134</ele>
            </trkpt>
            <trkpt lat="37.757377000000005" lon="128.933541">
                <ele>6.99</ele>
            </trkpt>
            <trkpt lat="37.757324" lon="128.933569">
                <ele>7.394</ele>
            </trkpt>
            <trkpt lat="37.757036" lon="128.933726">
                <ele>7.209</ele>
            </trkpt>
            <trkpt lat="37.75692200000001" lon="128.933858">
                <ele>6.655</ele>
            </trkpt>
            <trkpt lat="37.756857000000004" lon="128.934035">
                <ele>6.747</ele>
            </trkpt>
            <trkpt lat="37.756742999999986" lon="128.934156">
                <ele>6.483</ele>
            </trkpt>
            <trkpt lat="37.756493999999996" lon="128.934341">
                <ele>8.748</ele>
            </trkpt>
            <trkpt lat="37.75637000000002" lon="128.934273">
                <ele>7.547</ele>
            </trkpt>
            <trkpt lat="37.75631100000001" lon="128.934195">
                <ele>6.631</ele>
            </trkpt>
            <trkpt lat="37.75621100000002" lon="128.934118">
                <ele>6.227</ele>
            </trkpt>
            <trkpt lat="37.75609800000001" lon="128.93413">
                <ele>6.695</ele>
            </trkpt>
            <trkpt lat="37.75597500000001" lon="128.93425">
                <ele>6.816</ele>
            </trkpt>
            <trkpt lat="37.755871" lon="128.93452">
                <ele>6.988</ele>
            </trkpt>
            <trkpt lat="37.755803000000014" lon="128.934615">
                <ele>7.01</ele>
            </trkpt>
            <trkpt lat="37.755697" lon="128.934677">
                <ele>6.693</ele>
            </trkpt>
            <trkpt lat="37.755568" lon="128.934687">
                <ele>5.836</ele>
            </trkpt>
            <trkpt lat="37.75546700000001" lon="128.934649">
                <ele>5.154</ele>
            </trkpt>
            <trkpt lat="37.755402000000004" lon="128.934671">
                <ele>5.078</ele>
            </trkpt>
            <trkpt lat="37.755345000000034" lon="128.934714">
                <ele>5.183</ele>
            </trkpt>
            <trkpt lat="37.75530100000001" lon="128.9348">
                <ele>5.41</ele>
            </trkpt>
            <trkpt lat="37.75525599999999" lon="128.93493">
                <ele>5.533</ele>
            </trkpt>
            <trkpt lat="37.75525400000001" lon="128.935076">
                <ele>5.743</ele>
            </trkpt>
            <trkpt lat="37.755253" lon="128.93537">
                <ele>5.43</ele>
            </trkpt>
            <trkpt lat="37.75530599999998" lon="128.935584">
                <ele>5.09</ele>
            </trkpt>
            <trkpt lat="37.75538299999998" lon="128.935797">
                <ele>4.069</ele>
            </trkpt>
            <trkpt lat="37.75551999999999" lon="128.935996">
                <ele>4.233</ele>
            </trkpt>
            <trkpt lat="37.755602" lon="128.936073">
                <ele>4.517</ele>
            </trkpt>
            <trkpt lat="37.75566299999999" lon="128.936137">
                <ele>4.738</ele>
            </trkpt>
            <trkpt lat="37.75569400000001" lon="128.93623">
                <ele>4.783</ele>
            </trkpt>
            <trkpt lat="37.755743" lon="128.936342">
                <ele>4.789</ele>
            </trkpt>
            <trkpt lat="37.755781" lon="128.936441">
                <ele>4.472</ele>
            </trkpt>
            <trkpt lat="37.755838" lon="128.936541">
                <ele>3.946</ele>
            </trkpt>
            <trkpt lat="37.75591999999999" lon="128.936644">
                <ele>3.813</ele>
            </trkpt>
            <trkpt lat="37.756043999999996" lon="128.936743">
                <ele>3.967</ele>
            </trkpt>
            <trkpt lat="37.756182999999986" lon="128.936821">
                <ele>4.665</ele>
            </trkpt>
            <trkpt lat="37.756170999999995" lon="128.937152">
                <ele>2.9</ele>
            </trkpt>
            <trkpt lat="37.756159" lon="128.937441">
                <ele>3.957</ele>
            </trkpt>
            <trkpt lat="37.75615500000001" lon="128.937715">
                <ele>5.742</ele>
            </trkpt>
            <trkpt lat="37.75615600000001" lon="128.937838">
                <ele>6.378</ele>
            </trkpt>
            <trkpt lat="37.75616299999999" lon="128.937951">
                <ele>6.81</ele>
            </trkpt>
            <trkpt lat="37.756177000000015" lon="128.938084">
                <ele>7.237</ele>
            </trkpt>
            <trkpt lat="37.75620300000001" lon="128.938255">
                <ele>7.331</ele>
            </trkpt>
            <trkpt lat="37.75630599999999" lon="128.938597">
                <ele>8.368</ele>
            </trkpt>
            <trkpt lat="37.75631299999999" lon="128.938741">
                <ele>7.646</ele>
            </trkpt>
            <trkpt lat="37.75632300000001" lon="128.938851">
                <ele>7.003</ele>
            </trkpt>
            <trkpt lat="37.75634600000002" lon="128.938922">
                <ele>6.506</ele>
            </trkpt>
            <trkpt lat="37.756387000000004" lon="128.939014">
                <ele>5.645</ele>
            </trkpt>
            <trkpt lat="37.75644199999999" lon="128.939096">
                <ele>5.146</ele>
            </trkpt>
            <trkpt lat="37.756473000000014" lon="128.939142">
                <ele>4.872</ele>
            </trkpt>
            <trkpt lat="37.756549000000014" lon="128.939249">
                <ele>4.811</ele>
            </trkpt>
            <trkpt lat="37.75674399999999" lon="128.939487">
                <ele>4.125</ele>
            </trkpt>
            <trkpt lat="37.756944" lon="128.939671">
                <ele>4.183</ele>
            </trkpt>
            <trkpt lat="37.757130999999994" lon="128.939714">
                <ele>5.413</ele>
            </trkpt>
            <trkpt lat="37.75738000000001" lon="128.939832">
                <ele>5.38</ele>
            </trkpt>
            <trkpt lat="37.75757399999999" lon="128.939863">
                <ele>4.589</ele>
            </trkpt>
            <trkpt lat="37.757778999999985" lon="128.939936">
                <ele>3.23</ele>
            </trkpt>
            <trkpt lat="37.75796599999999" lon="128.940056">
                <ele>3.137</ele>
            </trkpt>
            <trkpt lat="37.75802900000001" lon="128.940125">
                <ele>3.407</ele>
            </trkpt>
            <trkpt lat="37.75806500000002" lon="128.940336">
                <ele>3.824</ele>
            </trkpt>
            <trkpt lat="37.758101999999994" lon="128.940452">
                <ele>3.54</ele>
            </trkpt>
            <trkpt lat="37.75814600000002" lon="128.940497">
                <ele>3.536</ele>
            </trkpt>
            <trkpt lat="37.758579" lon="128.940521">
                <ele>5.009</ele>
            </trkpt>
            <trkpt lat="37.75867199999998" lon="128.940541">
                <ele>5.26</ele>
            </trkpt>
            <trkpt lat="37.75884099999999" lon="128.94072">
                <ele>5.134</ele>
            </trkpt>
            <trkpt lat="37.75900000000001" lon="128.940931">
                <ele>5.4</ele>
            </trkpt>
            <trkpt lat="37.759159" lon="128.941143">
                <ele>5.861</ele>
            </trkpt>
            <trkpt lat="37.75922799999999" lon="128.941221">
                <ele>5.384</ele>
            </trkpt>
            <trkpt lat="37.759114" lon="128.941304">
                <ele>5.248</ele>
            </trkpt>
            <trkpt lat="37.75903199999998" lon="128.941399">
                <ele>5.019</ele>
            </trkpt>
            <trkpt lat="37.75892900000001" lon="128.941595">
                <ele>5.107</ele>
            </trkpt>
            <trkpt lat="37.75890599999999" lon="128.94164">
                <ele>5.056</ele>
            </trkpt>
            <trkpt lat="37.758767" lon="128.941914">
                <ele>4.122</ele>
            </trkpt>
            <trkpt lat="37.759022000000016" lon="128.942017">
                <ele>5.218</ele>
            </trkpt>
            <trkpt lat="37.75922799999999" lon="128.942108">
                <ele>5.32</ele>
            </trkpt>
            <trkpt lat="37.75941100000001" lon="128.942184">
                <ele>5.017</ele>
            </trkpt>
            <trkpt lat="37.759620999999996" lon="128.942261">
                <ele>4.263</ele>
            </trkpt>
            <trkpt lat="37.759809" lon="128.942348">
                <ele>4.171</ele>
            </trkpt>
            <trkpt lat="37.759956000000024" lon="128.942452">
                <ele>4.145</ele>
            </trkpt>
            <trkpt lat="37.76005499999998" lon="128.94252">
                <ele>3.856</ele>
            </trkpt>
            <trkpt lat="37.760104" lon="128.942567">
                <ele>3.518</ele>
            </trkpt>
            <trkpt lat="37.76017999999999" lon="128.942646">
                <ele>2.949</ele>
            </trkpt>
            <trkpt lat="37.760230000000014" lon="128.94275">
                <ele>2.2</ele>
            </trkpt>
            <trkpt lat="37.76026800000001" lon="128.942861">
                <ele>1.711</ele>
            </trkpt>
            <trkpt lat="37.760290999999995" lon="128.942937">
                <ele>1.4</ele>
            </trkpt>
            <trkpt lat="37.76033000000005" lon="128.943151">
                <ele>0.877</ele>
            </trkpt>
            <trkpt lat="37.76037199999999" lon="128.943364">
                <ele>1.073</ele>
            </trkpt>
            <trkpt lat="37.76041699999999" lon="128.943624">
                <ele>1.499</ele>
            </trkpt>
            <trkpt lat="37.760467000000006" lon="128.943883">
                <ele>1.674</ele>
            </trkpt>
            <trkpt lat="37.760519999999985" lon="128.944142">
                <ele>1.989</ele>
            </trkpt>
            <trkpt lat="37.76056599999999" lon="128.944402">
                <ele>2.0</ele>
            </trkpt>
            <trkpt lat="37.760607999999976" lon="128.944661">
                <ele>2.0</ele>
            </trkpt>
            <trkpt lat="37.760662999999994" lon="128.944941">
                <ele>1.517</ele>
            </trkpt>
            <trkpt lat="37.76071300000001" lon="128.945188">
                <ele>1.567</ele>
            </trkpt>
            <trkpt lat="37.76077699999998" lon="128.945343">
                <ele>1.845</ele>
            </trkpt>
            <trkpt lat="37.760838" lon="128.94548">
                <ele>2.017</ele>
            </trkpt>
            <trkpt lat="37.760994000000004" lon="128.945724">
                <ele>2.834</ele>
            </trkpt>
            <trkpt lat="37.76108600000001" lon="128.945862">
                <ele>2.906</ele>
            </trkpt>
            <trkpt lat="37.761224" lon="128.94603">
                <ele>2.173</ele>
            </trkpt>
            <trkpt lat="37.76138299999999" lon="128.946198">
                <ele>2.0</ele>
            </trkpt>
            <trkpt lat="37.76151999999997" lon="128.946365">
                <ele>2.041</ele>
            </trkpt>
            <trkpt lat="37.761669000000005" lon="128.946518">
                <ele>1.535</ele>
            </trkpt>
            <trkpt lat="37.76184799999999" lon="128.946655">
                <ele>1.042</ele>
            </trkpt>
            <trkpt lat="37.76203899999999" lon="128.946762">
                <ele>0.774</ele>
            </trkpt>
            <trkpt lat="37.76223" lon="128.946854">
                <ele>1.0</ele>
            </trkpt>
            <trkpt lat="37.762421000000025" lon="128.946991">
                <ele>1.0</ele>
            </trkpt>
            <trkpt lat="37.762546999999984" lon="128.947069">
                <ele>1.0</ele>
            </trkpt>
            <trkpt lat="37.762790999999986" lon="128.947212">
                <ele>1.095</ele>
            </trkpt>
            <trkpt lat="37.762996999999984" lon="128.947327">
                <ele>2.578</ele>
            </trkpt>
            <trkpt lat="37.76319899999999" lon="128.947433">
                <ele>4.549</ele>
            </trkpt>
            <trkpt lat="37.76339699999999" lon="128.94754">
                <ele>5.745</ele>
            </trkpt>
            <trkpt lat="37.76345399999999" lon="128.947571">
                <ele>5.6</ele>
            </trkpt>
            <trkpt lat="37.763573" lon="128.947619">
                <ele>5.513</ele>
            </trkpt>
            <trkpt lat="37.76368700000002" lon="128.947665">
                <ele>5.022</ele>
            </trkpt>
            <trkpt lat="37.76368700000002" lon="128.947665">
                <ele>5.022</ele>
            </trkpt>
            <trkpt lat="37.76372499999999" lon="128.947693">
                <ele>4.77</ele>
            </trkpt>
            <trkpt lat="37.76372400000001" lon="128.947771">
                <ele>4.608</ele>
            </trkpt>
            <trkpt lat="37.763728" lon="128.948046">
                <ele>3.461</ele>
            </trkpt>
            <trkpt lat="37.763716" lon="128.94832">
                <ele>4.33</ele>
            </trkpt>
            <trkpt lat="37.763716" lon="128.948458">
                <ele>4.547</ele>
            </trkpt>
            <trkpt lat="37.76371999999999" lon="128.948626">
                <ele>4.805</ele>
            </trkpt>
            <trkpt lat="37.763722" lon="128.948863">
                <ele>5.16</ele>
            </trkpt>
            <trkpt lat="37.763728" lon="128.94906">
                <ele>4.744</ele>
            </trkpt>
            <trkpt lat="37.76375899999999" lon="128.949335">
                <ele>3.643</ele>
            </trkpt>
            <trkpt lat="37.763812" lon="128.949706">
                <ele>2.084</ele>
            </trkpt>
            <trkpt lat="37.763869" lon="128.949995">
                <ele>2.841</ele>
            </trkpt>
            <trkpt lat="37.763951999999996" lon="128.950355">
                <ele>3.505</ele>
            </trkpt>
            <trkpt lat="37.76397500000001" lon="128.95071">
                <ele>4.694</ele>
            </trkpt>
            <trkpt lat="37.764051999999985" lon="128.950712">
                <ele>4.82</ele>
            </trkpt>
            <trkpt lat="37.764081" lon="128.950654">
                <ele>4.801</ele>
            </trkpt>
            <trkpt lat="37.76416700000001" lon="128.950622">
                <ele>5.0</ele>
            </trkpt>
            <trkpt lat="37.764346" lon="128.951055">
                <ele>5.928</ele>
            </trkpt>
            <trkpt lat="37.76449000000001" lon="128.951369">
                <ele>6.0</ele>
            </trkpt>
            <trkpt lat="37.76463200000001" lon="128.951583">
                <ele>6.0</ele>
            </trkpt>
            <trkpt lat="37.764800000000015" lon="128.95201">
                <ele>6.764</ele>
            </trkpt>
            <trkpt lat="37.764926999999986" lon="128.952186">
                <ele>6.13</ele>
            </trkpt>
            <trkpt lat="37.76501100000001" lon="128.952389">
                <ele>6.04</ele>
            </trkpt>
            <trkpt lat="37.765082000000014" lon="128.952464">
                <ele>6.295</ele>
            </trkpt>
            <trkpt lat="37.765175" lon="128.952509">
                <ele>6.63</ele>
            </trkpt>
            <trkpt lat="37.765241" lon="128.952533">
                <ele>6.868</ele>
            </trkpt>
            <trkpt lat="37.765292" lon="128.952596">
                <ele>6.949</ele>
            </trkpt>
            <trkpt lat="37.765375" lon="128.952729">
                <ele>6.65</ele>
            </trkpt>
            <trkpt lat="37.765381074000004" lon="128.952889589">
                <ele>6.628</ele>
            </trkpt>
            <trkpt lat="37.76559000000001" lon="128.953222">
                <ele>4.93</ele>
            </trkpt>
            <trkpt lat="37.765693000000006" lon="128.953109">
                <ele>4.532</ele>
            </trkpt>
            <trkpt lat="37.76589800000001" lon="128.952794">
                <ele>3.726</ele>
            </trkpt>
            <trkpt lat="37.76607200000001" lon="128.952532">
                <ele>4.026</ele>
            </trkpt>
            <trkpt lat="37.76622100000001" lon="128.952326">
                <ele>4.379</ele>
            </trkpt>
            <trkpt lat="37.766388000000006" lon="128.952163">
                <ele>3.79</ele>
            </trkpt>
            <trkpt lat="37.766653999999996" lon="128.951969">
                <ele>2.134</ele>
            </trkpt>
            <trkpt lat="37.767002" lon="128.951706">
                <ele>0.681</ele>
            </trkpt>
            <trkpt lat="37.767002" lon="128.951706">
                <ele>0.681</ele>
            </trkpt>
            <trkpt lat="37.767002" lon="128.951706">
                <ele>0.681</ele>
            </trkpt>
            <trkpt lat="37.767002" lon="128.951706">
                <ele>0.681</ele>
            </trkpt>
            <trkpt lat="37.767062" lon="128.951662">
                <ele>0.577</ele>
            </trkpt>
        </trkseg>
    </trk>
</gpx>
