<?xml version="1.0" encoding="UTF-8" standalone="no"?>
<gpx xmlns="http://www.topografix.com/GPX/1/1" xmlns:xsi="http://www.w3.org/2001/XMLSchema-instance" creator="GPS Visualizer https://www.gpsvisualizer.com/" version="1.1" xsi:schemaLocation="http://www.topografix.com/GPX/1/1 http://www.topografix.com/GPX/1/1/gpx.xsd">
    <wpt lat="37.184208" lon="129.324042">
        <ele>19.9</ele>
    </wpt>
    <wpt lat="37.254894" lon="129.303656">
        <ele>155.7</ele>
    </wpt>
    <wpt lat="37.275809" lon="129.30584">
        <ele>26.1</ele>
    </wpt>
    <wpt lat="37.209427" lon="129.339767">
        <ele>91.4</ele>
    </wpt>
    <wpt lat="37.228386443" lon="129.342910997">
        <ele>2.9</ele>
    </wpt>
    <wpt lat="37.186296" lon="129.32585">
        <ele>25.1</ele>
    </wpt>
    <wpt lat="37.242914" lon="129.313664">
        <ele>49.8</ele>
    </wpt>
    <wpt lat="37.199444" lon="129.337692">
        <ele>80.3</ele>
    </wpt>
    <wpt lat="37.287231" lon="129.301455">
        <ele>7.2</ele>
    </wpt>
    <wpt lat="37.186688" lon="129.327352">
        <ele>21.6</ele>
    </wpt>
    <wpt lat="37.267208" lon="129.306156">
        <ele>66.9</ele>
    </wpt>
    <wpt lat="37.271631" lon="129.306916">
        <ele>40.7</ele>
    </wpt>
    <wpt lat="37.280792" lon="129.303852">
        <ele>15.2</ele>
    </wpt>
    <wpt lat="37.174501" lon="129.333941">
        <ele>5.2</ele>
    </wpt>
    <wpt lat="37.193535" lon="129.330688">
        <ele>53.7</ele>
    </wpt>
    <wpt lat="37.185081" lon="129.324709">
        <ele>40.8</ele>
    </wpt>
    <wpt lat="37.212585" lon="129.337021">
        <ele>89.2</ele>
    </wpt>
    <wpt lat="37.234663" lon="129.342024">
        <ele>9.6</ele>
    </wpt>
    <wpt lat="37.208687" lon="129.340363">
        <ele>102.5</ele>
    </wpt>
    <wpt lat="37.240092" lon="129.319342">
        <ele>34.1</ele>
    </wpt>
    <wpt lat="37.186544" lon="129.326806">
        <ele>21.3</ele>
    </wpt>
    <wpt lat="37.186459" lon="129.326439">
        <ele>20.7</ele>
    </wpt>
    <wpt lat="37.191841" lon="129.330582">
        <ele>38.5</ele>
    </wpt>
    <wpt lat="37.200892" lon="129.336957">
        <ele>73.3</ele>
    </wpt>
    <wpt lat="37.205826" lon="129.340619">
        <ele>71.9</ele>
    </wpt>
    <wpt lat="37.194354" lon="129.333763">
        <ele>74.9</ele>
    </wpt>
    <wpt lat="37.177431" lon="129.331368">
        <ele>7.7</ele>
    </wpt>
    <wpt lat="37.266485" lon="129.305691">
        <ele>70.3</ele>
    </wpt>
    <wpt lat="37.243748" lon="129.312938">
        <ele>51.5</ele>
    </wpt>
    <wpt lat="37.246351" lon="129.309871">
        <ele>66.9</ele>
    </wpt>
    <wpt lat="37.173391" lon="129.336206">
        <ele>6.0</ele>
    </wpt>
    <wpt lat="37.236186" lon="129.335452">
        <ele>17.1</ele>
    </wpt>
    <wpt lat="37.189693" lon="129.330078">
        <ele>29.8</ele>
    </wpt>
    <wpt lat="37.174154" lon="129.334458">
        <ele>5.0</ele>
    </wpt>
    <wpt lat="37.23605" lon="129.337379">
        <ele>12.6</ele>
    </wpt>
    <wpt lat="37.245743" lon="129.310544">
        <ele>68.6</ele>
    </wpt>
    <wpt lat="37.247764" lon="129.304176">
        <ele>93.0</ele>
    </wpt>
    <wpt lat="37.236087" lon="129.335947">
        <ele>15.0</ele>
    </wpt>
    <wpt lat="37.285599" lon="129.300845">
        <ele>8.1</ele>
    </wpt>
    <wpt lat="37.241516" lon="129.316516">
        <ele>44.5</ele>
    </wpt>
    <wpt lat="37.222071" lon="129.338835">
        <ele>72.5</ele>
    </wpt>
    <wpt lat="37.196406" lon="129.336593">
        <ele>92.6</ele>
    </wpt>
    <wpt lat="37.185182" lon="129.324752">
        <ele>41.8</ele>
    </wpt>
    <wpt lat="37.246135" lon="129.30591">
        <ele>78.1</ele>
    </wpt>
    <wpt lat="37.22699" lon="129.34112">
        <ele>10.4</ele>
    </wpt>
    <wpt lat="37.272137" lon="129.306802">
        <ele>38.1</ele>
    </wpt>
    <wpt lat="37.211096" lon="129.337554">
        <ele>75.8</ele>
    </wpt>
    <wpt lat="37.242401" lon="129.314438">
        <ele>47.7</ele>
    </wpt>
    <wpt lat="37.243458" lon="129.313092">
        <ele>51.1</ele>
    </wpt>
    <wpt lat="37.279845" lon="129.304089">
        <ele>20.6</ele>
    </wpt>
    <wpt lat="37.215051" lon="129.337854">
        <ele>73.2</ele>
    </wpt>
    <wpt lat="37.256696" lon="129.303767">
        <ele>191.6</ele>
    </wpt>
    <wpt lat="37.258721" lon="129.304069">
        <ele>156.4</ele>
    </wpt>
    <wpt lat="37.286775" lon="129.301373">
        <ele>6.3</ele>
    </wpt>
    <wpt lat="37.236879" lon="129.333362">
        <ele>17.2</ele>
    </wpt>
    <wpt lat="37.181176" lon="129.328492">
        <ele>19.3</ele>
    </wpt>
    <wpt lat="37.236706" lon="129.334045">
        <ele>17.0</ele>
    </wpt>
    <wpt lat="37.180144" lon="129.329637">
        <ele>15.9</ele>
    </wpt>
    <wpt lat="37.195286" lon="129.335098">
        <ele>92.0</ele>
    </wpt>
    <wpt lat="37.232761" lon="129.343185">
        <ele>7.5</ele>
    </wpt>
    <wpt lat="37.263869" lon="129.305601">
        <ele>88.1</ele>
    </wpt>
    <wpt lat="37.173001" lon="129.337114">
        <ele>5.5</ele>
    </wpt>
    <wpt lat="37.191284" lon="129.330429">
        <ele>36.5</ele>
    </wpt>
    <wpt lat="37.178131" lon="129.330829">
        <ele>9.5</ele>
    </wpt>
    <wpt lat="37.199009" lon="129.337643">
        <ele>76.6</ele>
    </wpt>
    <wpt lat="37.222942" lon="129.339249">
        <ele>61.6</ele>
    </wpt>
    <wpt lat="37.219021" lon="129.338501">
        <ele>94.5</ele>
    </wpt>
    <wpt lat="37.23588" lon="129.340958">
        <ele>10.9</ele>
    </wpt>
    <wpt lat="37.276849" lon="129.30584">
        <ele>23.7</ele>
    </wpt>
    <wpt lat="37.285086" lon="129.301179">
        <ele>8.1</ele>
    </wpt>
    <wpt lat="37.186368" lon="129.326005">
        <ele>23.4</ele>
    </wpt>
    <wpt lat="37.182045" lon="129.326608">
        <ele>17.6</ele>
    </wpt>
    <wpt lat="37.207993" lon="129.340866">
        <ele>90.4</ele>
    </wpt>
    <wpt lat="37.249938" lon="129.303227">
        <ele>109.0</ele>
    </wpt>
    <wpt lat="37.212827" lon="129.336947">
        <ele>90.8</ele>
    </wpt>
    <wpt lat="37.220119" lon="129.338242">
        <ele>81.9</ele>
    </wpt>
    <wpt lat="37.269186" lon="129.306293">
        <ele>55.1</ele>
    </wpt>
    <wpt lat="37.182194" lon="129.326243">
        <ele>18.2</ele>
    </wpt>
    <wpt lat="37.201462" lon="129.337082">
        <ele>62.4</ele>
    </wpt>
    <wpt lat="37.173822" lon="129.335135">
        <ele>6.1</ele>
    </wpt>
    <wpt lat="37.287727" lon="129.301827">
        <ele>6.3</ele>
    </wpt>
    <wpt lat="37.245534" lon="129.31072">
        <ele>67.7</ele>
    </wpt>
    <wpt lat="37.266957" lon="129.306042">
        <ele>69.1</ele>
    </wpt>
    <wpt lat="37.28474" lon="129.301491">
        <ele>9.9</ele>
    </wpt>
    <wpt lat="37.1743" lon="129.334233">
        <ele>5.1</ele>
    </wpt>
    <wpt lat="37.253062" lon="129.303524">
        <ele>137.4</ele>
    </wpt>
    <wpt lat="37.257353" lon="129.303945">
        <ele>177.4</ele>
    </wpt>
    <wpt lat="37.282414" lon="129.302329">
        <ele>12.2</ele>
    </wpt>
    <wpt lat="37.198624" lon="129.337537">
        <ele>74.7</ele>
    </wpt>
    <wpt lat="37.244612" lon="129.313092">
        <ele>61.4</ele>
    </wpt>
    <wpt lat="37.268108" lon="129.306316">
        <ele>57.9</ele>
    </wpt>
    <wpt lat="37.188185" lon="129.329353">
        <ele>22.6</ele>
    </wpt>
    <wpt lat="37.257022" lon="129.303864">
        <ele>184.6</ele>
    </wpt>
    <wpt lat="37.2244" lon="129.340012">
        <ele>52.0</ele>
    </wpt>
    <wpt lat="37.192051" lon="129.330551">
        <ele>38.7</ele>
    </wpt>
    <wpt lat="37.23962" lon="129.320877">
        <ele>31.0</ele>
    </wpt>
    <wpt lat="37.27763" lon="129.305266">
        <ele>21.9</ele>
    </wpt>
    <wpt lat="37.216923" lon="129.339401">
        <ele>62.5</ele>
    </wpt>
    <wpt lat="37.23259" lon="129.343109">
        <ele>7.2</ele>
    </wpt>
    <wpt lat="37.264251" lon="129.305495">
        <ele>88.5</ele>
    </wpt>
    <wpt lat="37.278038" lon="129.304692">
        <ele>20.6</ele>
    </wpt>
    <wpt lat="37.218193" lon="129.339508">
        <ele>83.3</ele>
    </wpt>
    <wpt lat="37.266265" lon="129.305678">
        <ele>72.3</ele>
    </wpt>
    <wpt lat="37.274696" lon="129.306714">
        <ele>28.6</ele>
    </wpt>
    <wpt lat="37.267568" lon="129.306164">
        <ele>61.4</ele>
    </wpt>
    <wpt lat="37.277473" lon="129.305483">
        <ele>22.8</ele>
    </wpt>
    <wpt lat="37.22274" lon="129.339172">
        <ele>62.1</ele>
    </wpt>
    <wpt lat="37.18076" lon="129.328889">
        <ele>17.7</ele>
    </wpt>
    <wpt lat="37.276686" lon="129.305876">
        <ele>25.0</ele>
    </wpt>
    <wpt lat="37.21674" lon="129.339294">
        <ele>60.4</ele>
    </wpt>
    <wpt lat="37.24333" lon="129.313211">
        <ele>52.2</ele>
    </wpt>
    <wpt lat="37.176621" lon="129.331972">
        <ele>8.0</ele>
    </wpt>
    <wpt lat="37.275603" lon="129.305961">
        <ele>27.4</ele>
    </wpt>
    <wpt lat="37.226654" lon="129.338711">
        <ele>29.1</ele>
    </wpt>
    <wpt lat="37.236152" lon="129.335642">
        <ele>16.0</ele>
    </wpt>
    <wpt lat="37.265702" lon="129.305599">
        <ele>71.5</ele>
    </wpt>
    <wpt lat="37.210613" lon="129.337982">
        <ele>79.2</ele>
    </wpt>
    <wpt lat="37.197316" lon="129.337099">
        <ele>85.1</ele>
    </wpt>
    <wpt lat="37.23033" lon="129.342629">
        <ele>9.6</ele>
    </wpt>
    <wpt lat="37.214596" lon="129.337494">
        <ele>80.7</ele>
    </wpt>
    <wpt lat="37.211967" lon="129.337234">
        <ele>85.3</ele>
    </wpt>
    <wpt lat="37.239269" lon="129.323044">
        <ele>29.3</ele>
    </wpt>
    <wpt lat="37.242306" lon="129.31459">
        <ele>46.4</ele>
    </wpt>
    <wpt lat="37.174039" lon="129.334674">
        <ele>5.4</ele>
    </wpt>
    <wpt lat="37.230179499" lon="129.342683494">
        <ele>7.7</ele>
    </wpt>
    <wpt lat="37.286069" lon="129.300902">
        <ele>8.1</ele>
    </wpt>
    <wpt lat="37.236431" lon="129.340271">
        <ele>10.9</ele>
    </wpt>
    <wpt lat="37.214771" lon="129.337616">
        <ele>79.0</ele>
    </wpt>
    <wpt lat="37.218632" lon="129.339142">
        <ele>83.2</ele>
    </wpt>
    <wpt lat="37.274134" lon="129.306913">
        <ele>32.6</ele>
    </wpt>
    <wpt lat="37.236949" lon="129.330544">
        <ele>21.0</ele>
    </wpt>
    <wpt lat="37.24644" lon="129.309661">
        <ele>65.5</ele>
    </wpt>
    <wpt lat="37.235315" lon="129.341375">
        <ele>8.1</ele>
    </wpt>
    <wpt lat="37.236927" lon="129.332376">
        <ele>18.0</ele>
    </wpt>
    <wpt lat="37.264659" lon="129.305546">
        <ele>83.8</ele>
    </wpt>
    <wpt lat="37.277141" lon="129.305554">
        <ele>23.3</ele>
    </wpt>
    <wpt lat="37.203232" lon="129.338699">
        <ele>41.4</ele>
    </wpt>
    <wpt lat="37.239315" lon="129.322174">
        <ele>29.9</ele>
    </wpt>
    <wpt lat="37.276509" lon="129.305873">
        <ele>24.7</ele>
    </wpt>
    <wpt lat="37.235148" lon="129.341628">
        <ele>7.1</ele>
    </wpt>
    <wpt lat="37.199224" lon="129.337683">
        <ele>78.0</ele>
    </wpt>
    <wpt lat="37.216557" lon="129.339157">
        <ele>58.1</ele>
    </wpt>
    <wpt lat="37.181615" lon="129.327787">
        <ele>15.7</ele>
    </wpt>
    <wpt lat="37.260647" lon="129.304816">
        <ele>126.8</ele>
    </wpt>
    <wpt lat="37.183004" lon="129.324154">
        <ele>15.8</ele>
    </wpt>
    <wpt lat="37.241982" lon="129.315125">
        <ele>43.4</ele>
    </wpt>
    <wpt lat="37.187762" lon="129.329066">
        <ele>22.1</ele>
    </wpt>
    <wpt lat="37.251414" lon="129.30327">
        <ele>122.9</ele>
    </wpt>
    <wpt lat="37.239258" lon="129.323242">
        <ele>30.0</ele>
    </wpt>
    <wpt lat="37.270983" lon="129.307186">
        <ele>49.3</ele>
    </wpt>
    <wpt lat="37.253696" lon="129.303578">
        <ele>140.4</ele>
    </wpt>
    <wpt lat="37.197954" lon="129.337334">
        <ele>76.8</ele>
    </wpt>
    <wpt lat="37.239704" lon="129.320679">
        <ele>31.6</ele>
    </wpt>
    <wpt lat="37.230938" lon="129.342545">
        <ele>10.2</ele>
    </wpt>
    <wpt lat="37.239792" lon="129.320496">
        <ele>33.7</ele>
    </wpt>
    <wpt lat="37.245258" lon="129.311104">
        <ele>66.6</ele>
    </wpt>
    <wpt lat="37.236294" lon="129.339584">
        <ele>11.2</ele>
    </wpt>
    <wpt lat="37.270849" lon="129.307128">
        <ele>48.8</ele>
    </wpt>
    <wpt lat="37.272766" lon="129.30675">
        <ele>33.0</ele>
    </wpt>
    <wpt lat="37.240643" lon="129.31781">
        <ele>39.4</ele>
    </wpt>
    <wpt lat="37.213772" lon="129.336868">
        <ele>96.7</ele>
    </wpt>
    <wpt lat="37.240395" lon="129.318222">
        <ele>37.8</ele>
    </wpt>
    <wpt lat="37.22506" lon="129.340149">
        <ele>45.9</ele>
    </wpt>
    <wpt lat="37.237037" lon="129.329629">
        <ele>20.3</ele>
    </wpt>
    <wpt lat="37.275031" lon="129.306275">
        <ele>32.3</ele>
    </wpt>
    <wpt lat="37.280305" lon="129.303974">
        <ele>17.9</ele>
    </wpt>
    <wpt lat="37.179168" lon="129.330238">
        <ele>12.9</ele>
    </wpt>
    <wpt lat="37.210094" lon="129.338913">
        <ele>89.0</ele>
    </wpt>
    <wpt lat="37.232265" lon="129.342972">
        <ele>5.9</ele>
    </wpt>
    <wpt lat="37.217369" lon="129.339554">
        <ele>68.3</ele>
    </wpt>
    <wpt lat="37.28668" lon="129.301363">
        <ele>6.0</ele>
    </wpt>
    <wpt lat="37.206429" lon="129.34079">
        <ele>71.8</ele>
    </wpt>
    <wpt lat="37.23001093" lon="129.34315555">
        <ele>6.0</ele>
    </wpt>
    <wpt lat="37.26829" lon="129.30638">
        <ele>57.2</ele>
    </wpt>
    <wpt lat="37.28229" lon="129.302531">
        <ele>11.1</ele>
    </wpt>
    <wpt lat="37.232456" lon="129.343048">
        <ele>6.8</ele>
    </wpt>
    <wpt lat="37.255827" lon="129.303555">
        <ele>182.6</ele>
    </wpt>
    <wpt lat="37.217808" lon="129.33963">
        <ele>76.2</ele>
    </wpt>
    <wpt lat="37.226908899" lon="129.3423572">
        <ele>0.0</ele>
    </wpt>
    <wpt lat="37.249434" lon="129.303211">
        <ele>101.1</ele>
    </wpt>
    <wpt lat="37.227051599" lon="129.341434786">
        <ele>6.0</ele>
    </wpt>
    <wpt lat="37.198422" lon="129.337491">
        <ele>74.5</ele>
    </wpt>
    <wpt lat="37.204538" lon="129.340107">
        <ele>60.9</ele>
    </wpt>
    <wpt lat="37.221531" lon="129.338684">
        <ele>65.0</ele>
    </wpt>
    <wpt lat="37.236928" lon="129.331466">
        <ele>16.3</ele>
    </wpt>
    <wpt lat="37.272918" lon="129.30675">
        <ele>32.7</ele>
    </wpt>
    <wpt lat="37.182539" lon="129.325398">
        <ele>16.1</ele>
    </wpt>
    <wpt lat="37.208319" lon="129.340648">
        <ele>95.5</ele>
    </wpt>
    <wpt lat="37.177638" lon="129.331211">
        <ele>8.4</ele>
    </wpt>
    <wpt lat="37.236814" lon="129.333633">
        <ele>16.6</ele>
    </wpt>
    <wpt lat="37.281373" lon="129.303559">
        <ele>12.4</ele>
    </wpt>
    <wpt lat="37.210514" lon="129.33815">
        <ele>80.7</ele>
    </wpt>
    <wpt lat="37.239235" lon="129.323654">
        <ele>30.0</ele>
    </wpt>
    <wpt lat="37.245145" lon="129.311423">
        <ele>68.6</ele>
    </wpt>
    <wpt lat="37.193359" lon="129.330551">
        <ele>51.3</ele>
    </wpt>
    <wpt lat="37.226745" lon="129.339901">
        <ele>20.8</ele>
    </wpt>
    <wpt lat="37.25958" lon="129.304624">
        <ele>138.9</ele>
    </wpt>
    <wpt lat="37.283324" lon="129.301924">
        <ele>6.3</ele>
    </wpt>
    <wpt lat="37.189335" lon="129.32998">
        <ele>31.1</ele>
    </wpt>
    <wpt lat="37.19754" lon="129.337186">
        <ele>81.2</ele>
    </wpt>
    <wpt lat="37.211018" lon="129.337579">
        <ele>76.3</ele>
    </wpt>
    <wpt lat="37.234395" lon="129.342254">
        <ele>8.7</ele>
    </wpt>
    <wpt lat="37.184479" lon="129.324691">
        <ele>32.2</ele>
    </wpt>
    <wpt lat="37.212288" lon="129.337128">
        <ele>87.4</ele>
    </wpt>
    <wpt lat="37.249133" lon="129.303236">
        <ele>95.1</ele>
    </wpt>
    <wpt lat="37.278943" lon="129.304389">
        <ele>20.8</ele>
    </wpt>
    <wpt lat="37.187905" lon="129.329195">
        <ele>22.0</ele>
    </wpt>
    <wpt lat="37.243603" lon="129.312985">
        <ele>51.0</ele>
    </wpt>
    <wpt lat="37.184367" lon="129.324642">
        <ele>29.3</ele>
    </wpt>
    <wpt lat="37.23662" lon="129.340652">
        <ele>8.7</ele>
    </wpt>
    <wpt lat="37.241699" lon="129.316025">
        <ele>43.8</ele>
    </wpt>
    <wpt lat="37.279126" lon="129.304338">
        <ele>21.1</ele>
    </wpt>
    <wpt lat="37.236374" lon="129.340027">
        <ele>11.1</ele>
    </wpt>
    <wpt lat="37.192386" lon="129.33052">
        <ele>39.6</ele>
    </wpt>
    <wpt lat="37.240067" lon="129.319672">
        <ele>35.4</ele>
    </wpt>
    <wpt lat="37.199806" lon="129.337524">
        <ele>83.3</ele>
    </wpt>
    <wpt lat="37.218076" lon="129.339574">
        <ele>82.7</ele>
    </wpt>
    <wpt lat="37.254303" lon="129.303659">
        <ele>150.3</ele>
    </wpt>
    <wpt lat="37.230693" lon="129.342654">
        <ele>9.9</ele>
    </wpt>
    <wpt lat="37.202789" lon="129.338547">
        <ele>40.4</ele>
    </wpt>
    <wpt lat="37.174701" lon="129.333686">
        <ele>5.9</ele>
    </wpt>
    <wpt lat="37.230019572" lon="129.343150126">
        <ele>6.0</ele>
    </wpt>
    <wpt lat="37.229587524" lon="129.343090336">
        <ele>4.5</ele>
    </wpt>
    <wpt lat="37.195989" lon="129.33588">
        <ele>95.6</ele>
    </wpt>
    <wpt lat="37.246951" lon="129.304188">
        <ele>84.2</ele>
    </wpt>
    <wpt lat="37.267394" lon="129.306123">
        <ele>63.6</ele>
    </wpt>
    <wpt lat="37.181505" lon="129.32805">
        <ele>17.8</ele>
    </wpt>
    <wpt lat="37.175893" lon="129.332526">
        <ele>8.3</ele>
    </wpt>
    <wpt lat="37.208797" lon="129.340256">
        <ele>102.5</ele>
    </wpt>
    <wpt lat="37.254567" lon="129.303649">
        <ele>153.4</ele>
    </wpt>
    <wpt lat="37.207283" lon="129.340988">
        <ele>80.0</ele>
    </wpt>
    <wpt lat="37.186165" lon="129.325599">
        <ele>30.1</ele>
    </wpt>
    <wpt lat="37.208458" lon="129.340556">
        <ele>97.3</ele>
    </wpt>
    <wpt lat="37.226745" lon="129.340185">
        <ele>18.4</ele>
    </wpt>
    <wpt lat="37.205516" lon="129.340545">
        <ele>73.0</ele>
    </wpt>
    <wpt lat="37.241771" lon="129.315776">
        <ele>43.0</ele>
    </wpt>
    <wpt lat="37.241619" lon="129.316284">
        <ele>44.5</ele>
    </wpt>
    <wpt lat="37.273438" lon="129.306819">
        <ele>32.9</ele>
    </wpt>
    <wpt lat="37.217949" lon="129.3396">
        <ele>79.8</ele>
    </wpt>
    <wpt lat="37.236312" lon="129.335025">
        <ele>18.0</ele>
    </wpt>
    <wpt lat="37.19384" lon="129.331102">
        <ele>57.3</ele>
    </wpt>
    <wpt lat="37.197069" lon="129.337027">
        <ele>88.6</ele>
    </wpt>
    <wpt lat="37.202206" lon="129.337845">
        <ele>48.0</ele>
    </wpt>
    <wpt lat="37.239147" lon="129.324783">
        <ele>31.1</ele>
    </wpt>
    <wpt lat="37.173307" lon="129.336416">
        <ele>6.1</ele>
    </wpt>
    <wpt lat="37.28011" lon="129.304016">
        <ele>18.9</ele>
    </wpt>
    <wpt lat="37.187444" lon="129.328668">
        <ele>22.1</ele>
    </wpt>
    <wpt lat="37.210747" lon="129.337799">
        <ele>77.9</ele>
    </wpt>
    <wpt lat="37.237777" lon="129.328224">
        <ele>24.0</ele>
    </wpt>
    <wpt lat="37.26679" lon="129.305881">
        <ele>68.4</ele>
    </wpt>
    <wpt lat="37.273743" lon="129.306781">
        <ele>31.8</ele>
    </wpt>
    <wpt lat="37.245115" lon="129.311709">
        <ele>66.3</ele>
    </wpt>
    <wpt lat="37.236102" lon="129.337817">
        <ele>12.0</ele>
    </wpt>
    <wpt lat="37.238106" lon="129.327835">
        <ele>25.0</ele>
    </wpt>
    <wpt lat="37.239304" lon="129.322495">
        <ele>28.5</ele>
    </wpt>
    <wpt lat="37.219143" lon="129.338364">
        <ele>97.5</ele>
    </wpt>
    <wpt lat="37.181697" lon="129.327556">
        <ele>13.6</ele>
    </wpt>
    <wpt lat="37.236239" lon="129.335224">
        <ele>18.0</ele>
    </wpt>
    <wpt lat="37.284588" lon="129.301602">
        <ele>9.2</ele>
    </wpt>
    <wpt lat="37.210869" lon="129.337677">
        <ele>76.8</ele>
    </wpt>
    <wpt lat="37.253329" lon="129.303538">
        <ele>139.5</ele>
    </wpt>
    <wpt lat="37.2462" lon="129.304962">
        <ele>82.7</ele>
    </wpt>
    <wpt lat="37.2702" lon="129.306602">
        <ele>50.5</ele>
    </wpt>
    <wpt lat="37.286019" lon="129.300734">
        <ele>7.9</ele>
    </wpt>
    <wpt lat="37.176773" lon="129.331864">
        <ele>8.0</ele>
    </wpt>
    <wpt lat="37.277323" lon="129.305516">
        <ele>22.9</ele>
    </wpt>
    <wpt lat="37.241913" lon="129.315323">
        <ele>42.7</ele>
    </wpt>
    <wpt lat="37.194534" lon="129.334183">
        <ele>79.9</ele>
    </wpt>
    <wpt lat="37.180337" lon="129.329369">
        <ele>15.9</ele>
    </wpt>
    <wpt lat="37.20763" lon="129.340973">
        <ele>85.1</ele>
    </wpt>
    <wpt lat="37.278694" lon="129.30445">
        <ele>20.6</ele>
    </wpt>
    <wpt lat="37.201824" lon="129.337341">
        <ele>59.5</ele>
    </wpt>
    <wpt lat="37.211643" lon="129.337341">
        <ele>83.1</ele>
    </wpt>
    <wpt lat="37.217506" lon="129.3396">
        <ele>70.1</ele>
    </wpt>
    <wpt lat="37.228667282" lon="129.342873076">
        <ele>2.9</ele>
    </wpt>
    <wpt lat="37.243183" lon="129.313337">
        <ele>50.8</ele>
    </wpt>
    <wpt lat="37.204268" lon="129.339733">
        <ele>55.2</ele>
    </wpt>
    <wpt lat="37.184849" lon="129.324662">
        <ele>37.7</ele>
    </wpt>
    <wpt lat="37.173131" lon="129.33681">
        <ele>6.1</ele>
    </wpt>
    <wpt lat="37.236629" lon="129.334244">
        <ele>16.8</ele>
    </wpt>
    <wpt lat="37.236912" lon="129.331922">
        <ele>17.0</ele>
    </wpt>
    <wpt lat="37.235989" lon="129.336538">
        <ele>13.2</ele>
    </wpt>
    <wpt lat="37.185481" lon="129.325133">
        <ele>38.2</ele>
    </wpt>
    <wpt lat="37.272563" lon="129.306764">
        <ele>34.9</ele>
    </wpt>
    <wpt lat="37.215302" lon="129.338052">
        <ele>69.1</ele>
    </wpt>
    <wpt lat="37.245986" lon="129.310302">
        <ele>68.6</ele>
    </wpt>
    <wpt lat="37.240448" lon="129.318069">
        <ele>38.6</ele>
    </wpt>
    <wpt lat="37.212139" lon="129.337173">
        <ele>86.7</ele>
    </wpt>
    <wpt lat="37.20261" lon="129.338379">
        <ele>44.2</ele>
    </wpt>
    <wpt lat="37.288224" lon="129.30232">
        <ele>6.7</ele>
    </wpt>
    <wpt lat="37.219257" lon="129.338226">
        <ele>98.8</ele>
    </wpt>
    <wpt lat="37.244705" lon="129.31302">
        <ele>61.2</ele>
    </wpt>
    <wpt lat="37.263568" lon="129.305528">
        <ele>89.4</ele>
    </wpt>
    <wpt lat="37.181767" lon="129.327323">
        <ele>13.4</ele>
    </wpt>
    <wpt lat="37.243957" lon="129.312966">
        <ele>52.6</ele>
    </wpt>
    <wpt lat="37.274304" lon="129.307081">
        <ele>33.0</ele>
    </wpt>
    <wpt lat="37.174902" lon="129.333431">
        <ele>7.5</ele>
    </wpt>
    <wpt lat="37.207485" lon="129.340988">
        <ele>82.5</ele>
    </wpt>
    <wpt lat="37.184107" lon="129.323585">
        <ele>18.0</ele>
    </wpt>
    <wpt lat="37.258467" lon="129.304047">
        <ele>160.2</ele>
    </wpt>
    <wpt lat="37.19261" lon="129.330485">
        <ele>40.5</ele>
    </wpt>
    <wpt lat="37.245143" lon="129.31222">
        <ele>63.5</ele>
    </wpt>
    <wpt lat="37.172931" lon="129.337262">
        <ele>5.2</ele>
    </wpt>
    <wpt lat="37.180826" lon="129.328833">
        <ele>18.1</ele>
    </wpt>
    <wpt lat="37.221722" lon="129.338745">
        <ele>67.1</ele>
    </wpt>
    <wpt lat="37.24564" lon="129.310634">
        <ele>68.2</ele>
    </wpt>
    <wpt lat="37.186423" lon="129.326193">
        <ele>21.9</ele>
    </wpt>
    <wpt lat="37.185672" lon="129.325097">
        <ele>41.2</ele>
    </wpt>
    <wpt lat="37.236923" lon="129.333145">
        <ele>17.7</ele>
    </wpt>
    <wpt lat="37.181948" lon="129.3269">
        <ele>15.2</ele>
    </wpt>
    <wpt lat="37.204421" lon="129.339956">
        <ele>57.9</ele>
    </wpt>
    <wpt lat="37.226845" lon="129.340912">
        <ele>12.0</ele>
    </wpt>
    <wpt lat="37.273856" lon="129.306768">
        <ele>31.2</ele>
    </wpt>
    <wpt lat="37.210423" lon="129.338333">
        <ele>82.3</ele>
    </wpt>
    <wpt lat="37.222532" lon="129.339084">
        <ele>67.1</ele>
    </wpt>
    <wpt lat="37.284226" lon="129.301717">
        <ele>6.6</ele>
    </wpt>
    <wpt lat="37.194279" lon="129.333245">
        <ele>68.8</ele>
    </wpt>
    <wpt lat="37.273174" lon="129.306777">
        <ele>32.8</ele>
    </wpt>
    <wpt lat="37.17877" lon="129.330479">
        <ele>11.9</ele>
    </wpt>
    <wpt lat="37.269391" lon="129.306316">
        <ele>54.1</ele>
    </wpt>
    <wpt lat="37.240208" lon="129.318985">
        <ele>34.3</ele>
    </wpt>
    <wpt lat="37.181365" lon="129.328308">
        <ele>20.3</ele>
    </wpt>
    <wpt lat="37.186721" lon="129.327467">
        <ele>21.3</ele>
    </wpt>
    <wpt lat="37.182811" lon="129.324692">
        <ele>15.2</ele>
    </wpt>
    <wpt lat="37.250173" lon="129.303127">
        <ele>115.0</ele>
    </wpt>
    <wpt lat="37.25546" lon="129.30348">
        <ele>170.0</ele>
    </wpt>
    <wpt lat="37.213657" lon="129.336806">
        <ele>96.5</ele>
    </wpt>
    <wpt lat="37.189514" lon="129.330032">
        <ele>30.7</ele>
    </wpt>
    <wpt lat="37.275153" lon="129.306267">
        <ele>31.2</ele>
    </wpt>
    <wpt lat="37.286126" lon="129.301034">
        <ele>7.9</ele>
    </wpt>
    <wpt lat="37.189004" lon="129.329901">
        <ele>31.1</ele>
    </wpt>
    <wpt lat="37.252316" lon="129.303392">
        <ele>126.3</ele>
    </wpt>
    <wpt lat="37.223904" lon="129.339737">
        <ele>63.4</ele>
    </wpt>
    <wpt lat="37.239174" lon="129.324402">
        <ele>29.8</ele>
    </wpt>
    <wpt lat="37.261443" lon="129.304904">
        <ele>115.1</ele>
    </wpt>
    <wpt lat="37.228045133" lon="129.342834953">
        <ele>4.4</ele>
    </wpt>
    <wpt lat="37.236518" lon="129.334513">
        <ele>16.6</ele>
    </wpt>
    <wpt lat="37.264424" lon="129.305511">
        <ele>86.9</ele>
    </wpt>
    <wpt lat="37.209641" lon="129.339539">
        <ele>91.2</ele>
    </wpt>
    <wpt lat="37.195144" lon="129.334933">
        <ele>91.2</ele>
    </wpt>
    <wpt lat="37.184669" lon="129.324652">
        <ele>35.0</ele>
    </wpt>
    <wpt lat="37.26132" lon="129.304909">
        <ele>116.9</ele>
    </wpt>
    <wpt lat="37.213044" lon="129.336877">
        <ele>92.9</ele>
    </wpt>
    <wpt lat="37.229950437" lon="129.343188094">
        <ele>5.8</ele>
    </wpt>
    <wpt lat="37.235367" lon="129.341462">
        <ele>7.6</ele>
    </wpt>
    <wpt lat="37.239395" lon="129.321457">
        <ele>30.4</ele>
    </wpt>
    <wpt lat="37.17262" lon="129.337847">
        <ele>3.1</ele>
    </wpt>
    <wpt lat="37.236846" lon="129.333507">
        <ele>16.9</ele>
    </wpt>
    <wpt lat="37.225553" lon="129.339948">
        <ele>44.2</ele>
    </wpt>
    <wpt lat="37.280536" lon="129.303917">
        <ele>16.3</ele>
    </wpt>
    <wpt lat="37.192169" lon="129.330536">
        <ele>39.3</ele>
    </wpt>
    <wpt lat="37.185302" lon="129.325124">
        <ele>37.5</ele>
    </wpt>
    <wpt lat="37.223579" lon="129.339539">
        <ele>62.8</ele>
    </wpt>
    <wpt lat="37.206913" lon="129.340897">
        <ele>77.5</ele>
    </wpt>
    <wpt lat="37.259864" lon="129.304773">
        <ele>135.7</ele>
    </wpt>
    <wpt lat="37.250402" lon="129.303125">
        <ele>119.0</ele>
    </wpt>
    <wpt lat="37.226712" lon="129.338868">
        <ele>30.1</ele>
    </wpt>
    <wpt lat="37.175412" lon="129.332917">
        <ele>7.7</ele>
    </wpt>
    <wpt lat="37.173236" lon="129.336573">
        <ele>6.4</ele>
    </wpt>
    <wpt lat="37.248163" lon="129.304023">
        <ele>92.1</ele>
    </wpt>
    <wpt lat="37.226753" lon="129.339401">
        <ele>27.1</ele>
    </wpt>
    <wpt lat="37.238625" lon="129.327072">
        <ele>28.2</ele>
    </wpt>
    <wpt lat="37.248426" lon="129.303826">
        <ele>88.4</ele>
    </wpt>
    <wpt lat="37.286996" lon="129.3014">
        <ele>7.1</ele>
    </wpt>
    <wpt lat="37.197723" lon="129.337238">
        <ele>78.1</ele>
    </wpt>
    <wpt lat="37.232227" lon="129.342957">
        <ele>5.7</ele>
    </wpt>
    <wpt lat="37.263685" lon="129.305549">
        <ele>88.9</ele>
    </wpt>
    <wpt lat="37.226783" lon="129.340725">
        <ele>13.7</ele>
    </wpt>
    <wpt lat="37.218502" lon="129.339279">
        <ele>83.0</ele>
    </wpt>
    <wpt lat="37.277793" lon="129.305013">
        <ele>20.0</ele>
    </wpt>
    <wpt lat="37.211815" lon="129.337296">
        <ele>84.6</ele>
    </wpt>
    <wpt lat="37.200542" lon="129.337036">
        <ele>80.6</ele>
    </wpt>
    <wpt lat="37.244507" lon="129.313137">
        <ele>60.8</ele>
    </wpt>
    <wpt lat="37.19128" lon="129.330429">
        <ele>36.4</ele>
    </wpt>
    <wpt lat="37.240417" lon="129.318161">
        <ele>38.1</ele>
    </wpt>
    <wpt lat="37.219948" lon="129.338181">
        <ele>87.3</ele>
    </wpt>
    <wpt lat="37.27054" lon="129.306839">
        <ele>48.2</ele>
    </wpt>
    <wpt lat="37.228511745" lon="129.342862189">
        <ele>2.9</ele>
    </wpt>
    <wpt lat="37.22374" lon="129.33963">
        <ele>63.4</ele>
    </wpt>
    <wpt lat="37.259063" lon="129.304195">
        <ele>149.5</ele>
    </wpt>
    <wpt lat="37.178511" lon="129.330629">
        <ele>10.9</ele>
    </wpt>
    <wpt lat="37.191067" lon="129.330399">
        <ele>34.5</ele>
    </wpt>
    <wpt lat="37.285887" lon="129.300758">
        <ele>7.8</ele>
    </wpt>
    <wpt lat="37.246141" lon="129.310148">
        <ele>68.6</ele>
    </wpt>
    <wpt lat="37.203824" lon="129.339099">
        <ele>44.7</ele>
    </wpt>
    <wpt lat="37.282165" lon="129.30275">
        <ele>11.1</ele>
    </wpt>
    <wpt lat="37.191628" lon="129.330597">
        <ele>38.9</ele>
    </wpt>
    <wpt lat="37.250908" lon="129.303158">
        <ele>120.8</ele>
    </wpt>
    <wpt lat="37.225693" lon="129.339854">
        <ele>41.6</ele>
    </wpt>
    <wpt lat="37.253591" lon="129.303515">
        <ele>140.3</ele>
    </wpt>
    <wpt lat="37.172112" lon="129.337727">
        <ele>3.2</ele>
    </wpt>
    <wpt lat="37.27352" lon="129.306809">
        <ele>32.7</ele>
    </wpt>
    <wpt lat="37.239059" lon="129.325607">
        <ele>28.2</ele>
    </wpt>
    <wpt lat="37.246568" lon="129.3092">
        <ele>65.6</ele>
    </wpt>
    <wpt lat="37.230946" lon="129.342545">
        <ele>10.2</ele>
    </wpt>
    <wpt lat="37.238827" lon="129.326492">
        <ele>28.7</ele>
    </wpt>
    <wpt lat="37.219128" lon="129.338379">
        <ele>97.1</ele>
    </wpt>
    <wpt lat="37.182389" lon="129.325788">
        <ele>16.1</ele>
    </wpt>
    <wpt lat="37.185622" lon="129.325088">
        <ele>40.7</ele>
    </wpt>
    <wpt lat="37.175074" lon="129.333237">
        <ele>7.7</ele>
    </wpt>
    <wpt lat="37.265075" lon="129.305474">
        <ele>76.3</ele>
    </wpt>
    <wpt lat="37.234127" lon="129.342484">
        <ele>8.0</ele>
    </wpt>
    <wpt lat="37.205096" lon="129.340438">
        <ele>70.9</ele>
    </wpt>
    <wpt lat="37.198826" lon="129.337598">
        <ele>75.8</ele>
    </wpt>
    <wpt lat="37.171936" lon="129.337691">
        <ele>5.1</ele>
    </wpt>
    <wpt lat="37.272308" lon="129.306788">
        <ele>37.1</ele>
    </wpt>
    <wpt lat="37.240513" lon="129.317932">
        <ele>38.9</ele>
    </wpt>
    <wpt lat="37.236943" lon="129.332831">
        <ele>18.8</ele>
    </wpt>
    <wpt lat="37.253464" lon="129.3035">
        <ele>140.2</ele>
    </wpt>
    <wpt lat="37.238338" lon="129.327545">
        <ele>25.0</ele>
    </wpt>
    <wpt lat="37.217239" lon="129.339508">
        <ele>66.5</ele>
    </wpt>
    <wpt lat="37.189281" lon="129.329428">
        <ele>25.5</ele>
    </wpt>
    <wpt lat="37.226413" lon="129.338581">
        <ele>32.5</ele>
    </wpt>
    <wpt lat="37.184984" lon="129.324709">
        <ele>39.7</ele>
    </wpt>
    <wpt lat="37.239324" lon="129.321857">
        <ele>31.4</ele>
    </wpt>
    <wpt lat="37.23493" lon="129.341794">
        <ele>8.5</ele>
    </wpt>
    <wpt lat="37.233143" lon="129.343262">
        <ele>7.1</ele>
    </wpt>
    <wpt lat="37.242992" lon="129.313529">
        <ele>49.6</ele>
    </wpt>
    <wpt lat="37.283811" lon="129.301859">
        <ele>5.2</ele>
    </wpt>
    <wpt lat="37.184905" lon="129.324709">
        <ele>38.8</ele>
    </wpt>
    <wpt lat="37.239315" lon="129.322296">
        <ele>29.3</ele>
    </wpt>
    <wpt lat="37.258118" lon="129.304116">
        <ele>164.4</ele>
    </wpt>
    <wpt lat="37.185233" lon="129.324829">
        <ele>41.5</ele>
    </wpt>
    <wpt lat="37.236038" lon="129.336243">
        <ele>14.4</ele>
    </wpt>
    <wpt lat="37.220741" lon="129.33847">
        <ele>63.2</ele>
    </wpt>
    <wpt lat="37.23714" lon="129.329358">
        <ele>21.3</ele>
    </wpt>
    <wpt lat="37.211494" lon="129.337402">
        <ele>80.8</ele>
    </wpt>
    <wpt lat="37.241424" lon="129.316699">
        <ele>44.0</ele>
    </wpt>
    <wpt lat="37.213469" lon="129.336789">
        <ele>95.5</ele>
    </wpt>
    <wpt lat="37.178347" lon="129.330711">
        <ele>10.6</ele>
    </wpt>
    <wpt lat="37.25212" lon="129.303241">
        <ele>125.5</ele>
    </wpt>
    <wpt lat="37.203601" lon="129.338845">
        <ele>46.0</ele>
    </wpt>
    <wpt lat="37.233315" lon="129.343155">
        <ele>7.6</ele>
    </wpt>
    <wpt lat="37.184789" lon="129.324594">
        <ele>36.1</ele>
    </wpt>
    <wpt lat="37.221336" lon="129.338638">
        <ele>62.5</ele>
    </wpt>
    <wpt lat="37.259317" lon="129.304274">
        <ele>146.3</ele>
    </wpt>
    <wpt lat="37.287569" lon="129.301696">
        <ele>6.8</ele>
    </wpt>
    <wpt lat="37.21883" lon="129.338821">
        <ele>88.0</ele>
    </wpt>
    <wpt lat="37.256826" lon="129.303817">
        <ele>189.1</ele>
    </wpt>
    <wpt lat="37.196066" lon="129.336067">
        <ele>94.6</ele>
    </wpt>
    <wpt lat="37.196785" lon="129.336914">
        <ele>89.4</ele>
    </wpt>
    <wpt lat="37.284015" lon="129.301778">
        <ele>5.6</ele>
    </wpt>
    <wpt lat="37.213886" lon="129.336942">
        <ele>96.0</ele>
    </wpt>
    <wpt lat="37.273962" lon="129.306799">
        <ele>31.3</ele>
    </wpt>
    <wpt lat="37.194252" lon="129.332443">
        <ele>61.3</ele>
    </wpt>
    <wpt lat="37.198204" lon="129.337415">
        <ele>75.4</ele>
    </wpt>
    <wpt lat="37.206215" lon="129.340729">
        <ele>71.0</ele>
    </wpt>
    <wpt lat="37.182665" lon="129.325096">
        <ele>15.9</ele>
    </wpt>
    <wpt lat="37.214386" lon="129.337341">
        <ele>83.3</ele>
    </wpt>
    <wpt lat="37.172787" lon="129.337638">
        <ele>4.1</ele>
    </wpt>
    <wpt lat="37.200375" lon="129.337143">
        <ele>83.4</ele>
    </wpt>
    <wpt lat="37.240303" lon="129.318726">
        <ele>34.8</ele>
    </wpt>
    <wpt lat="37.177965" lon="129.330961">
        <ele>9.1</ele>
    </wpt>
    <wpt lat="37.260974" lon="129.304906">
        <ele>121.5</ele>
    </wpt>
    <wpt lat="37.25063" lon="129.303123">
        <ele>121.7</ele>
    </wpt>
    <wpt lat="37.194676" lon="129.334392">
        <ele>83.1</ele>
    </wpt>
    <wpt lat="37.226522" lon="129.33858">
        <ele>31.1</ele>
    </wpt>
    <wpt lat="37.188873" lon="129.329433">
        <ele>24.1</ele>
    </wpt>
    <wpt lat="37.226199" lon="129.338815">
        <ele>38.1</ele>
    </wpt>
    <wpt lat="37.257757" lon="129.304137">
        <ele>169.5</ele>
    </wpt>
    <wpt lat="37.264492" lon="129.305533">
        <ele>85.9</ele>
    </wpt>
    <wpt lat="37.285692" lon="129.30082">
        <ele>8.0</ele>
    </wpt>
    <wpt lat="37.263154" lon="129.305488">
        <ele>89.5</ele>
    </wpt>
    <wpt lat="37.236513" lon="129.340475">
        <ele>9.4</ele>
    </wpt>
    <wpt lat="37.278435" lon="129.304526">
        <ele>20.9</ele>
    </wpt>
    <wpt lat="37.277899" lon="129.30485">
        <ele>20.1</ele>
    </wpt>
    <wpt lat="37.210205" lon="129.33873">
        <ele>86.3</ele>
    </wpt>
    <wpt lat="37.230123261" lon="129.343177281">
        <ele>5.8</ele>
    </wpt>
    <wpt lat="37.190323" lon="129.330246">
        <ele>30.5</ele>
    </wpt>
    <wpt lat="37.179691" lon="129.329923">
        <ele>13.6</ele>
    </wpt>
    <wpt lat="37.237399" lon="129.32879">
        <ele>22.7</ele>
    </wpt>
    <wpt lat="37.262341" lon="129.305301">
        <ele>97.7</ele>
    </wpt>
    <wpt lat="37.203426" lon="129.338776">
        <ele>43.6</ele>
    </wpt>
    <wpt lat="37.26527" lon="129.305487">
        <ele>73.8</ele>
    </wpt>
    <wpt lat="37.245083" lon="129.31247">
        <ele>63.7</ele>
    </wpt>
    <wpt lat="37.261199" lon="129.304935">
        <ele>118.3</ele>
    </wpt>
    <wpt lat="37.203983" lon="129.339312">
        <ele>46.0</ele>
    </wpt>
    <wpt lat="37.175762" lon="129.332616">
        <ele>8.2</ele>
    </wpt>
    <wpt lat="37.19519" lon="129.334988">
        <ele>91.6</ele>
    </wpt>
    <wpt lat="37.209435" lon="129.339737">
        <ele>91.9</ele>
    </wpt>
    <wpt lat="37.245858" lon="129.310438">
        <ele>68.7</ele>
    </wpt>
    <wpt lat="37.189171" lon="129.329941">
        <ele>31.1</ele>
    </wpt>
    <wpt lat="37.259479" lon="129.304508">
        <ele>140.4</ele>
    </wpt>
    <wpt lat="37.274806" lon="129.306438">
        <ele>31.2</ele>
    </wpt>
    <wpt lat="37.200016" lon="129.337402">
        <ele>84.7</ele>
    </wpt>
    <wpt lat="37.194251" lon="129.332801">
        <ele>64.6</ele>
    </wpt>
    <wpt lat="37.260049" lon="129.304797">
        <ele>134.1</ele>
    </wpt>
    <wpt lat="37.287122" lon="129.30141">
        <ele>7.2</ele>
    </wpt>
    <wpt lat="37.229319659" lon="129.343036012">
        <ele>3.6</ele>
    </wpt>
    <wpt lat="37.195337" lon="129.335154">
        <ele>92.3</ele>
    </wpt>
    <wpt lat="37.275268" lon="129.306261">
        <ele>30.1</ele>
    </wpt>
    <wpt lat="37.26671" lon="129.305723">
        <ele>67.8</ele>
    </wpt>
    <wpt lat="37.246604" lon="129.309086">
        <ele>66.4</ele>
    </wpt>
    <wpt lat="37.274484" lon="129.30723">
        <ele>32.5</ele>
    </wpt>
    <wpt lat="37.266185" lon="129.305664">
        <ele>72.7</ele>
    </wpt>
    <wpt lat="37.276168" lon="129.305845">
        <ele>24.9</ele>
    </wpt>
    <wpt lat="37.219776" lon="129.338135">
        <ele>93.8</ele>
    </wpt>
    <wpt lat="37.179979" lon="129.329759">
        <ele>15.0</ele>
    </wpt>
    <wpt lat="37.225903" lon="129.339554">
        <ele>39.1</ele>
    </wpt>
    <wpt lat="37.242268" lon="129.314636">
        <ele>45.9</ele>
    </wpt>
    <wpt lat="37.195025" lon="129.334797">
        <ele>89.7</ele>
    </wpt>
    <wpt lat="37.218746" lon="129.338974">
        <ele>85.0</ele>
    </wpt>
    <wpt lat="37.22266" lon="129.339127">
        <ele>64.6</ele>
    </wpt>
    <wpt lat="37.242878" lon="129.313739">
        <ele>49.9</ele>
    </wpt>
    <wpt lat="37.28181" lon="129.303214">
        <ele>13.1</ele>
    </wpt>
    <wpt lat="37.217663" lon="129.33963">
        <ele>73.1</ele>
    </wpt>
    <wpt lat="37.225399" lon="129.340027">
        <ele>45.6</ele>
    </wpt>
    <wpt lat="37.173756" lon="129.335356">
        <ele>6.0</ele>
    </wpt>
    <wpt lat="37.224083" lon="129.339828">
        <ele>60.7</ele>
    </wpt>
    <wpt lat="37.240036" lon="129.319901">
        <ele>36.4</ele>
    </wpt>
    <wpt lat="37.218925" lon="129.338654">
        <ele>91.7</ele>
    </wpt>
    <wpt lat="37.204888" lon="129.340375">
        <ele>68.5</ele>
    </wpt>
    <wpt lat="37.25126" lon="129.303328">
        <ele>119.8</ele>
    </wpt>
    <wpt lat="37.189308" lon="129.329493">
        <ele>25.9</ele>
    </wpt>
    <wpt lat="37.24081" lon="129.317703">
        <ele>39.7</ele>
    </wpt>
    <wpt lat="37.201069" lon="129.33696">
        <ele>68.1</ele>
    </wpt>
    <wpt lat="37.216404" lon="129.33902">
        <ele>56.5</ele>
    </wpt>
    <wpt lat="37.24629" lon="129.307016">
        <ele>78.8</ele>
    </wpt>
    <wpt lat="37.273343" lon="129.306826">
        <ele>33.1</ele>
    </wpt>
    <wpt lat="37.172855" lon="129.337466">
        <ele>4.8</ele>
    </wpt>
    <wpt lat="37.242069" lon="129.314941">
        <ele>44.4</ele>
    </wpt>
    <wpt lat="37.262159" lon="129.305204">
        <ele>100.4</ele>
    </wpt>
    <wpt lat="37.194256" lon="129.332153">
        <ele>59.8</ele>
    </wpt>
    <wpt lat="37.186616" lon="129.327108">
        <ele>21.8</ele>
    </wpt>
    <wpt lat="37.287586" lon="129.30171">
        <ele>6.8</ele>
    </wpt>
    <wpt lat="37.238728" lon="129.326752">
        <ele>28.6</ele>
    </wpt>
    <wpt lat="37.230521" lon="129.342669">
        <ele>9.9</ele>
    </wpt>
    <wpt lat="37.194438" lon="129.333972">
        <ele>78.5</ele>
    </wpt>
    <wpt lat="37.246168" lon="129.306192">
        <ele>78.3</ele>
    </wpt>
    <wpt lat="37.236755" lon="129.333847">
        <ele>16.9</ele>
    </wpt>
    <wpt lat="37.202354" lon="129.338058">
        <ele>45.9</ele>
    </wpt>
    <wpt lat="37.190826" lon="129.330368">
        <ele>33.6</ele>
    </wpt>
    <wpt lat="37.226299" lon="129.338664">
        <ele>35.8</ele>
    </wpt>
    <wpt lat="37.184306" lon="129.324553">
        <ele>26.9</ele>
    </wpt>
    <wpt lat="37.189636" lon="129.330063">
        <ele>30.1</ele>
    </wpt>
    <wpt lat="37.271343" lon="129.307015">
        <ele>43.4</ele>
    </wpt>
    <wpt lat="37.210926" lon="129.337631">
        <ele>76.7</ele>
    </wpt>
    <wpt lat="37.196136" lon="129.336197">
        <ele>93.9</ele>
    </wpt>
    <wpt lat="37.175225" lon="129.333079">
        <ele>7.8</ele>
    </wpt>
    <wpt lat="37.175615" lon="129.332743">
        <ele>8.1</ele>
    </wpt>
    <wpt lat="37.235584" lon="129.341151">
        <ele>9.7</ele>
    </wpt>
    <wpt lat="37.281143" lon="129.303725">
        <ele>13.7</ele>
    </wpt>
    <wpt lat="37.238887" lon="129.326295">
        <ele>28.6</ele>
    </wpt>
    <wpt lat="37.191261" lon="129.330567">
        <ele>38.8</ele>
    </wpt>
    <wpt lat="37.246456" lon="129.304473">
        <ele>80.5</ele>
    </wpt>
    <wpt lat="37.207317" lon="129.340988">
        <ele>80.4</ele>
    </wpt>
    <wpt lat="37.239952" lon="129.32016">
        <ele>36.7</ele>
    </wpt>
    <wpt lat="37.225239" lon="129.340103">
        <ele>45.7</ele>
    </wpt>
    <wpt lat="37.190109" lon="129.330185">
        <ele>29.9</ele>
    </wpt>
    <wpt lat="37.236163" lon="129.33829">
        <ele>13.1</ele>
    </wpt>
    <wpt lat="37.209412" lon="129.339752">
        <ele>92.1</ele>
    </wpt>
    <wpt lat="37.194304" lon="129.333568">
        <ele>72.1</ele>
    </wpt>
    <wpt lat="37.190403" lon="129.330276">
        <ele>31.0</ele>
    </wpt>
    <wpt lat="37.279377" lon="129.304249">
        <ele>22.0</ele>
    </wpt>
    <wpt lat="37.264348" lon="129.305492">
        <ele>87.8</ele>
    </wpt>
    <wpt lat="37.236075" lon="129.337618">
        <ele>12.1</ele>
    </wpt>
    <wpt lat="37.240345" lon="129.318497">
        <ele>36.2</ele>
    </wpt>
    <wpt lat="37.257686" lon="129.304098">
        <ele>171.1</ele>
    </wpt>
    <wpt lat="37.24615" lon="129.305589">
        <ele>80.8</ele>
    </wpt>
    <wpt lat="37.282548" lon="129.302163">
        <ele>12.5</ele>
    </wpt>
    <wpt lat="37.204647" lon="129.340219">
        <ele>63.6</ele>
    </wpt>
    <wpt lat="37.200207" lon="129.337265">
        <ele>84.7</ele>
    </wpt>
    <wpt lat="37.227384124" lon="129.342606907">
        <ele>0.0</ele>
    </wpt>
    <wpt lat="37.209167" lon="129.339966">
        <ele>92.7</ele>
    </wpt>
    <wpt lat="37.249747" lon="129.30324">
        <ele>106.6</ele>
    </wpt>
    <wpt lat="37.193693" lon="129.330868">
        <ele>55.2</ele>
    </wpt>
    <wpt lat="37.239223" lon="129.323822">
        <ele>29.0</ele>
    </wpt>
    <wpt lat="37.220955" lon="129.338531">
        <ele>60.7</ele>
    </wpt>
    <wpt lat="37.182939" lon="129.324326">
        <ele>15.6</ele>
    </wpt>
    <wpt lat="37.263348" lon="129.305479">
        <ele>90.0</ele>
    </wpt>
    <wpt lat="37.216251" lon="129.338852">
        <ele>57.1</ele>
    </wpt>
    <wpt lat="37.180979" lon="129.328695">
        <ele>18.6</ele>
    </wpt>
    <wpt lat="37.227634706" lon="129.342672076">
        <ele>1.1</ele>
    </wpt>
    <wpt lat="37.210308" lon="129.338516">
        <ele>84.3</ele>
    </wpt>
    <wpt lat="37.236182" lon="129.338519">
        <ele>13.1</ele>
    </wpt>
    <wpt lat="37.264881" lon="129.305528">
        <ele>79.3</ele>
    </wpt>
    <wpt lat="37.223301" lon="129.339401">
        <ele>61.2</ele>
    </wpt>
    <wpt lat="37.180548" lon="129.329129">
        <ele>17.4</ele>
    </wpt>
    <wpt lat="37.208968" lon="129.340125">
        <ele>100.0</ele>
    </wpt>
    <wpt lat="37.246514" lon="129.309392">
        <ele>65.5</ele>
    </wpt>
    <wpt lat="37.204734" lon="129.340301">
        <ele>65.6</ele>
    </wpt>
    <wpt lat="37.270717" lon="129.307019">
        <ele>48.1</ele>
    </wpt>
    <wpt lat="37.223434" lon="129.339462">
        <ele>61.9</ele>
    </wpt>
    <wpt lat="37.220337" lon="129.338318">
        <ele>74.4</ele>
    </wpt>
    <wpt lat="37.186918" lon="129.327842">
        <ele>20.5</ele>
    </wpt>
    <wpt lat="37.189919" lon="129.330139">
        <ele>29.6</ele>
    </wpt>
    <wpt lat="37.269976" lon="129.306505">
        <ele>52.9</ele>
    </wpt>
    <wpt lat="37.240627" lon="129.317825">
        <ele>39.3</ele>
    </wpt>
    <wpt lat="37.248859" lon="129.303516">
        <ele>89.9</ele>
    </wpt>
    <wpt lat="37.253905" lon="129.303683">
        <ele>143.3</ele>
    </wpt>
    <wpt lat="37.239956" lon="129.320145">
        <ele>36.6</ele>
    </wpt>
    <wpt lat="37.285427" lon="129.300927">
        <ele>8.4</ele>
    </wpt>
    <wpt lat="37.281023" lon="129.303805">
        <ele>14.6</ele>
    </wpt>
    <wpt lat="37.285249" lon="129.301053">
        <ele>7.9</ele>
    </wpt>
    <wpt lat="37.26594" lon="129.305626">
        <ele>72.1</ele>
    </wpt>
    <wpt lat="37.226746" lon="129.340469">
        <ele>16.1</ele>
    </wpt>
    <wpt lat="37.226874321" lon="129.342454862">
        <ele>0.0</ele>
    </wpt>
    <wpt lat="37.206593" lon="129.34082">
        <ele>74.6</ele>
    </wpt>
    <wpt lat="37.278222" lon="129.304592">
        <ele>21.1</ele>
    </wpt>
    <wpt lat="37.249002" lon="129.303421">
        <ele>91.9</ele>
    </wpt>
    <wpt lat="37.189082" lon="129.329839">
        <ele>29.8</ele>
    </wpt>
    <wpt lat="37.226883" lon="129.340988">
        <ele>11.4</ele>
    </wpt>
    <wpt lat="37.236269" lon="129.339302">
        <ele>11.0</ele>
    </wpt>
    <wpt lat="37.173932" lon="129.334917">
        <ele>5.9</ele>
    </wpt>
    <wpt lat="37.246165" lon="129.305267">
        <ele>82.8</ele>
    </wpt>
    <wpt lat="37.232952" lon="129.343262">
        <ele>7.3</ele>
    </wpt>
    <wpt lat="37.196579" lon="129.336777">
        <ele>90.6</ele>
    </wpt>
    <wpt lat="37.256563" lon="129.303706">
        <ele>192.5</ele>
    </wpt>
    <wpt lat="37.192154" lon="129.330551">
        <ele>39.4</ele>
    </wpt>
    <wpt lat="37.259413" lon="129.304414">
        <ele>142.2</ele>
    </wpt>
    <wpt lat="37.215652" lon="129.338318">
        <ele>63.7</ele>
    </wpt>
    <wpt lat="37.261884" lon="129.305195">
        <ele>104.7</ele>
    </wpt>
    <wpt lat="37.246403" lon="129.307467">
        <ele>76.4</ele>
    </wpt>
    <wpt lat="37.237316" lon="129.328934">
        <ele>22.5</ele>
    </wpt>
    <wpt lat="37.23391" lon="129.342669">
        <ele>8.0</ele>
    </wpt>
    <wpt lat="37.262506" lon="129.305385">
        <ele>95.6</ele>
    </wpt>
    <wpt lat="37.208572" lon="129.340469">
        <ele>100.7</ele>
    </wpt>
    <wpt lat="37.196315" lon="129.336441">
        <ele>93.4</ele>
    </wpt>
    <wpt lat="37.236407" lon="129.334781">
        <ele>17.2</ele>
    </wpt>
    <wpt lat="37.239212" lon="129.323959">
        <ele>28.6</ele>
    </wpt>
    <wpt lat="37.282" lon="129.302961">
        <ele>12.1</ele>
    </wpt>
    <wpt lat="37.283149" lon="129.301929">
        <ele>8.2</ele>
    </wpt>
    <wpt lat="37.224558" lon="129.34009">
        <ele>47.6</ele>
    </wpt>
    <wpt lat="37.192815" lon="129.330445">
        <ele>42.8</ele>
    </wpt>
    <wpt lat="37.239849" lon="129.320374">
        <ele>35.1</ele>
    </wpt>
    <wpt lat="37.241197" lon="129.317156">
        <ele>40.7</ele>
    </wpt>
    <wpt lat="37.246669" lon="129.308686">
        <ele>69.2</ele>
    </wpt>
    <wpt lat="37.252476" lon="129.303515">
        <ele>129.7</ele>
    </wpt>
    <wpt lat="37.262979" lon="129.30545">
        <ele>90.8</ele>
    </wpt>
    <wpt lat="37.217098" lon="129.339462">
        <ele>64.8</ele>
    </wpt>
    <wpt lat="37.209759" lon="129.339417">
        <ele>90.7</ele>
    </wpt>
    <wpt lat="37.25223" lon="129.303314">
        <ele>125.2</ele>
    </wpt>
    <wpt lat="37.226749" lon="129.339172">
        <ele>30.3</ele>
    </wpt>
    <wpt lat="37.236131" lon="129.34086">
        <ele>9.9</ele>
    </wpt>
    <wpt lat="37.239433" lon="129.321335">
        <ele>30.1</ele>
    </wpt>
    <wpt lat="37.229008593" lon="129.342949121">
        <ele>3.4</ele>
    </wpt>
    <wpt lat="37.204123" lon="129.339516">
        <ele>49.8</ele>
    </wpt>
    <wpt lat="37.246724" lon="129.304291">
        <ele>82.2</ele>
    </wpt>
    <wpt lat="37.19312" lon="129.33046">
        <ele>47.6</ele>
    </wpt>
    <wpt lat="37.23896" lon="129.326065">
        <ele>28.6</ele>
    </wpt>
    <wpt lat="37.227116" lon="129.341217">
        <ele>9.9</ele>
    </wpt>
    <wpt lat="37.260368" lon="129.304868">
        <ele>130.3</ele>
    </wpt>
    <wpt lat="37.173645" lon="129.335607">
        <ele>5.2</ele>
    </wpt>
    <wpt lat="37.248569" lon="129.303719">
        <ele>88.4</ele>
    </wpt>
    <wpt lat="37.246516" lon="129.307917">
        <ele>76.5</ele>
    </wpt>
    <wpt lat="37.265466" lon="129.305544">
        <ele>71.8</ele>
    </wpt>
    <wpt lat="37.194857" lon="129.334591">
        <ele>85.5</ele>
    </wpt>
    <wpt lat="37.254732" lon="129.303583">
        <ele>154.5</ele>
    </wpt>
    <wpt lat="37.284407" lon="129.301693">
        <ele>7.8</ele>
    </wpt>
    <wpt lat="37.276955" lon="129.305743">
        <ele>23.3</ele>
    </wpt>
    <wpt lat="37.179484" lon="129.330052">
        <ele>13.1</ele>
    </wpt>
    <wpt lat="37.17699" lon="129.331718">
        <ele>7.5</ele>
    </wpt>
    <wpt lat="37.195522" lon="129.335327">
        <ele>92.3</ele>
    </wpt>
    <wpt lat="37.236244" lon="129.33902">
        <ele>11.3</ele>
    </wpt>
    <wpt lat="37.256195" lon="129.303631">
        <ele>190.7</ele>
    </wpt>
    <wpt lat="37.18903" lon="129.329417">
        <ele>24.6</ele>
    </wpt>
    <wpt lat="37.267858" lon="129.30634">
        <ele>59.9</ele>
    </wpt>
    <wpt lat="37.233693" lon="129.342853">
        <ele>8.0</ele>
    </wpt>
    <wpt lat="37.196984" lon="129.336987">
        <ele>89.9</ele>
    </wpt>
    <wpt lat="37.206295" lon="129.340744">
        <ele>71.3</ele>
    </wpt>
    <wpt lat="37.226749" lon="129.339569">
        <ele>24.9</ele>
    </wpt>
    <wpt lat="37.20673" lon="129.340866">
        <ele>75.9</ele>
    </wpt>
    <wpt lat="37.258262" lon="129.304135">
        <ele>161.8</ele>
    </wpt>
    <wpt lat="37.239008" lon="129.325841">
        <ele>27.9</ele>
    </wpt>
    <wpt lat="37.215809" lon="129.338455">
        <ele>61.7</ele>
    </wpt>
    <wpt lat="37.183214" lon="129.323855">
        <ele>15.8</ele>
    </wpt>
    <wpt lat="37.203717" lon="129.338956">
        <ele>45.3</ele>
    </wpt>
    <wpt lat="37.240923" lon="129.317631">
        <ele>39.9</ele>
    </wpt>
    <wpt lat="37.238644" lon="129.326996">
        <ele>28.4</ele>
    </wpt>
    <wpt lat="37.215492" lon="129.338181">
        <ele>66.3</ele>
    </wpt>
    <wpt lat="37.183419" lon="129.323509">
        <ele>15.5</ele>
    </wpt>
    <wpt lat="37.236102" lon="129.335856">
        <ele>15.0</ele>
    </wpt>
    <wpt lat="37.218353" lon="129.339417">
        <ele>83.6</ele>
    </wpt>
    <wpt lat="37.173535" lon="129.335871">
        <ele>4.9</ele>
    </wpt>
    <wpt lat="37.208179" lon="129.340744">
        <ele>93.3</ele>
    </wpt>
    <wpt lat="37.210014" lon="129.339066">
        <ele>90.5</ele>
    </wpt>
    <wpt lat="37.226596" lon="129.338632">
        <ele>29.7</ele>
    </wpt>
    <wpt lat="37.286204" lon="129.30114">
        <ele>7.4</ele>
    </wpt>
    <wpt lat="37.273019" lon="129.306753">
        <ele>32.7</ele>
    </wpt>
    <wpt lat="37.209888" lon="129.339264">
        <ele>90.7</ele>
    </wpt>
    <wpt lat="37.26271" lon="129.305443">
        <ele>93.0</ele>
    </wpt>
    <wpt lat="37.231153" lon="129.342532">
        <ele>8.6</ele>
    </wpt>
    <wpt lat="37.212429" lon="129.337067">
        <ele>88.0</ele>
    </wpt>
    <wpt lat="37.223145" lon="129.339325">
        <ele>62.0</ele>
    </wpt>
    <wpt lat="37.233135" lon="129.343277">
        <ele>7.1</ele>
    </wpt>
    <wpt lat="37.282693" lon="129.302033">
        <ele>12.4</ele>
    </wpt>
    <wpt lat="37.288107" lon="129.302176">
        <ele>6.0</ele>
    </wpt>
    <wpt lat="37.220524" lon="129.338379">
        <ele>68.5</ele>
    </wpt>
    <wpt lat="37.257364" lon="129.303947">
        <ele>177.1</ele>
    </wpt>
    <wpt lat="37.205308" lon="129.340492">
        <ele>72.4</ele>
    </wpt>
    <wpt lat="37.239086" lon="129.325424">
        <ele>29.2</ele>
    </wpt>
    <wpt lat="37.248306" lon="129.303927">
        <ele>89.4</ele>
    </wpt>
    <wpt lat="37.231483" lon="129.342606">
        <ele>6.6</ele>
    </wpt>
    <wpt lat="37.239529" lon="129.321106">
        <ele>30.6</ele>
    </wpt>
    <wpt lat="37.185904" lon="129.325281">
        <ele>39.2</ele>
    </wpt>
    <wpt lat="37.214027" lon="129.337036">
        <ele>93.0</ele>
    </wpt>
    <wpt lat="37.275745" lon="129.305862">
        <ele>26.5</ele>
    </wpt>
    <wpt lat="37.271182" lon="129.307133">
        <ele>46.3</ele>
    </wpt>
    <wpt lat="37.286431" lon="129.301279">
        <ele>5.9</ele>
    </wpt>
    <wpt lat="37.184266" lon="129.324376">
        <ele>23.9</ele>
    </wpt>
    <wpt lat="37.244105" lon="129.313039">
        <ele>53.6</ele>
    </wpt>
    <wpt lat="37.2462" lon="129.306473">
        <ele>79.6</ele>
    </wpt>
    <wpt lat="37.24736" lon="129.304199">
        <ele>88.1</ele>
    </wpt>
    <wpt lat="37.237626" lon="129.328446">
        <ele>23.3</ele>
    </wpt>
    <wpt lat="37.172356" lon="129.337778">
        <ele>2.0</ele>
    </wpt>
    <wpt lat="37.268581" lon="129.30652">
        <ele>60.4</ele>
    </wpt>
    <wpt lat="37.190571" lon="129.330307">
        <ele>31.6</ele>
    </wpt>
    <wpt lat="37.230877" lon="129.342575">
        <ele>10.3</ele>
    </wpt>
    <wpt lat="37.226158" lon="129.338927">
        <ele>38.2</ele>
    </wpt>
    <wpt lat="37.271921" lon="129.306845">
        <ele>39.0</ele>
    </wpt>
    <wpt lat="37.267113" lon="129.306125">
        <ele>67.8</ele>
    </wpt>
    <wpt lat="37.231618" lon="129.342648">
        <ele>5.3</ele>
    </wpt>
    <wpt lat="37.287368" lon="129.301548">
        <ele>7.3</ele>
    </wpt>
    <wpt lat="37.269728" lon="129.306429">
        <ele>54.8</ele>
    </wpt>
    <wpt lat="37.283582" lon="129.301903">
        <ele>5.4</ele>
    </wpt>
    <wpt lat="37.224872" lon="129.340162">
        <ele>45.4</ele>
    </wpt>
    <wpt lat="37.202007" lon="129.337585">
        <ele>53.2</ele>
    </wpt>
    <wpt lat="37.221142" lon="129.338577">
        <ele>60.7</ele>
    </wpt>
    <wpt lat="37.257971" lon="129.304052">
        <ele>166.9</ele>
    </wpt>
    <wpt lat="37.216084" lon="129.338699">
        <ele>58.6</ele>
    </wpt>
    <wpt lat="37.26896" lon="129.306392">
        <ele>57.8</ele>
    </wpt>
    <wpt lat="37.251767" lon="129.303255">
        <ele>125.0</ele>
    </wpt>
    <wpt lat="37.215935" lon="129.338562">
        <ele>59.8</ele>
    </wpt>
    <wpt lat="37.252632" lon="129.303575">
        <ele>132.8</ele>
    </wpt>
    <wpt lat="37.240223" lon="129.318954">
        <ele>34.3</ele>
    </wpt>
    <wpt lat="37.193991" lon="129.331312">
        <ele>58.7</ele>
    </wpt>
    <wpt lat="37.261739" lon="129.305114">
        <ele>107.9</ele>
    </wpt>
    <wpt lat="37.183083" lon="129.323813">
        <ele>15.5</ele>
    </wpt>
    <wpt lat="37.236206" lon="129.33876">
        <ele>12.1</ele>
    </wpt>
    <wpt lat="37.255159" lon="129.303543">
        <ele>160.2</ele>
    </wpt>
    <wpt lat="37.202984" lon="129.338623">
        <ele>39.8</ele>
    </wpt>
    <wpt lat="37.213552" lon="129.336786">
        <ele>96.0</ele>
    </wpt>
    <wpt lat="37.288296" lon="129.302402">
        <ele>6.5</ele>
    </wpt>
    <wpt lat="37.189172" lon="129.329717">
        <ele>27.9</ele>
    </wpt>
    <wpt lat="37.242622" lon="129.314148">
        <ele>49.3</ele>
    </wpt>
    <wpt lat="37.242168" lon="129.314789">
        <ele>45.0</ele>
    </wpt>
    <wpt lat="37.232922" lon="129.343262">
        <ele>7.4</ele>
    </wpt>
    <wpt lat="37.281604" lon="129.303401">
        <ele>12.9</ele>
    </wpt>
    <wpt lat="37.178948" lon="129.330368">
        <ele>12.5</ele>
    </wpt>
    <wpt lat="37.186219" lon="129.325737">
        <ele>27.1</ele>
    </wpt>
    <wpt lat="37.241304" lon="129.316945">
        <ele>42.1</ele>
    </wpt>
    <wpt lat="37.236944" lon="129.331011">
        <ele>18.7</ele>
    </wpt>
    <wpt lat="37.237991" lon="129.327957">
        <ele>24.9</ele>
    </wpt>
    <wpt lat="37.236013" lon="129.33705">
        <ele>13.2</ele>
    </wpt>
    <wpt lat="37.177772" lon="129.331112">
        <ele>9.0</ele>
    </wpt>
    <wpt lat="37.200706" lon="129.336975">
        <ele>77.3</ele>
    </wpt>
    <wpt lat="37.27461" lon="129.306941">
        <ele>27.8</ele>
    </wpt>
    <wpt lat="37.287917" lon="129.302001">
        <ele>5.8</ele>
    </wpt>
    <wpt lat="37.19421" lon="129.331848">
        <ele>58.9</ele>
    </wpt>
    <wpt lat="37.237244" lon="129.329086">
        <ele>22.2</ele>
    </wpt>
    <wpt lat="37.260839" lon="129.304844">
        <ele>123.5</ele>
    </wpt>
    <wpt lat="37.183825" lon="129.323468">
        <ele>17.7</ele>
    </wpt>
    <wpt lat="37.241848" lon="129.315536">
        <ele>42.3</ele>
    </wpt>
    <wpt lat="37.241099" lon="129.31735">
        <ele>39.9</ele>
    </wpt>
    <wpt lat="37.239132" lon="129.324997">
        <ele>31.6</ele>
    </wpt>
    <wpt lat="37.209488" lon="129.339676">
        <ele>92.0</ele>
    </wpt>
    <wpt lat="37.225979" lon="129.339371">
        <ele>39.6</ele>
    </wpt>
    <wpt lat="37.244354" lon="129.313143">
        <ele>58.6</ele>
    </wpt>
    <wpt lat="37.213284" lon="129.336823">
        <ele>94.7</ele>
    </wpt>
    <wpt lat="37.222294" lon="129.338989">
        <ele>71.6</ele>
    </wpt>
    <wpt lat="37.24626" lon="129.304713">
        <ele>80.0</ele>
    </wpt>
    <wpt lat="37.226848417" lon="129.342313777">
        <ele>0.0</ele>
    </wpt>
    <wpt lat="37.224216" lon="129.339905">
        <ele>57.6</ele>
    </wpt>
    <wpt lat="37.236343" lon="129.339828">
        <ele>11.2</ele>
    </wpt>
    <wpt lat="37.259706" lon="129.304719">
        <ele>137.2</ele>
    </wpt>
    <wpt lat="37.202469" lon="129.338181">
        <ele>45.5</ele>
    </wpt>
    <wpt lat="37.218613" lon="129.339172">
        <ele>83.1</ele>
    </wpt>
    <wpt lat="37.177183" lon="129.331557">
        <ele>7.5</ele>
    </wpt>
    <wpt lat="37.195687" lon="129.33552">
        <ele>94.0</ele>
    </wpt>
    <wpt lat="37.257201" lon="129.303911">
        <ele>180.6</ele>
    </wpt>
    <wpt lat="37.18609" lon="129.325447">
        <ele>34.5</ele>
    </wpt>
    <wpt lat="37.237475" lon="129.328668">
        <ele>22.9</ele>
    </wpt>
    <wpt lat="37.207081" lon="129.340942">
        <ele>78.5</ele>
    </wpt>
    <wpt lat="37.21096" lon="129.337616">
        <ele>76.6</ele>
    </wpt>
    <wpt lat="37.264024" lon="129.305617">
        <ele>87.9</ele>
    </wpt>
    <wpt lat="37.23856" lon="129.327225">
        <ele>27.6</ele>
    </wpt>
    <wpt lat="37.268779" lon="129.306496">
        <ele>59.8</ele>
    </wpt>
    <wpt lat="37.207798" lon="129.340942">
        <ele>88.0</ele>
    </wpt>
    <wpt lat="37.236136" lon="129.338061">
        <ele>12.2</ele>
    </wpt>
    <wpt lat="37.191325" lon="129.330586">
        <ele>39.5</ele>
    </wpt>
    <wpt lat="37.176431" lon="129.33211">
        <ele>8.3</ele>
    </wpt>
    <wpt lat="37.270428" lon="129.306771">
        <ele>49.5</ele>
    </wpt>
    <wpt lat="37.236618" lon="129.340683">
        <ele>8.6</ele>
    </wpt>
    <wpt lat="37.282901" lon="129.301981">
        <ele>10.3</ele>
    </wpt>
    <wpt lat="37.236382" lon="129.340762">
        <ele>9.0</ele>
    </wpt>
    <wpt lat="37.239292" lon="129.322708">
        <ele>28.5</ele>
    </wpt>
    <wpt lat="37.172688" lon="129.337842">
        <ele>3.6</ele>
    </wpt>
    <wpt lat="37.18717" lon="129.328282">
        <ele>22.4</ele>
    </wpt>
    <wpt lat="37.183543" lon="129.323351">
        <ele>15.8</ele>
    </wpt>
    <wpt lat="37.209339" lon="129.339828">
        <ele>92.0</ele>
    </wpt>
    <wpt lat="37.193009" lon="129.330445">
        <ele>45.9</ele>
    </wpt>
    <wpt lat="37.245392" lon="129.310881">
        <ele>67.9</ele>
    </wpt>
    <wpt lat="37.219414" lon="129.338135">
        <ele>99.0</ele>
    </wpt>
    <wpt lat="37.238461" lon="129.327393">
        <ele>26.3</ele>
    </wpt>
    <wpt lat="37.225803" lon="129.339737">
        <ele>39.1</ele>
    </wpt>
    <wpt lat="37.264118" lon="129.305577">
        <ele>87.9</ele>
    </wpt>
    <wpt lat="37.236364" lon="129.334901">
        <ele>17.7</ele>
    </wpt>
    <wpt lat="37.246346" lon="129.304596">
        <ele>80.0</ele>
    </wpt>
    <wpt lat="37.21134" lon="129.337485">
        <ele>77.9</ele>
    </wpt>
    <wpt lat="37.231758" lon="129.34271">
        <ele>4.4</ele>
    </wpt>
    <wpt lat="37.171912" lon="129.337605">
        <ele>5.3</ele>
    </wpt>
    <wpt lat="37.22472" lon="129.340149">
        <ele>45.4</ele>
    </wpt>
    <wpt lat="37.244915" lon="129.312837">
        <ele>63.0</ele>
    </wpt>
    <wpt lat="37.195839" lon="129.335693">
        <ele>94.5</ele>
    </wpt>
    <wpt lat="37.188606" lon="129.329452">
        <ele>25.1</ele>
    </wpt>
    <wpt lat="37.246629" lon="129.308367">
        <ele>71.7</ele>
    </wpt>
    <wpt lat="37.23925" lon="129.323471">
        <ele>30.3</ele>
    </wpt>
    <wpt lat="37.201653" lon="129.337189">
        <ele>61.8</ele>
    </wpt>
    <wpt lat="37.279613" lon="129.304141">
        <ele>22.0</ele>
    </wpt>
    <wpt lat="37.194094" lon="129.331511">
        <ele>59.3</ele>
    </wpt>
    <wpt lat="37.284901" lon="129.301353">
        <ele>9.3</ele>
    </wpt>
    <wpt lat="37.274569" lon="129.307098">
        <ele>29.8</ele>
    </wpt>
    <wpt lat="37.176264" lon="129.332242">
        <ele>8.6</ele>
    </wpt>
    <wpt lat="37.244993" lon="129.31266">
        <ele>63.0</ele>
    </wpt>
    <wpt lat="37.219597" lon="129.33812">
        <ele>97.4</ele>
    </wpt>
    <wpt lat="37.242649" lon="129.314087">
        <ele>49.4</ele>
    </wpt>
    <wpt lat="37.199638" lon="129.337616">
        <ele>82.0</ele>
    </wpt>
    <wpt lat="37.209415" lon="129.339767">
        <ele>91.7</ele>
    </wpt>
    <wpt lat="37.236953" lon="129.330077">
        <ele>20.0</ele>
    </wpt>
    <wpt lat="37.20126" lon="129.337006">
        <ele>64.6</ele>
    </wpt>
    <wpt lat="37.231911" lon="129.342792">
        <ele>4.0</ele>
    </wpt>
    <wpt lat="37.231321" lon="129.342546">
        <ele>7.9</ele>
    </wpt>
    <wpt lat="37.257523" lon="129.304001">
        <ele>174.0</ele>
    </wpt>
    <wpt lat="37.191394" lon="129.330588">
        <ele>39.8</ele>
    </wpt>
    <trk>
        <name>Path</name>
        <trkseg>
            <trkpt lat="37.171912" lon="129.337605">
                <ele>5.35</ele>
            </trkpt>
            <trkpt lat="37.171936" lon="129.337691">
                <ele>5.091</ele>
            </trkpt>
            <trkpt lat="37.172112" lon="129.337727">
                <ele>3.19</ele>
            </trkpt>
            <trkpt lat="37.172356" lon="129.337778">
                <ele>2.001</ele>
            </trkpt>
            <trkpt lat="37.17262" lon="129.337847">
                <ele>3.113</ele>
            </trkpt>
            <trkpt lat="37.172688" lon="129.337842">
                <ele>3.585</ele>
            </trkpt>
            <trkpt lat="37.172787" lon="129.337638">
                <ele>4.083</ele>
            </trkpt>
            <trkpt lat="37.172855" lon="129.337466">
                <ele>4.8</ele>
            </trkpt>
            <trkpt lat="37.172931" lon="129.337262">
                <ele>5.182</ele>
            </trkpt>
            <trkpt lat="37.173001" lon="129.337114">
                <ele>5.531</ele>
            </trkpt>
            <trkpt lat="37.173131" lon="129.33681">
                <ele>6.131</ele>
            </trkpt>
            <trkpt lat="37.173236" lon="129.336573">
                <ele>6.431</ele>
            </trkpt>
            <trkpt lat="37.173307" lon="129.336416">
                <ele>6.088</ele>
            </trkpt>
            <trkpt lat="37.173391" lon="129.336206">
                <ele>6.0</ele>
            </trkpt>
            <trkpt lat="37.173535" lon="129.335871">
                <ele>4.899</ele>
            </trkpt>
            <trkpt lat="37.173645" lon="129.335607">
                <ele>5.221</ele>
            </trkpt>
            <trkpt lat="37.173756" lon="129.335356">
                <ele>6.043</ele>
            </trkpt>
            <trkpt lat="37.173822" lon="129.335135">
                <ele>6.128</ele>
            </trkpt>
            <trkpt lat="37.173932" lon="129.334917">
                <ele>5.856</ele>
            </trkpt>
            <trkpt lat="37.174039" lon="129.334674">
                <ele>5.367</ele>
            </trkpt>
            <trkpt lat="37.174154" lon="129.334458">
                <ele>5.003</ele>
            </trkpt>
            <trkpt lat="37.1743" lon="129.334233">
                <ele>5.115</ele>
            </trkpt>
            <trkpt lat="37.174501" lon="129.333941">
                <ele>5.204</ele>
            </trkpt>
            <trkpt lat="37.174701" lon="129.333686">
                <ele>5.924</ele>
            </trkpt>
            <trkpt lat="37.174902" lon="129.333431">
                <ele>7.523</ele>
            </trkpt>
            <trkpt lat="37.175074" lon="129.333237">
                <ele>7.746</ele>
            </trkpt>
            <trkpt lat="37.175225" lon="129.333079">
                <ele>7.826</ele>
            </trkpt>
            <trkpt lat="37.175412" lon="129.332917">
                <ele>7.742</ele>
            </trkpt>
            <trkpt lat="37.175615" lon="129.332743">
                <ele>8.089</ele>
            </trkpt>
            <trkpt lat="37.175762" lon="129.332616">
                <ele>8.161</ele>
            </trkpt>
            <trkpt lat="37.175893" lon="129.332526">
                <ele>8.288</ele>
            </trkpt>
            <trkpt lat="37.176264" lon="129.332242">
                <ele>8.582</ele>
            </trkpt>
            <trkpt lat="37.176431" lon="129.33211">
                <ele>8.253</ele>
            </trkpt>
            <trkpt lat="37.176621" lon="129.331972">
                <ele>7.951</ele>
            </trkpt>
            <trkpt lat="37.176773" lon="129.331864">
                <ele>7.982</ele>
            </trkpt>
            <trkpt lat="37.17699" lon="129.331718">
                <ele>7.503</ele>
            </trkpt>
            <trkpt lat="37.177183" lon="129.331557">
                <ele>7.464</ele>
            </trkpt>
            <trkpt lat="37.177431" lon="129.331368">
                <ele>7.676</ele>
            </trkpt>
            <trkpt lat="37.177638" lon="129.331211">
                <ele>8.353</ele>
            </trkpt>
            <trkpt lat="37.177772" lon="129.331112">
                <ele>8.962</ele>
            </trkpt>
            <trkpt lat="37.177965" lon="129.330961">
                <ele>9.134</ele>
            </trkpt>
            <trkpt lat="37.178131" lon="129.330829">
                <ele>9.528</ele>
            </trkpt>
            <trkpt lat="37.178347" lon="129.330711">
                <ele>10.609</ele>
            </trkpt>
            <trkpt lat="37.178511" lon="129.330629">
                <ele>10.904</ele>
            </trkpt>
            <trkpt lat="37.17877" lon="129.330479">
                <ele>11.868</ele>
            </trkpt>
            <trkpt lat="37.178948" lon="129.330368">
                <ele>12.468</ele>
            </trkpt>
            <trkpt lat="37.179168" lon="129.330238">
                <ele>12.857</ele>
            </trkpt>
            <trkpt lat="37.179484" lon="129.330052">
                <ele>13.142</ele>
            </trkpt>
            <trkpt lat="37.179691" lon="129.329923">
                <ele>13.579</ele>
            </trkpt>
            <trkpt lat="37.179979" lon="129.329759">
                <ele>14.981</ele>
            </trkpt>
            <trkpt lat="37.180144" lon="129.329637">
                <ele>15.93</ele>
            </trkpt>
            <trkpt lat="37.180337" lon="129.329369">
                <ele>15.892</ele>
            </trkpt>
            <trkpt lat="37.180548" lon="129.329129">
                <ele>17.356</ele>
            </trkpt>
            <trkpt lat="37.18076" lon="129.328889">
                <ele>17.682</ele>
            </trkpt>
            <trkpt lat="37.180826" lon="129.328833">
                <ele>18.069</ele>
            </trkpt>
            <trkpt lat="37.180979" lon="129.328695">
                <ele>18.622</ele>
            </trkpt>
            <trkpt lat="37.181176" lon="129.328492">
                <ele>19.344</ele>
            </trkpt>
            <trkpt lat="37.181365" lon="129.328308">
                <ele>20.315</ele>
            </trkpt>
            <trkpt lat="37.181505" lon="129.32805">
                <ele>17.776</ele>
            </trkpt>
            <trkpt lat="37.181615" lon="129.327787">
                <ele>15.728</ele>
            </trkpt>
            <trkpt lat="37.181697" lon="129.327556">
                <ele>13.648</ele>
            </trkpt>
            <trkpt lat="37.181767" lon="129.327323">
                <ele>13.361</ele>
            </trkpt>
            <trkpt lat="37.181948" lon="129.3269">
                <ele>15.2</ele>
            </trkpt>
            <trkpt lat="37.182045" lon="129.326608">
                <ele>17.583</ele>
            </trkpt>
            <trkpt lat="37.182194" lon="129.326243">
                <ele>18.173</ele>
            </trkpt>
            <trkpt lat="37.182389" lon="129.325788">
                <ele>16.103</ele>
            </trkpt>
            <trkpt lat="37.182539" lon="129.325398">
                <ele>16.14</ele>
            </trkpt>
            <trkpt lat="37.182665" lon="129.325096">
                <ele>15.94</ele>
            </trkpt>
            <trkpt lat="37.182811" lon="129.324692">
                <ele>15.226</ele>
            </trkpt>
            <trkpt lat="37.182939" lon="129.324326">
                <ele>15.58</ele>
            </trkpt>
            <trkpt lat="37.183004" lon="129.324154">
                <ele>15.806</ele>
            </trkpt>
            <trkpt lat="37.183083" lon="129.323813">
                <ele>15.481</ele>
            </trkpt>
            <trkpt lat="37.183214" lon="129.323855">
                <ele>15.826</ele>
            </trkpt>
            <trkpt lat="37.183419" lon="129.323509">
                <ele>15.503</ele>
            </trkpt>
            <trkpt lat="37.183543" lon="129.323351">
                <ele>15.803</ele>
            </trkpt>
            <trkpt lat="37.183825" lon="129.323468">
                <ele>17.652</ele>
            </trkpt>
            <trkpt lat="37.184107" lon="129.323585">
                <ele>18.0</ele>
            </trkpt>
            <trkpt lat="37.184208" lon="129.324042">
                <ele>19.864</ele>
            </trkpt>
            <trkpt lat="37.184266" lon="129.324376">
                <ele>23.873</ele>
            </trkpt>
            <trkpt lat="37.184306" lon="129.324553">
                <ele>26.876</ele>
            </trkpt>
            <trkpt lat="37.184367" lon="129.324642">
                <ele>29.253</ele>
            </trkpt>
            <trkpt lat="37.184479" lon="129.324691">
                <ele>32.172</ele>
            </trkpt>
            <trkpt lat="37.184669" lon="129.324652">
                <ele>35.031</ele>
            </trkpt>
            <trkpt lat="37.184789" lon="129.324594">
                <ele>36.097</ele>
            </trkpt>
            <trkpt lat="37.184849" lon="129.324662">
                <ele>37.7</ele>
            </trkpt>
            <trkpt lat="37.184905" lon="129.324709">
                <ele>38.846</ele>
            </trkpt>
            <trkpt lat="37.184984" lon="129.324709">
                <ele>39.727</ele>
            </trkpt>
            <trkpt lat="37.185081" lon="129.324709">
                <ele>40.793</ele>
            </trkpt>
            <trkpt lat="37.185182" lon="129.324752">
                <ele>41.755</ele>
            </trkpt>
            <trkpt lat="37.185233" lon="129.324829">
                <ele>41.549</ele>
            </trkpt>
            <trkpt lat="37.185302" lon="129.325124">
                <ele>37.457</ele>
            </trkpt>
            <trkpt lat="37.185481" lon="129.325133">
                <ele>38.24</ele>
            </trkpt>
            <trkpt lat="37.185622" lon="129.325088">
                <ele>40.739</ele>
            </trkpt>
            <trkpt lat="37.185672" lon="129.325097">
                <ele>41.232</ele>
            </trkpt>
            <trkpt lat="37.185904" lon="129.325281">
                <ele>39.159</ele>
            </trkpt>
            <trkpt lat="37.18609" lon="129.325447">
                <ele>34.487</ele>
            </trkpt>
            <trkpt lat="37.186165" lon="129.325599">
                <ele>30.13</ele>
            </trkpt>
            <trkpt lat="37.186219" lon="129.325737">
                <ele>27.07</ele>
            </trkpt>
            <trkpt lat="37.186296" lon="129.32585">
                <ele>25.111</ele>
            </trkpt>
            <trkpt lat="37.186368" lon="129.326005">
                <ele>23.424</ele>
            </trkpt>
            <trkpt lat="37.186423" lon="129.326193">
                <ele>21.865</ele>
            </trkpt>
            <trkpt lat="37.186459" lon="129.326439">
                <ele>20.712</ele>
            </trkpt>
            <trkpt lat="37.186544" lon="129.326806">
                <ele>21.338</ele>
            </trkpt>
            <trkpt lat="37.186616" lon="129.327108">
                <ele>21.818</ele>
            </trkpt>
            <trkpt lat="37.186688" lon="129.327352">
                <ele>21.61</ele>
            </trkpt>
            <trkpt lat="37.186721" lon="129.327467">
                <ele>21.314</ele>
            </trkpt>
            <trkpt lat="37.186918" lon="129.327842">
                <ele>20.466</ele>
            </trkpt>
            <trkpt lat="37.18717" lon="129.328282">
                <ele>22.431</ele>
            </trkpt>
            <trkpt lat="37.187444" lon="129.328668">
                <ele>22.105</ele>
            </trkpt>
            <trkpt lat="37.187762" lon="129.329066">
                <ele>22.099</ele>
            </trkpt>
            <trkpt lat="37.187905" lon="129.329195">
                <ele>21.987</ele>
            </trkpt>
            <trkpt lat="37.188185" lon="129.329353">
                <ele>22.632</ele>
            </trkpt>
            <trkpt lat="37.188606" lon="129.329452">
                <ele>25.091</ele>
            </trkpt>
            <trkpt lat="37.188873" lon="129.329433">
                <ele>24.094</ele>
            </trkpt>
            <trkpt lat="37.18903" lon="129.329417">
                <ele>24.607</ele>
            </trkpt>
            <trkpt lat="37.189281" lon="129.329428">
                <ele>25.471</ele>
            </trkpt>
            <trkpt lat="37.189308" lon="129.329493">
                <ele>25.855</ele>
            </trkpt>
            <trkpt lat="37.189172" lon="129.329717">
                <ele>27.925</ele>
            </trkpt>
            <trkpt lat="37.189082" lon="129.329839">
                <ele>29.761</ele>
            </trkpt>
            <trkpt lat="37.189004" lon="129.329901">
                <ele>31.119</ele>
            </trkpt>
            <trkpt lat="37.189171" lon="129.329941">
                <ele>31.135</ele>
            </trkpt>
            <trkpt lat="37.189335" lon="129.32998">
                <ele>31.106</ele>
            </trkpt>
            <trkpt lat="37.189514" lon="129.330032">
                <ele>30.73</ele>
            </trkpt>
            <trkpt lat="37.189636" lon="129.330063">
                <ele>30.074</ele>
            </trkpt>
            <trkpt lat="37.189693" lon="129.330078">
                <ele>29.772</ele>
            </trkpt>
            <trkpt lat="37.189919" lon="129.330139">
                <ele>29.647</ele>
            </trkpt>
            <trkpt lat="37.190109" lon="129.330185">
                <ele>29.867</ele>
            </trkpt>
            <trkpt lat="37.190323" lon="129.330246">
                <ele>30.542</ele>
            </trkpt>
            <trkpt lat="37.190403" lon="129.330276">
                <ele>30.974</ele>
            </trkpt>
            <trkpt lat="37.190571" lon="129.330307">
                <ele>31.582</ele>
            </trkpt>
            <trkpt lat="37.190826" lon="129.330368">
                <ele>33.598</ele>
            </trkpt>
            <trkpt lat="37.191067" lon="129.330399">
                <ele>34.549</ele>
            </trkpt>
            <trkpt lat="37.191284" lon="129.330429">
                <ele>36.456</ele>
            </trkpt>
            <trkpt lat="37.191284" lon="129.330429">
                <ele>36.456</ele>
            </trkpt>
            <trkpt lat="37.19128" lon="129.330429">
                <ele>36.428</ele>
            </trkpt>
            <trkpt lat="37.19128" lon="129.330429">
                <ele>36.428</ele>
            </trkpt>
            <trkpt lat="37.191284" lon="129.330429">
                <ele>36.456</ele>
            </trkpt>
            <trkpt lat="37.191261" lon="129.330567">
                <ele>38.828</ele>
            </trkpt>
            <trkpt lat="37.191325" lon="129.330586">
                <ele>39.537</ele>
            </trkpt>
            <trkpt lat="37.191394" lon="129.330588">
                <ele>39.795</ele>
            </trkpt>
            <trkpt lat="37.191628" lon="129.330597">
                <ele>38.927</ele>
            </trkpt>
            <trkpt lat="37.191841" lon="129.330582">
                <ele>38.476</ele>
            </trkpt>
            <trkpt lat="37.192051" lon="129.330551">
                <ele>38.712</ele>
            </trkpt>
            <trkpt lat="37.192154" lon="129.330551">
                <ele>39.447</ele>
            </trkpt>
            <trkpt lat="37.192169" lon="129.330536">
                <ele>39.349</ele>
            </trkpt>
            <trkpt lat="37.192386" lon="129.33052">
                <ele>39.563</ele>
            </trkpt>
            <trkpt lat="37.19261" lon="129.330485">
                <ele>40.527</ele>
            </trkpt>
            <trkpt lat="37.192815" lon="129.330445">
                <ele>42.793</ele>
            </trkpt>
            <trkpt lat="37.193009" lon="129.330445">
                <ele>45.865</ele>
            </trkpt>
            <trkpt lat="37.19312" lon="129.33046">
                <ele>47.584</ele>
            </trkpt>
            <trkpt lat="37.193359" lon="129.330551">
                <ele>51.349</ele>
            </trkpt>
            <trkpt lat="37.193535" lon="129.330688">
                <ele>53.688</ele>
            </trkpt>
            <trkpt lat="37.193693" lon="129.330868">
                <ele>55.179</ele>
            </trkpt>
            <trkpt lat="37.19384" lon="129.331102">
                <ele>57.296</ele>
            </trkpt>
            <trkpt lat="37.193991" lon="129.331312">
                <ele>58.735</ele>
            </trkpt>
            <trkpt lat="37.194094" lon="129.331511">
                <ele>59.267</ele>
            </trkpt>
            <trkpt lat="37.19421" lon="129.331848">
                <ele>58.946</ele>
            </trkpt>
            <trkpt lat="37.194256" lon="129.332153">
                <ele>59.751</ele>
            </trkpt>
            <trkpt lat="37.194252" lon="129.332443">
                <ele>61.345</ele>
            </trkpt>
            <trkpt lat="37.194251" lon="129.332801">
                <ele>64.585</ele>
            </trkpt>
            <trkpt lat="37.194279" lon="129.333245">
                <ele>68.787</ele>
            </trkpt>
            <trkpt lat="37.194304" lon="129.333568">
                <ele>72.096</ele>
            </trkpt>
            <trkpt lat="37.194354" lon="129.333763">
                <ele>74.854</ele>
            </trkpt>
            <trkpt lat="37.194438" lon="129.333972">
                <ele>78.489</ele>
            </trkpt>
            <trkpt lat="37.194534" lon="129.334183">
                <ele>79.932</ele>
            </trkpt>
            <trkpt lat="37.194676" lon="129.334392">
                <ele>83.087</ele>
            </trkpt>
            <trkpt lat="37.194857" lon="129.334591">
                <ele>85.465</ele>
            </trkpt>
            <trkpt lat="37.195025" lon="129.334797">
                <ele>89.745</ele>
            </trkpt>
            <trkpt lat="37.195144" lon="129.334933">
                <ele>91.21</ele>
            </trkpt>
            <trkpt lat="37.19519" lon="129.334988">
                <ele>91.609</ele>
            </trkpt>
            <trkpt lat="37.195286" lon="129.335098">
                <ele>91.969</ele>
            </trkpt>
            <trkpt lat="37.195337" lon="129.335154">
                <ele>92.26</ele>
            </trkpt>
            <trkpt lat="37.195522" lon="129.335327">
                <ele>92.334</ele>
            </trkpt>
            <trkpt lat="37.195687" lon="129.33552">
                <ele>94.015</ele>
            </trkpt>
            <trkpt lat="37.195839" lon="129.335693">
                <ele>94.525</ele>
            </trkpt>
            <trkpt lat="37.195989" lon="129.33588">
                <ele>95.563</ele>
            </trkpt>
            <trkpt lat="37.196066" lon="129.336067">
                <ele>94.583</ele>
            </trkpt>
            <trkpt lat="37.196136" lon="129.336197">
                <ele>93.93</ele>
            </trkpt>
            <trkpt lat="37.196315" lon="129.336441">
                <ele>93.416</ele>
            </trkpt>
            <trkpt lat="37.196406" lon="129.336593">
                <ele>92.589</ele>
            </trkpt>
            <trkpt lat="37.196579" lon="129.336777">
                <ele>90.56</ele>
            </trkpt>
            <trkpt lat="37.196785" lon="129.336914">
                <ele>89.441</ele>
            </trkpt>
            <trkpt lat="37.196984" lon="129.336987">
                <ele>89.872</ele>
            </trkpt>
            <trkpt lat="37.197069" lon="129.337027">
                <ele>88.569</ele>
            </trkpt>
            <trkpt lat="37.197316" lon="129.337099">
                <ele>85.088</ele>
            </trkpt>
            <trkpt lat="37.19754" lon="129.337186">
                <ele>81.168</ele>
            </trkpt>
            <trkpt lat="37.197723" lon="129.337238">
                <ele>78.1</ele>
            </trkpt>
            <trkpt lat="37.197954" lon="129.337334">
                <ele>76.784</ele>
            </trkpt>
            <trkpt lat="37.198204" lon="129.337415">
                <ele>75.405</ele>
            </trkpt>
            <trkpt lat="37.198422" lon="129.337491">
                <ele>74.459</ele>
            </trkpt>
            <trkpt lat="37.198624" lon="129.337537">
                <ele>74.699</ele>
            </trkpt>
            <trkpt lat="37.198826" lon="129.337598">
                <ele>75.762</ele>
            </trkpt>
            <trkpt lat="37.199009" lon="129.337643">
                <ele>76.625</ele>
            </trkpt>
            <trkpt lat="37.199224" lon="129.337683">
                <ele>77.96</ele>
            </trkpt>
            <trkpt lat="37.199444" lon="129.337692">
                <ele>80.304</ele>
            </trkpt>
            <trkpt lat="37.199638" lon="129.337616">
                <ele>81.976</ele>
            </trkpt>
            <trkpt lat="37.199806" lon="129.337524">
                <ele>83.267</ele>
            </trkpt>
            <trkpt lat="37.200016" lon="129.337402">
                <ele>84.74</ele>
            </trkpt>
            <trkpt lat="37.200207" lon="129.337265">
                <ele>84.661</ele>
            </trkpt>
            <trkpt lat="37.200375" lon="129.337143">
                <ele>83.406</ele>
            </trkpt>
            <trkpt lat="37.200542" lon="129.337036">
                <ele>80.607</ele>
            </trkpt>
            <trkpt lat="37.200706" lon="129.336975">
                <ele>77.283</ele>
            </trkpt>
            <trkpt lat="37.200892" lon="129.336957">
                <ele>73.256</ele>
            </trkpt>
            <trkpt lat="37.201069" lon="129.33696">
                <ele>68.109</ele>
            </trkpt>
            <trkpt lat="37.20126" lon="129.337006">
                <ele>64.592</ele>
            </trkpt>
            <trkpt lat="37.201462" lon="129.337082">
                <ele>62.449</ele>
            </trkpt>
            <trkpt lat="37.201653" lon="129.337189">
                <ele>61.841</ele>
            </trkpt>
            <trkpt lat="37.201824" lon="129.337341">
                <ele>59.546</ele>
            </trkpt>
            <trkpt lat="37.202007" lon="129.337585">
                <ele>53.164</ele>
            </trkpt>
            <trkpt lat="37.202206" lon="129.337845">
                <ele>48.032</ele>
            </trkpt>
            <trkpt lat="37.202354" lon="129.338058">
                <ele>45.927</ele>
            </trkpt>
            <trkpt lat="37.202469" lon="129.338181">
                <ele>45.472</ele>
            </trkpt>
            <trkpt lat="37.20261" lon="129.338379">
                <ele>44.238</ele>
            </trkpt>
            <trkpt lat="37.202789" lon="129.338547">
                <ele>40.448</ele>
            </trkpt>
            <trkpt lat="37.202984" lon="129.338623">
                <ele>39.821</ele>
            </trkpt>
            <trkpt lat="37.203232" lon="129.338699">
                <ele>41.414</ele>
            </trkpt>
            <trkpt lat="37.203426" lon="129.338776">
                <ele>43.586</ele>
            </trkpt>
            <trkpt lat="37.203601" lon="129.338845">
                <ele>46.009</ele>
            </trkpt>
            <trkpt lat="37.203717" lon="129.338956">
                <ele>45.259</ele>
            </trkpt>
            <trkpt lat="37.203824" lon="129.339099">
                <ele>44.687</ele>
            </trkpt>
            <trkpt lat="37.203983" lon="129.339312">
                <ele>46.002</ele>
            </trkpt>
            <trkpt lat="37.204123" lon="129.339516">
                <ele>49.753</ele>
            </trkpt>
            <trkpt lat="37.204268" lon="129.339733">
                <ele>55.249</ele>
            </trkpt>
            <trkpt lat="37.204421" lon="129.339956">
                <ele>57.936</ele>
            </trkpt>
            <trkpt lat="37.204538" lon="129.340107">
                <ele>60.917</ele>
            </trkpt>
            <trkpt lat="37.204647" lon="129.340219">
                <ele>63.591</ele>
            </trkpt>
            <trkpt lat="37.204734" lon="129.340301">
                <ele>65.577</ele>
            </trkpt>
            <trkpt lat="37.204888" lon="129.340375">
                <ele>68.511</ele>
            </trkpt>
            <trkpt lat="37.205096" lon="129.340438">
                <ele>70.938</ele>
            </trkpt>
            <trkpt lat="37.205308" lon="129.340492">
                <ele>72.412</ele>
            </trkpt>
            <trkpt lat="37.205516" lon="129.340545">
                <ele>72.993</ele>
            </trkpt>
            <trkpt lat="37.205826" lon="129.340619">
                <ele>71.864</ele>
            </trkpt>
            <trkpt lat="37.206215" lon="129.340729">
                <ele>71.002</ele>
            </trkpt>
            <trkpt lat="37.206295" lon="129.340744">
                <ele>71.254</ele>
            </trkpt>
            <trkpt lat="37.206429" lon="129.34079">
                <ele>71.757</ele>
            </trkpt>
            <trkpt lat="37.206593" lon="129.34082">
                <ele>74.626</ele>
            </trkpt>
            <trkpt lat="37.20673" lon="129.340866">
                <ele>75.914</ele>
            </trkpt>
            <trkpt lat="37.206913" lon="129.340897">
                <ele>77.463</ele>
            </trkpt>
            <trkpt lat="37.207081" lon="129.340942">
                <ele>78.519</ele>
            </trkpt>
            <trkpt lat="37.207283" lon="129.340988">
                <ele>79.969</ele>
            </trkpt>
            <trkpt lat="37.207317" lon="129.340988">
                <ele>80.391</ele>
            </trkpt>
            <trkpt lat="37.207485" lon="129.340988">
                <ele>82.473</ele>
            </trkpt>
            <trkpt lat="37.20763" lon="129.340973">
                <ele>85.093</ele>
            </trkpt>
            <trkpt lat="37.207798" lon="129.340942">
                <ele>88.029</ele>
            </trkpt>
            <trkpt lat="37.207993" lon="129.340866">
                <ele>90.379</ele>
            </trkpt>
            <trkpt lat="37.208179" lon="129.340744">
                <ele>93.278</ele>
            </trkpt>
            <trkpt lat="37.208319" lon="129.340648">
                <ele>95.495</ele>
            </trkpt>
            <trkpt lat="37.208458" lon="129.340556">
                <ele>97.344</ele>
            </trkpt>
            <trkpt lat="37.208572" lon="129.340469">
                <ele>100.671</ele>
            </trkpt>
            <trkpt lat="37.208687" lon="129.340363">
                <ele>102.548</ele>
            </trkpt>
            <trkpt lat="37.208797" lon="129.340256">
                <ele>102.481</ele>
            </trkpt>
            <trkpt lat="37.208968" lon="129.340125">
                <ele>99.954</ele>
            </trkpt>
            <trkpt lat="37.209167" lon="129.339966">
                <ele>92.727</ele>
            </trkpt>
            <trkpt lat="37.209339" lon="129.339828">
                <ele>91.993</ele>
            </trkpt>
            <trkpt lat="37.209435" lon="129.339737">
                <ele>91.885</ele>
            </trkpt>
            <trkpt lat="37.209427" lon="129.339767">
                <ele>91.41</ele>
            </trkpt>
            <trkpt lat="37.209415" lon="129.339767">
                <ele>91.669</ele>
            </trkpt>
            <trkpt lat="37.209415" lon="129.339767">
                <ele>91.669</ele>
            </trkpt>
            <trkpt lat="37.209412" lon="129.339752">
                <ele>92.058</ele>
            </trkpt>
            <trkpt lat="37.209412" lon="129.339752">
                <ele>92.058</ele>
            </trkpt>
            <trkpt lat="37.209412" lon="129.339752">
                <ele>92.058</ele>
            </trkpt>
            <trkpt lat="37.209412" lon="129.339752">
                <ele>92.058</ele>
            </trkpt>
            <trkpt lat="37.209488" lon="129.339676">
                <ele>92.032</ele>
            </trkpt>
            <trkpt lat="37.209641" lon="129.339539">
                <ele>91.245</ele>
            </trkpt>
            <trkpt lat="37.209759" lon="129.339417">
                <ele>90.666</ele>
            </trkpt>
            <trkpt lat="37.209888" lon="129.339264">
                <ele>90.72</ele>
            </trkpt>
            <trkpt lat="37.210014" lon="129.339066">
                <ele>90.501</ele>
            </trkpt>
            <trkpt lat="37.210094" lon="129.338913">
                <ele>88.988</ele>
            </trkpt>
            <trkpt lat="37.210205" lon="129.33873">
                <ele>86.326</ele>
            </trkpt>
            <trkpt lat="37.210308" lon="129.338516">
                <ele>84.316</ele>
            </trkpt>
            <trkpt lat="37.210423" lon="129.338333">
                <ele>82.253</ele>
            </trkpt>
            <trkpt lat="37.210514" lon="129.33815">
                <ele>80.724</ele>
            </trkpt>
            <trkpt lat="37.210613" lon="129.337982">
                <ele>79.195</ele>
            </trkpt>
            <trkpt lat="37.210747" lon="129.337799">
                <ele>77.894</ele>
            </trkpt>
            <trkpt lat="37.210869" lon="129.337677">
                <ele>76.785</ele>
            </trkpt>
            <trkpt lat="37.210926" lon="129.337631">
                <ele>76.742</ele>
            </trkpt>
            <trkpt lat="37.21096" lon="129.337616">
                <ele>76.57</ele>
            </trkpt>
            <trkpt lat="37.211018" lon="129.337579">
                <ele>76.341</ele>
            </trkpt>
            <trkpt lat="37.211096" lon="129.337554">
                <ele>75.764</ele>
            </trkpt>
            <trkpt lat="37.21134" lon="129.337485">
                <ele>77.918</ele>
            </trkpt>
            <trkpt lat="37.211494" lon="129.337402">
                <ele>80.766</ele>
            </trkpt>
            <trkpt lat="37.211643" lon="129.337341">
                <ele>83.083</ele>
            </trkpt>
            <trkpt lat="37.211815" lon="129.337296">
                <ele>84.647</ele>
            </trkpt>
            <trkpt lat="37.211967" lon="129.337234">
                <ele>85.296</ele>
            </trkpt>
            <trkpt lat="37.212139" lon="129.337173">
                <ele>86.658</ele>
            </trkpt>
            <trkpt lat="37.212288" lon="129.337128">
                <ele>87.354</ele>
            </trkpt>
            <trkpt lat="37.212429" lon="129.337067">
                <ele>87.998</ele>
            </trkpt>
            <trkpt lat="37.212585" lon="129.337021">
                <ele>89.189</ele>
            </trkpt>
            <trkpt lat="37.212827" lon="129.336947">
                <ele>90.766</ele>
            </trkpt>
            <trkpt lat="37.213044" lon="129.336877">
                <ele>92.893</ele>
            </trkpt>
            <trkpt lat="37.213284" lon="129.336823">
                <ele>94.718</ele>
            </trkpt>
            <trkpt lat="37.213469" lon="129.336789">
                <ele>95.523</ele>
            </trkpt>
            <trkpt lat="37.213552" lon="129.336786">
                <ele>95.955</ele>
            </trkpt>
            <trkpt lat="37.213657" lon="129.336806">
                <ele>96.504</ele>
            </trkpt>
            <trkpt lat="37.213772" lon="129.336868">
                <ele>96.654</ele>
            </trkpt>
            <trkpt lat="37.213886" lon="129.336942">
                <ele>96.029</ele>
            </trkpt>
            <trkpt lat="37.214027" lon="129.337036">
                <ele>93.022</ele>
            </trkpt>
            <trkpt lat="37.214386" lon="129.337341">
                <ele>83.311</ele>
            </trkpt>
            <trkpt lat="37.214596" lon="129.337494">
                <ele>80.667</ele>
            </trkpt>
            <trkpt lat="37.214771" lon="129.337616">
                <ele>79.043</ele>
            </trkpt>
            <trkpt lat="37.215051" lon="129.337854">
                <ele>73.22</ele>
            </trkpt>
            <trkpt lat="37.215302" lon="129.338052">
                <ele>69.064</ele>
            </trkpt>
            <trkpt lat="37.215492" lon="129.338181">
                <ele>66.29</ele>
            </trkpt>
            <trkpt lat="37.215652" lon="129.338318">
                <ele>63.678</ele>
            </trkpt>
            <trkpt lat="37.215809" lon="129.338455">
                <ele>61.684</ele>
            </trkpt>
            <trkpt lat="37.215935" lon="129.338562">
                <ele>59.819</ele>
            </trkpt>
            <trkpt lat="37.216084" lon="129.338699">
                <ele>58.591</ele>
            </trkpt>
            <trkpt lat="37.216251" lon="129.338852">
                <ele>57.059</ele>
            </trkpt>
            <trkpt lat="37.216404" lon="129.33902">
                <ele>56.523</ele>
            </trkpt>
            <trkpt lat="37.216557" lon="129.339157">
                <ele>58.133</ele>
            </trkpt>
            <trkpt lat="37.21674" lon="129.339294">
                <ele>60.445</ele>
            </trkpt>
            <trkpt lat="37.216923" lon="129.339401">
                <ele>62.533</ele>
            </trkpt>
            <trkpt lat="37.217098" lon="129.339462">
                <ele>64.75</ele>
            </trkpt>
            <trkpt lat="37.217239" lon="129.339508">
                <ele>66.457</ele>
            </trkpt>
            <trkpt lat="37.217369" lon="129.339554">
                <ele>68.3</ele>
            </trkpt>
            <trkpt lat="37.217506" lon="129.3396">
                <ele>70.111</ele>
            </trkpt>
            <trkpt lat="37.217663" lon="129.33963">
                <ele>73.131</ele>
            </trkpt>
            <trkpt lat="37.217808" lon="129.33963">
                <ele>76.17</ele>
            </trkpt>
            <trkpt lat="37.217949" lon="129.3396">
                <ele>79.78</ele>
            </trkpt>
            <trkpt lat="37.218076" lon="129.339574">
                <ele>82.654</ele>
            </trkpt>
            <trkpt lat="37.218193" lon="129.339508">
                <ele>83.284</ele>
            </trkpt>
            <trkpt lat="37.218353" lon="129.339417">
                <ele>83.634</ele>
            </trkpt>
            <trkpt lat="37.218502" lon="129.339279">
                <ele>82.971</ele>
            </trkpt>
            <trkpt lat="37.218613" lon="129.339172">
                <ele>83.124</ele>
            </trkpt>
            <trkpt lat="37.218632" lon="129.339142">
                <ele>83.198</ele>
            </trkpt>
            <trkpt lat="37.218746" lon="129.338974">
                <ele>84.972</ele>
            </trkpt>
            <trkpt lat="37.21883" lon="129.338821">
                <ele>88.016</ele>
            </trkpt>
            <trkpt lat="37.218925" lon="129.338654">
                <ele>91.666</ele>
            </trkpt>
            <trkpt lat="37.219021" lon="129.338501">
                <ele>94.458</ele>
            </trkpt>
            <trkpt lat="37.219128" lon="129.338379">
                <ele>97.117</ele>
            </trkpt>
            <trkpt lat="37.219143" lon="129.338364">
                <ele>97.454</ele>
            </trkpt>
            <trkpt lat="37.219257" lon="129.338226">
                <ele>98.847</ele>
            </trkpt>
            <trkpt lat="37.219414" lon="129.338135">
                <ele>99.047</ele>
            </trkpt>
            <trkpt lat="37.219597" lon="129.33812">
                <ele>97.352</ele>
            </trkpt>
            <trkpt lat="37.219776" lon="129.338135">
                <ele>93.843</ele>
            </trkpt>
            <trkpt lat="37.219948" lon="129.338181">
                <ele>87.348</ele>
            </trkpt>
            <trkpt lat="37.220119" lon="129.338242">
                <ele>81.865</ele>
            </trkpt>
            <trkpt lat="37.220337" lon="129.338318">
                <ele>74.397</ele>
            </trkpt>
            <trkpt lat="37.220524" lon="129.338379">
                <ele>68.472</ele>
            </trkpt>
            <trkpt lat="37.220741" lon="129.33847">
                <ele>63.207</ele>
            </trkpt>
            <trkpt lat="37.220955" lon="129.338531">
                <ele>60.709</ele>
            </trkpt>
            <trkpt lat="37.221142" lon="129.338577">
                <ele>60.661</ele>
            </trkpt>
            <trkpt lat="37.221336" lon="129.338638">
                <ele>62.467</ele>
            </trkpt>
            <trkpt lat="37.221531" lon="129.338684">
                <ele>64.984</ele>
            </trkpt>
            <trkpt lat="37.221722" lon="129.338745">
                <ele>67.097</ele>
            </trkpt>
            <trkpt lat="37.222071" lon="129.338835">
                <ele>72.51</ele>
            </trkpt>
            <trkpt lat="37.222294" lon="129.338989">
                <ele>71.57</ele>
            </trkpt>
            <trkpt lat="37.222532" lon="129.339084">
                <ele>67.112</ele>
            </trkpt>
            <trkpt lat="37.22266" lon="129.339127">
                <ele>64.583</ele>
            </trkpt>
            <trkpt lat="37.22274" lon="129.339172">
                <ele>62.075</ele>
            </trkpt>
            <trkpt lat="37.222942" lon="129.339249">
                <ele>61.576</ele>
            </trkpt>
            <trkpt lat="37.223145" lon="129.339325">
                <ele>61.974</ele>
            </trkpt>
            <trkpt lat="37.223301" lon="129.339401">
                <ele>61.197</ele>
            </trkpt>
            <trkpt lat="37.223434" lon="129.339462">
                <ele>61.905</ele>
            </trkpt>
            <trkpt lat="37.223579" lon="129.339539">
                <ele>62.787</ele>
            </trkpt>
            <trkpt lat="37.22374" lon="129.33963">
                <ele>63.414</ele>
            </trkpt>
            <trkpt lat="37.223904" lon="129.339737">
                <ele>63.366</ele>
            </trkpt>
            <trkpt lat="37.224083" lon="129.339828">
                <ele>60.702</ele>
            </trkpt>
            <trkpt lat="37.224216" lon="129.339905">
                <ele>57.589</ele>
            </trkpt>
            <trkpt lat="37.2244" lon="129.340012">
                <ele>52.012</ele>
            </trkpt>
            <trkpt lat="37.224558" lon="129.34009">
                <ele>47.65</ele>
            </trkpt>
            <trkpt lat="37.22472" lon="129.340149">
                <ele>45.397</ele>
            </trkpt>
            <trkpt lat="37.224872" lon="129.340162">
                <ele>45.387</ele>
            </trkpt>
            <trkpt lat="37.22506" lon="129.340149">
                <ele>45.931</ele>
            </trkpt>
            <trkpt lat="37.225239" lon="129.340103">
                <ele>45.747</ele>
            </trkpt>
            <trkpt lat="37.225399" lon="129.340027">
                <ele>45.622</ele>
            </trkpt>
            <trkpt lat="37.225553" lon="129.339948">
                <ele>44.184</ele>
            </trkpt>
            <trkpt lat="37.225693" lon="129.339854">
                <ele>41.65</ele>
            </trkpt>
            <trkpt lat="37.225803" lon="129.339737">
                <ele>39.072</ele>
            </trkpt>
            <trkpt lat="37.225903" lon="129.339554">
                <ele>39.078</ele>
            </trkpt>
            <trkpt lat="37.225979" lon="129.339371">
                <ele>39.643</ele>
            </trkpt>
            <trkpt lat="37.226158" lon="129.338927">
                <ele>38.16</ele>
            </trkpt>
            <trkpt lat="37.226199" lon="129.338815">
                <ele>38.146</ele>
            </trkpt>
            <trkpt lat="37.226299" lon="129.338664">
                <ele>35.77</ele>
            </trkpt>
            <trkpt lat="37.226413" lon="129.338581">
                <ele>32.461</ele>
            </trkpt>
            <trkpt lat="37.226522" lon="129.33858">
                <ele>31.132</ele>
            </trkpt>
            <trkpt lat="37.226596" lon="129.338632">
                <ele>29.744</ele>
            </trkpt>
            <trkpt lat="37.226654" lon="129.338711">
                <ele>29.12</ele>
            </trkpt>
            <trkpt lat="37.226712" lon="129.338868">
                <ele>30.13</ele>
            </trkpt>
            <trkpt lat="37.226749" lon="129.339172">
                <ele>30.294</ele>
            </trkpt>
            <trkpt lat="37.226753" lon="129.339401">
                <ele>27.112</ele>
            </trkpt>
            <trkpt lat="37.226749" lon="129.339569">
                <ele>24.893</ele>
            </trkpt>
            <trkpt lat="37.226745" lon="129.339901">
                <ele>20.763</ele>
            </trkpt>
            <trkpt lat="37.226745" lon="129.340185">
                <ele>18.394</ele>
            </trkpt>
            <trkpt lat="37.226746" lon="129.340469">
                <ele>16.086</ele>
            </trkpt>
            <trkpt lat="37.226783" lon="129.340725">
                <ele>13.655</ele>
            </trkpt>
            <trkpt lat="37.226845" lon="129.340912">
                <ele>11.998</ele>
            </trkpt>
            <trkpt lat="37.226883" lon="129.340988">
                <ele>11.357</ele>
            </trkpt>
            <trkpt lat="37.22699" lon="129.34112">
                <ele>10.354</ele>
            </trkpt>
            <trkpt lat="37.227116" lon="129.341217">
                <ele>9.857</ele>
            </trkpt>
            <trkpt lat="37.227051599" lon="129.341434786">
                <ele>5.954</ele>
            </trkpt>
            <trkpt lat="37.226950099" lon="129.341874186"/>
            <trkpt lat="37.226848417" lon="129.342313777">
                <ele>0.0</ele>
            </trkpt>
            <trkpt lat="37.226908899" lon="129.3423572">
                <ele>0.0</ele>
            </trkpt>
            <trkpt lat="37.226874321" lon="129.342454862">
                <ele>0.0</ele>
            </trkpt>
            <trkpt lat="37.227129121" lon="129.342530862"/>
            <trkpt lat="37.227384124" lon="129.342606907">
                <ele>0.0</ele>
            </trkpt>
            <trkpt lat="37.227634706" lon="129.342672076">
                <ele>1.107</ele>
            </trkpt>
            <trkpt lat="37.228045133" lon="129.342834953">
                <ele>4.416</ele>
            </trkpt>
            <trkpt lat="37.228386443" lon="129.342910997">
                <ele>2.941</ele>
            </trkpt>
            <trkpt lat="37.228511745" lon="129.342862189">
                <ele>2.945</ele>
            </trkpt>
            <trkpt lat="37.228667282" lon="129.342873076">
                <ele>2.859</ele>
            </trkpt>
            <trkpt lat="37.229008593" lon="129.342949121">
                <ele>3.383</ele>
            </trkpt>
            <trkpt lat="37.229319659" lon="129.343036012">
                <ele>3.582</ele>
            </trkpt>
            <trkpt lat="37.229587524" lon="129.343090336">
                <ele>4.515</ele>
            </trkpt>
            <trkpt lat="37.229950437" lon="129.343188094">
                <ele>5.822</ele>
            </trkpt>
            <trkpt lat="37.230019572" lon="129.343150126">
                <ele>5.954</ele>
            </trkpt>
            <trkpt lat="37.23001093" lon="129.34315555">
                <ele>5.975</ele>
            </trkpt>
            <trkpt lat="37.230123261" lon="129.343177281">
                <ele>5.751</ele>
            </trkpt>
            <trkpt lat="37.230179499" lon="129.342683494">
                <ele>7.676</ele>
            </trkpt>
            <trkpt lat="37.23033" lon="129.342629">
                <ele>9.603</ele>
            </trkpt>
            <trkpt lat="37.230521" lon="129.342669">
                <ele>9.911</ele>
            </trkpt>
            <trkpt lat="37.230693" lon="129.342654">
                <ele>9.903</ele>
            </trkpt>
            <trkpt lat="37.230877" lon="129.342575">
                <ele>10.306</ele>
            </trkpt>
            <trkpt lat="37.230938" lon="129.342545">
                <ele>10.243</ele>
            </trkpt>
            <trkpt lat="37.230946" lon="129.342545">
                <ele>10.17</ele>
            </trkpt>
            <trkpt lat="37.231153" lon="129.342532">
                <ele>8.619</ele>
            </trkpt>
            <trkpt lat="37.231321" lon="129.342546">
                <ele>7.913</ele>
            </trkpt>
            <trkpt lat="37.231483" lon="129.342606">
                <ele>6.559</ele>
            </trkpt>
            <trkpt lat="37.231618" lon="129.342648">
                <ele>5.285</ele>
            </trkpt>
            <trkpt lat="37.231758" lon="129.34271">
                <ele>4.408</ele>
            </trkpt>
            <trkpt lat="37.231911" lon="129.342792">
                <ele>4.0</ele>
            </trkpt>
            <trkpt lat="37.232227" lon="129.342957">
                <ele>5.662</ele>
            </trkpt>
            <trkpt lat="37.232265" lon="129.342972">
                <ele>5.853</ele>
            </trkpt>
            <trkpt lat="37.232456" lon="129.343048">
                <ele>6.814</ele>
            </trkpt>
            <trkpt lat="37.23259" lon="129.343109">
                <ele>7.192</ele>
            </trkpt>
            <trkpt lat="37.232761" lon="129.343185">
                <ele>7.466</ele>
            </trkpt>
            <trkpt lat="37.232922" lon="129.343262">
                <ele>7.357</ele>
            </trkpt>
            <trkpt lat="37.232922" lon="129.343262">
                <ele>7.357</ele>
            </trkpt>
            <trkpt lat="37.232952" lon="129.343262">
                <ele>7.277</ele>
            </trkpt>
            <trkpt lat="37.233135" lon="129.343277">
                <ele>7.058</ele>
            </trkpt>
            <trkpt lat="37.233143" lon="129.343262">
                <ele>7.081</ele>
            </trkpt>
            <trkpt lat="37.233315" lon="129.343155">
                <ele>7.6</ele>
            </trkpt>
            <trkpt lat="37.233693" lon="129.342853">
                <ele>8.0</ele>
            </trkpt>
            <trkpt lat="37.23391" lon="129.342669">
                <ele>7.954</ele>
            </trkpt>
            <trkpt lat="37.234127" lon="129.342484">
                <ele>8.0</ele>
            </trkpt>
            <trkpt lat="37.234395" lon="129.342254">
                <ele>8.728</ele>
            </trkpt>
            <trkpt lat="37.234663" lon="129.342024">
                <ele>9.561</ele>
            </trkpt>
            <trkpt lat="37.23493" lon="129.341794">
                <ele>8.504</ele>
            </trkpt>
            <trkpt lat="37.235148" lon="129.341628">
                <ele>7.148</ele>
            </trkpt>
            <trkpt lat="37.235367" lon="129.341462">
                <ele>7.558</ele>
            </trkpt>
            <trkpt lat="37.235315" lon="129.341375">
                <ele>8.1</ele>
            </trkpt>
            <trkpt lat="37.235584" lon="129.341151">
                <ele>9.713</ele>
            </trkpt>
            <trkpt lat="37.23588" lon="129.340958">
                <ele>10.917</ele>
            </trkpt>
            <trkpt lat="37.236131" lon="129.34086">
                <ele>9.922</ele>
            </trkpt>
            <trkpt lat="37.236382" lon="129.340762">
                <ele>9.031</ele>
            </trkpt>
            <trkpt lat="37.236618" lon="129.340683">
                <ele>8.622</ele>
            </trkpt>
            <trkpt lat="37.23662" lon="129.340652">
                <ele>8.711</ele>
            </trkpt>
            <trkpt lat="37.236513" lon="129.340475">
                <ele>9.45</ele>
            </trkpt>
            <trkpt lat="37.236431" lon="129.340271">
                <ele>10.852</ele>
            </trkpt>
            <trkpt lat="37.236374" lon="129.340027">
                <ele>11.054</ele>
            </trkpt>
            <trkpt lat="37.236343" lon="129.339828">
                <ele>11.165</ele>
            </trkpt>
            <trkpt lat="37.236294" lon="129.339584">
                <ele>11.172</ele>
            </trkpt>
            <trkpt lat="37.236269" lon="129.339302">
                <ele>11.0</ele>
            </trkpt>
            <trkpt lat="37.236244" lon="129.33902">
                <ele>11.253</ele>
            </trkpt>
            <trkpt lat="37.236206" lon="129.33876">
                <ele>12.111</ele>
            </trkpt>
            <trkpt lat="37.236182" lon="129.338519">
                <ele>13.085</ele>
            </trkpt>
            <trkpt lat="37.236163" lon="129.33829">
                <ele>13.06</ele>
            </trkpt>
            <trkpt lat="37.236136" lon="129.338061">
                <ele>12.197</ele>
            </trkpt>
            <trkpt lat="37.236102" lon="129.337817">
                <ele>12.0</ele>
            </trkpt>
            <trkpt lat="37.236075" lon="129.337618">
                <ele>12.075</ele>
            </trkpt>
            <trkpt lat="37.23605" lon="129.337379">
                <ele>12.56</ele>
            </trkpt>
            <trkpt lat="37.236013" lon="129.33705">
                <ele>13.182</ele>
            </trkpt>
            <trkpt lat="37.235989" lon="129.336538">
                <ele>13.227</ele>
            </trkpt>
            <trkpt lat="37.236038" lon="129.336243">
                <ele>14.387</ele>
            </trkpt>
            <trkpt lat="37.236087" lon="129.335947">
                <ele>14.964</ele>
            </trkpt>
            <trkpt lat="37.236102" lon="129.335856">
                <ele>14.997</ele>
            </trkpt>
            <trkpt lat="37.236152" lon="129.335642">
                <ele>15.983</ele>
            </trkpt>
            <trkpt lat="37.236186" lon="129.335452">
                <ele>17.084</ele>
            </trkpt>
            <trkpt lat="37.236239" lon="129.335224">
                <ele>18.0</ele>
            </trkpt>
            <trkpt lat="37.236312" lon="129.335025">
                <ele>18.0</ele>
            </trkpt>
            <trkpt lat="37.236364" lon="129.334901">
                <ele>17.739</ele>
            </trkpt>
            <trkpt lat="37.236407" lon="129.334781">
                <ele>17.212</ele>
            </trkpt>
            <trkpt lat="37.236518" lon="129.334513">
                <ele>16.65</ele>
            </trkpt>
            <trkpt lat="37.236629" lon="129.334244">
                <ele>16.759</ele>
            </trkpt>
            <trkpt lat="37.236706" lon="129.334045">
                <ele>17.0</ele>
            </trkpt>
            <trkpt lat="37.236755" lon="129.333847">
                <ele>16.897</ele>
            </trkpt>
            <trkpt lat="37.236814" lon="129.333633">
                <ele>16.567</ele>
            </trkpt>
            <trkpt lat="37.236846" lon="129.333507">
                <ele>16.911</ele>
            </trkpt>
            <trkpt lat="37.236879" lon="129.333362">
                <ele>17.187</ele>
            </trkpt>
            <trkpt lat="37.236923" lon="129.333145">
                <ele>17.703</ele>
            </trkpt>
            <trkpt lat="37.236943" lon="129.332831">
                <ele>18.808</ele>
            </trkpt>
            <trkpt lat="37.236927" lon="129.332376">
                <ele>17.972</ele>
            </trkpt>
            <trkpt lat="37.236912" lon="129.331922">
                <ele>16.991</ele>
            </trkpt>
            <trkpt lat="37.236928" lon="129.331466">
                <ele>16.261</ele>
            </trkpt>
            <trkpt lat="37.236944" lon="129.331011">
                <ele>18.721</ele>
            </trkpt>
            <trkpt lat="37.236949" lon="129.330544">
                <ele>20.959</ele>
            </trkpt>
            <trkpt lat="37.236953" lon="129.330077">
                <ele>20.009</ele>
            </trkpt>
            <trkpt lat="37.237037" lon="129.329629">
                <ele>20.336</ele>
            </trkpt>
            <trkpt lat="37.23714" lon="129.329358">
                <ele>21.311</ele>
            </trkpt>
            <trkpt lat="37.237244" lon="129.329086">
                <ele>22.212</ele>
            </trkpt>
            <trkpt lat="37.237316" lon="129.328934">
                <ele>22.5</ele>
            </trkpt>
            <trkpt lat="37.237399" lon="129.32879">
                <ele>22.72</ele>
            </trkpt>
            <trkpt lat="37.237475" lon="129.328668">
                <ele>22.885</ele>
            </trkpt>
            <trkpt lat="37.237626" lon="129.328446">
                <ele>23.27</ele>
            </trkpt>
            <trkpt lat="37.237777" lon="129.328224">
                <ele>23.998</ele>
            </trkpt>
            <trkpt lat="37.237991" lon="129.327957">
                <ele>24.85</ele>
            </trkpt>
            <trkpt lat="37.238106" lon="129.327835">
                <ele>25.0</ele>
            </trkpt>
            <trkpt lat="37.238338" lon="129.327545">
                <ele>25.034</ele>
            </trkpt>
            <trkpt lat="37.238461" lon="129.327393">
                <ele>26.304</ele>
            </trkpt>
            <trkpt lat="37.23856" lon="129.327225">
                <ele>27.622</ele>
            </trkpt>
            <trkpt lat="37.238625" lon="129.327072">
                <ele>28.173</ele>
            </trkpt>
            <trkpt lat="37.238644" lon="129.326996">
                <ele>28.377</ele>
            </trkpt>
            <trkpt lat="37.238728" lon="129.326752">
                <ele>28.57</ele>
            </trkpt>
            <trkpt lat="37.238827" lon="129.326492">
                <ele>28.703</ele>
            </trkpt>
            <trkpt lat="37.238887" lon="129.326295">
                <ele>28.646</ele>
            </trkpt>
            <trkpt lat="37.23896" lon="129.326065">
                <ele>28.56</ele>
            </trkpt>
            <trkpt lat="37.239008" lon="129.325841">
                <ele>27.897</ele>
            </trkpt>
            <trkpt lat="37.239059" lon="129.325607">
                <ele>28.225</ele>
            </trkpt>
            <trkpt lat="37.239086" lon="129.325424">
                <ele>29.229</ele>
            </trkpt>
            <trkpt lat="37.239132" lon="129.324997">
                <ele>31.617</ele>
            </trkpt>
            <trkpt lat="37.239147" lon="129.324783">
                <ele>31.117</ele>
            </trkpt>
            <trkpt lat="37.239174" lon="129.324402">
                <ele>29.826</ele>
            </trkpt>
            <trkpt lat="37.239212" lon="129.323959">
                <ele>28.572</ele>
            </trkpt>
            <trkpt lat="37.239223" lon="129.323822">
                <ele>28.992</ele>
            </trkpt>
            <trkpt lat="37.239235" lon="129.323654">
                <ele>30.013</ele>
            </trkpt>
            <trkpt lat="37.23925" lon="129.323471">
                <ele>30.3</ele>
            </trkpt>
            <trkpt lat="37.239258" lon="129.323242">
                <ele>30.0</ele>
            </trkpt>
            <trkpt lat="37.239269" lon="129.323044">
                <ele>29.327</ele>
            </trkpt>
            <trkpt lat="37.239292" lon="129.322708">
                <ele>28.451</ele>
            </trkpt>
            <trkpt lat="37.239304" lon="129.322495">
                <ele>28.512</ele>
            </trkpt>
            <trkpt lat="37.239315" lon="129.322296">
                <ele>29.268</ele>
            </trkpt>
            <trkpt lat="37.239315" lon="129.322174">
                <ele>29.881</ele>
            </trkpt>
            <trkpt lat="37.239324" lon="129.321857">
                <ele>31.388</ele>
            </trkpt>
            <trkpt lat="37.239395" lon="129.321457">
                <ele>30.38</ele>
            </trkpt>
            <trkpt lat="37.239433" lon="129.321335">
                <ele>30.065</ele>
            </trkpt>
            <trkpt lat="37.239529" lon="129.321106">
                <ele>30.616</ele>
            </trkpt>
            <trkpt lat="37.23962" lon="129.320877">
                <ele>31.042</ele>
            </trkpt>
            <trkpt lat="37.239704" lon="129.320679">
                <ele>31.628</ele>
            </trkpt>
            <trkpt lat="37.239792" lon="129.320496">
                <ele>33.668</ele>
            </trkpt>
            <trkpt lat="37.239849" lon="129.320374">
                <ele>35.094</ele>
            </trkpt>
            <trkpt lat="37.239952" lon="129.32016">
                <ele>36.654</ele>
            </trkpt>
            <trkpt lat="37.239956" lon="129.320145">
                <ele>36.631</ele>
            </trkpt>
            <trkpt lat="37.240036" lon="129.319901">
                <ele>36.366</ele>
            </trkpt>
            <trkpt lat="37.240067" lon="129.319672">
                <ele>35.412</ele>
            </trkpt>
            <trkpt lat="37.240092" lon="129.319342">
                <ele>34.125</ele>
            </trkpt>
            <trkpt lat="37.240208" lon="129.318985">
                <ele>34.321</ele>
            </trkpt>
            <trkpt lat="37.240223" lon="129.318954">
                <ele>34.311</ele>
            </trkpt>
            <trkpt lat="37.240303" lon="129.318726">
                <ele>34.768</ele>
            </trkpt>
            <trkpt lat="37.240345" lon="129.318497">
                <ele>36.206</ele>
            </trkpt>
            <trkpt lat="37.240395" lon="129.318222">
                <ele>37.823</ele>
            </trkpt>
            <trkpt lat="37.240417" lon="129.318161">
                <ele>38.122</ele>
            </trkpt>
            <trkpt lat="37.240448" lon="129.318069">
                <ele>38.564</ele>
            </trkpt>
            <trkpt lat="37.240513" lon="129.317932">
                <ele>38.915</ele>
            </trkpt>
            <trkpt lat="37.240627" lon="129.317825">
                <ele>39.301</ele>
            </trkpt>
            <trkpt lat="37.240643" lon="129.31781">
                <ele>39.351</ele>
            </trkpt>
            <trkpt lat="37.24081" lon="129.317703">
                <ele>39.669</ele>
            </trkpt>
            <trkpt lat="37.240923" lon="129.317631">
                <ele>39.947</ele>
            </trkpt>
            <trkpt lat="37.241099" lon="129.31735">
                <ele>39.933</ele>
            </trkpt>
            <trkpt lat="37.241197" lon="129.317156">
                <ele>40.692</ele>
            </trkpt>
            <trkpt lat="37.241304" lon="129.316945">
                <ele>42.082</ele>
            </trkpt>
            <trkpt lat="37.241424" lon="129.316699">
                <ele>44.025</ele>
            </trkpt>
            <trkpt lat="37.241516" lon="129.316516">
                <ele>44.458</ele>
            </trkpt>
            <trkpt lat="37.241619" lon="129.316284">
                <ele>44.451</ele>
            </trkpt>
            <trkpt lat="37.241699" lon="129.316025">
                <ele>43.806</ele>
            </trkpt>
            <trkpt lat="37.241771" lon="129.315776">
                <ele>43.04</ele>
            </trkpt>
            <trkpt lat="37.241848" lon="129.315536">
                <ele>42.281</ele>
            </trkpt>
            <trkpt lat="37.241913" lon="129.315323">
                <ele>42.679</ele>
            </trkpt>
            <trkpt lat="37.241982" lon="129.315125">
                <ele>43.406</ele>
            </trkpt>
            <trkpt lat="37.242069" lon="129.314941">
                <ele>44.367</ele>
            </trkpt>
            <trkpt lat="37.242168" lon="129.314789">
                <ele>44.951</ele>
            </trkpt>
            <trkpt lat="37.242268" lon="129.314636">
                <ele>45.899</ele>
            </trkpt>
            <trkpt lat="37.242306" lon="129.31459">
                <ele>46.412</ele>
            </trkpt>
            <trkpt lat="37.242401" lon="129.314438">
                <ele>47.668</ele>
            </trkpt>
            <trkpt lat="37.242622" lon="129.314148">
                <ele>49.296</ele>
            </trkpt>
            <trkpt lat="37.242649" lon="129.314087">
                <ele>49.434</ele>
            </trkpt>
            <trkpt lat="37.242878" lon="129.313739">
                <ele>49.875</ele>
            </trkpt>
            <trkpt lat="37.242914" lon="129.313664">
                <ele>49.848</ele>
            </trkpt>
            <trkpt lat="37.242992" lon="129.313529">
                <ele>49.562</ele>
            </trkpt>
            <trkpt lat="37.243183" lon="129.313337">
                <ele>50.805</ele>
            </trkpt>
            <trkpt lat="37.24333" lon="129.313211">
                <ele>52.188</ele>
            </trkpt>
            <trkpt lat="37.243458" lon="129.313092">
                <ele>51.091</ele>
            </trkpt>
            <trkpt lat="37.243603" lon="129.312985">
                <ele>50.971</ele>
            </trkpt>
            <trkpt lat="37.243748" lon="129.312938">
                <ele>51.493</ele>
            </trkpt>
            <trkpt lat="37.243957" lon="129.312966">
                <ele>52.569</ele>
            </trkpt>
            <trkpt lat="37.244105" lon="129.313039">
                <ele>53.602</ele>
            </trkpt>
            <trkpt lat="37.244354" lon="129.313143">
                <ele>58.586</ele>
            </trkpt>
            <trkpt lat="37.244507" lon="129.313137">
                <ele>60.792</ele>
            </trkpt>
            <trkpt lat="37.244612" lon="129.313092">
                <ele>61.358</ele>
            </trkpt>
            <trkpt lat="37.244705" lon="129.31302">
                <ele>61.248</ele>
            </trkpt>
            <trkpt lat="37.244915" lon="129.312837">
                <ele>63.017</ele>
            </trkpt>
            <trkpt lat="37.244993" lon="129.31266">
                <ele>63.022</ele>
            </trkpt>
            <trkpt lat="37.245083" lon="129.31247">
                <ele>63.696</ele>
            </trkpt>
            <trkpt lat="37.245143" lon="129.31222">
                <ele>63.544</ele>
            </trkpt>
            <trkpt lat="37.245115" lon="129.311709">
                <ele>66.275</ele>
            </trkpt>
            <trkpt lat="37.245145" lon="129.311423">
                <ele>68.608</ele>
            </trkpt>
            <trkpt lat="37.245258" lon="129.311104">
                <ele>66.593</ele>
            </trkpt>
            <trkpt lat="37.245392" lon="129.310881">
                <ele>67.862</ele>
            </trkpt>
            <trkpt lat="37.245534" lon="129.31072">
                <ele>67.716</ele>
            </trkpt>
            <trkpt lat="37.24564" lon="129.310634">
                <ele>68.235</ele>
            </trkpt>
            <trkpt lat="37.245743" lon="129.310544">
                <ele>68.587</ele>
            </trkpt>
            <trkpt lat="37.245858" lon="129.310438">
                <ele>68.714</ele>
            </trkpt>
            <trkpt lat="37.245986" lon="129.310302">
                <ele>68.595</ele>
            </trkpt>
            <trkpt lat="37.246141" lon="129.310148">
                <ele>68.569</ele>
            </trkpt>
            <trkpt lat="37.246351" lon="129.309871">
                <ele>66.923</ele>
            </trkpt>
            <trkpt lat="37.24644" lon="129.309661">
                <ele>65.471</ele>
            </trkpt>
            <trkpt lat="37.246514" lon="129.309392">
                <ele>65.45</ele>
            </trkpt>
            <trkpt lat="37.246568" lon="129.3092">
                <ele>65.645</ele>
            </trkpt>
            <trkpt lat="37.246604" lon="129.309086">
                <ele>66.392</ele>
            </trkpt>
            <trkpt lat="37.246669" lon="129.308686">
                <ele>69.219</ele>
            </trkpt>
            <trkpt lat="37.246629" lon="129.308367">
                <ele>71.66</ele>
            </trkpt>
            <trkpt lat="37.246516" lon="129.307917">
                <ele>76.499</ele>
            </trkpt>
            <trkpt lat="37.246403" lon="129.307467">
                <ele>76.379</ele>
            </trkpt>
            <trkpt lat="37.24629" lon="129.307016">
                <ele>78.79</ele>
            </trkpt>
            <trkpt lat="37.2462" lon="129.306473">
                <ele>79.555</ele>
            </trkpt>
            <trkpt lat="37.246168" lon="129.306192">
                <ele>78.288</ele>
            </trkpt>
            <trkpt lat="37.246135" lon="129.30591">
                <ele>78.053</ele>
            </trkpt>
            <trkpt lat="37.24615" lon="129.305589">
                <ele>80.813</ele>
            </trkpt>
            <trkpt lat="37.246165" lon="129.305267">
                <ele>82.83</ele>
            </trkpt>
            <trkpt lat="37.2462" lon="129.304962">
                <ele>82.673</ele>
            </trkpt>
            <trkpt lat="37.24626" lon="129.304713">
                <ele>80.023</ele>
            </trkpt>
            <trkpt lat="37.246346" lon="129.304596">
                <ele>80.044</ele>
            </trkpt>
            <trkpt lat="37.246456" lon="129.304473">
                <ele>80.455</ele>
            </trkpt>
            <trkpt lat="37.246724" lon="129.304291">
                <ele>82.159</ele>
            </trkpt>
            <trkpt lat="37.246951" lon="129.304188">
                <ele>84.204</ele>
            </trkpt>
            <trkpt lat="37.24736" lon="129.304199">
                <ele>88.069</ele>
            </trkpt>
            <trkpt lat="37.247764" lon="129.304176">
                <ele>93.035</ele>
            </trkpt>
            <trkpt lat="37.248163" lon="129.304023">
                <ele>92.091</ele>
            </trkpt>
            <trkpt lat="37.248306" lon="129.303927">
                <ele>89.364</ele>
            </trkpt>
            <trkpt lat="37.248426" lon="129.303826">
                <ele>88.409</ele>
            </trkpt>
            <trkpt lat="37.248569" lon="129.303719">
                <ele>88.422</ele>
            </trkpt>
            <trkpt lat="37.248859" lon="129.303516">
                <ele>89.858</ele>
            </trkpt>
            <trkpt lat="37.249002" lon="129.303421">
                <ele>91.907</ele>
            </trkpt>
            <trkpt lat="37.249133" lon="129.303236">
                <ele>95.095</ele>
            </trkpt>
            <trkpt lat="37.249434" lon="129.303211">
                <ele>101.117</ele>
            </trkpt>
            <trkpt lat="37.249747" lon="129.30324">
                <ele>106.612</ele>
            </trkpt>
            <trkpt lat="37.249938" lon="129.303227">
                <ele>108.977</ele>
            </trkpt>
            <trkpt lat="37.250173" lon="129.303127">
                <ele>114.993</ele>
            </trkpt>
            <trkpt lat="37.250402" lon="129.303125">
                <ele>118.986</ele>
            </trkpt>
            <trkpt lat="37.25063" lon="129.303123">
                <ele>121.742</ele>
            </trkpt>
            <trkpt lat="37.250908" lon="129.303158">
                <ele>120.787</ele>
            </trkpt>
            <trkpt lat="37.25126" lon="129.303328">
                <ele>119.764</ele>
            </trkpt>
            <trkpt lat="37.251414" lon="129.30327">
                <ele>122.865</ele>
            </trkpt>
            <trkpt lat="37.251767" lon="129.303255">
                <ele>125.003</ele>
            </trkpt>
            <trkpt lat="37.25212" lon="129.303241">
                <ele>125.542</ele>
            </trkpt>
            <trkpt lat="37.25223" lon="129.303314">
                <ele>125.175</ele>
            </trkpt>
            <trkpt lat="37.252316" lon="129.303392">
                <ele>126.325</ele>
            </trkpt>
            <trkpt lat="37.252476" lon="129.303515">
                <ele>129.725</ele>
            </trkpt>
            <trkpt lat="37.252632" lon="129.303575">
                <ele>132.769</ele>
            </trkpt>
            <trkpt lat="37.253062" lon="129.303524">
                <ele>137.425</ele>
            </trkpt>
            <trkpt lat="37.253329" lon="129.303538">
                <ele>139.494</ele>
            </trkpt>
            <trkpt lat="37.253464" lon="129.3035">
                <ele>140.176</ele>
            </trkpt>
            <trkpt lat="37.253591" lon="129.303515">
                <ele>140.334</ele>
            </trkpt>
            <trkpt lat="37.253696" lon="129.303578">
                <ele>140.357</ele>
            </trkpt>
            <trkpt lat="37.253905" lon="129.303683">
                <ele>143.34</ele>
            </trkpt>
            <trkpt lat="37.254303" lon="129.303659">
                <ele>150.316</ele>
            </trkpt>
            <trkpt lat="37.254567" lon="129.303649">
                <ele>153.444</ele>
            </trkpt>
            <trkpt lat="37.254732" lon="129.303583">
                <ele>154.472</ele>
            </trkpt>
            <trkpt lat="37.254894" lon="129.303656">
                <ele>155.722</ele>
            </trkpt>
            <trkpt lat="37.255159" lon="129.303543">
                <ele>160.17</ele>
            </trkpt>
            <trkpt lat="37.25546" lon="129.30348">
                <ele>170.049</ele>
            </trkpt>
            <trkpt lat="37.255827" lon="129.303555">
                <ele>182.593</ele>
            </trkpt>
            <trkpt lat="37.256195" lon="129.303631">
                <ele>190.66</ele>
            </trkpt>
            <trkpt lat="37.256563" lon="129.303706">
                <ele>192.548</ele>
            </trkpt>
            <trkpt lat="37.256696" lon="129.303767">
                <ele>191.569</ele>
            </trkpt>
            <trkpt lat="37.256826" lon="129.303817">
                <ele>189.061</ele>
            </trkpt>
            <trkpt lat="37.257022" lon="129.303864">
                <ele>184.554</ele>
            </trkpt>
            <trkpt lat="37.257201" lon="129.303911">
                <ele>180.55</ele>
            </trkpt>
            <trkpt lat="37.257353" lon="129.303945">
                <ele>177.377</ele>
            </trkpt>
            <trkpt lat="37.257364" lon="129.303947">
                <ele>177.147</ele>
            </trkpt>
            <trkpt lat="37.257523" lon="129.304001">
                <ele>174.006</ele>
            </trkpt>
            <trkpt lat="37.257686" lon="129.304098">
                <ele>171.066</ele>
            </trkpt>
            <trkpt lat="37.257757" lon="129.304137">
                <ele>169.54</ele>
            </trkpt>
            <trkpt lat="37.257971" lon="129.304052">
                <ele>166.918</ele>
            </trkpt>
            <trkpt lat="37.258118" lon="129.304116">
                <ele>164.364</ele>
            </trkpt>
            <trkpt lat="37.258262" lon="129.304135">
                <ele>161.766</ele>
            </trkpt>
            <trkpt lat="37.258467" lon="129.304047">
                <ele>160.163</ele>
            </trkpt>
            <trkpt lat="37.258721" lon="129.304069">
                <ele>156.435</ele>
            </trkpt>
            <trkpt lat="37.259063" lon="129.304195">
                <ele>149.453</ele>
            </trkpt>
            <trkpt lat="37.259317" lon="129.304274">
                <ele>146.286</ele>
            </trkpt>
            <trkpt lat="37.259413" lon="129.304414">
                <ele>142.183</ele>
            </trkpt>
            <trkpt lat="37.259479" lon="129.304508">
                <ele>140.39</ele>
            </trkpt>
            <trkpt lat="37.25958" lon="129.304624">
                <ele>138.904</ele>
            </trkpt>
            <trkpt lat="37.259706" lon="129.304719">
                <ele>137.151</ele>
            </trkpt>
            <trkpt lat="37.259864" lon="129.304773">
                <ele>135.703</ele>
            </trkpt>
            <trkpt lat="37.260049" lon="129.304797">
                <ele>134.061</ele>
            </trkpt>
            <trkpt lat="37.260368" lon="129.304868">
                <ele>130.297</ele>
            </trkpt>
            <trkpt lat="37.260647" lon="129.304816">
                <ele>126.79</ele>
            </trkpt>
            <trkpt lat="37.260839" lon="129.304844">
                <ele>123.491</ele>
            </trkpt>
            <trkpt lat="37.260974" lon="129.304906">
                <ele>121.484</ele>
            </trkpt>
            <trkpt lat="37.261199" lon="129.304935">
                <ele>118.276</ele>
            </trkpt>
            <trkpt lat="37.26132" lon="129.304909">
                <ele>116.894</ele>
            </trkpt>
            <trkpt lat="37.261443" lon="129.304904">
                <ele>115.063</ele>
            </trkpt>
            <trkpt lat="37.261739" lon="129.305114">
                <ele>107.877</ele>
            </trkpt>
            <trkpt lat="37.261884" lon="129.305195">
                <ele>104.684</ele>
            </trkpt>
            <trkpt lat="37.262159" lon="129.305204">
                <ele>100.442</ele>
            </trkpt>
            <trkpt lat="37.262341" lon="129.305301">
                <ele>97.681</ele>
            </trkpt>
            <trkpt lat="37.262506" lon="129.305385">
                <ele>95.554</ele>
            </trkpt>
            <trkpt lat="37.26271" lon="129.305443">
                <ele>92.994</ele>
            </trkpt>
            <trkpt lat="37.262979" lon="129.30545">
                <ele>90.793</ele>
            </trkpt>
            <trkpt lat="37.263154" lon="129.305488">
                <ele>89.545</ele>
            </trkpt>
            <trkpt lat="37.263348" lon="129.305479">
                <ele>89.953</ele>
            </trkpt>
            <trkpt lat="37.263568" lon="129.305528">
                <ele>89.372</ele>
            </trkpt>
            <trkpt lat="37.263685" lon="129.305549">
                <ele>88.858</ele>
            </trkpt>
            <trkpt lat="37.263869" lon="129.305601">
                <ele>88.06</ele>
            </trkpt>
            <trkpt lat="37.264024" lon="129.305617">
                <ele>87.892</ele>
            </trkpt>
            <trkpt lat="37.264118" lon="129.305577">
                <ele>87.936</ele>
            </trkpt>
            <trkpt lat="37.264251" lon="129.305495">
                <ele>88.483</ele>
            </trkpt>
            <trkpt lat="37.264348" lon="129.305492">
                <ele>87.838</ele>
            </trkpt>
            <trkpt lat="37.264424" lon="129.305511">
                <ele>86.949</ele>
            </trkpt>
            <trkpt lat="37.264492" lon="129.305533">
                <ele>85.851</ele>
            </trkpt>
            <trkpt lat="37.264659" lon="129.305546">
                <ele>83.775</ele>
            </trkpt>
            <trkpt lat="37.264881" lon="129.305528">
                <ele>79.311</ele>
            </trkpt>
            <trkpt lat="37.265075" lon="129.305474">
                <ele>76.285</ele>
            </trkpt>
            <trkpt lat="37.26527" lon="129.305487">
                <ele>73.831</ele>
            </trkpt>
            <trkpt lat="37.265466" lon="129.305544">
                <ele>71.77</ele>
            </trkpt>
            <trkpt lat="37.265702" lon="129.305599">
                <ele>71.469</ele>
            </trkpt>
            <trkpt lat="37.26594" lon="129.305626">
                <ele>72.145</ele>
            </trkpt>
            <trkpt lat="37.266185" lon="129.305664">
                <ele>72.698</ele>
            </trkpt>
            <trkpt lat="37.266265" lon="129.305678">
                <ele>72.28</ele>
            </trkpt>
            <trkpt lat="37.266485" lon="129.305691">
                <ele>70.281</ele>
            </trkpt>
            <trkpt lat="37.26671" lon="129.305723">
                <ele>67.844</ele>
            </trkpt>
            <trkpt lat="37.26679" lon="129.305881">
                <ele>68.357</ele>
            </trkpt>
            <trkpt lat="37.266957" lon="129.306042">
                <ele>69.095</ele>
            </trkpt>
            <trkpt lat="37.267113" lon="129.306125">
                <ele>67.812</ele>
            </trkpt>
            <trkpt lat="37.267208" lon="129.306156">
                <ele>66.868</ele>
            </trkpt>
            <trkpt lat="37.267394" lon="129.306123">
                <ele>63.645</ele>
            </trkpt>
            <trkpt lat="37.267568" lon="129.306164">
                <ele>61.448</ele>
            </trkpt>
            <trkpt lat="37.267858" lon="129.30634">
                <ele>59.894</ele>
            </trkpt>
            <trkpt lat="37.268108" lon="129.306316">
                <ele>57.885</ele>
            </trkpt>
            <trkpt lat="37.26829" lon="129.30638">
                <ele>57.243</ele>
            </trkpt>
            <trkpt lat="37.268581" lon="129.30652">
                <ele>60.355</ele>
            </trkpt>
            <trkpt lat="37.268779" lon="129.306496">
                <ele>59.837</ele>
            </trkpt>
            <trkpt lat="37.26896" lon="129.306392">
                <ele>57.803</ele>
            </trkpt>
            <trkpt lat="37.269186" lon="129.306293">
                <ele>55.135</ele>
            </trkpt>
            <trkpt lat="37.269391" lon="129.306316">
                <ele>54.073</ele>
            </trkpt>
            <trkpt lat="37.269728" lon="129.306429">
                <ele>54.783</ele>
            </trkpt>
            <trkpt lat="37.269976" lon="129.306505">
                <ele>52.854</ele>
            </trkpt>
            <trkpt lat="37.2702" lon="129.306602">
                <ele>50.451</ele>
            </trkpt>
            <trkpt lat="37.270428" lon="129.306771">
                <ele>49.526</ele>
            </trkpt>
            <trkpt lat="37.27054" lon="129.306839">
                <ele>48.163</ele>
            </trkpt>
            <trkpt lat="37.270717" lon="129.307019">
                <ele>48.122</ele>
            </trkpt>
            <trkpt lat="37.270849" lon="129.307128">
                <ele>48.797</ele>
            </trkpt>
            <trkpt lat="37.270983" lon="129.307186">
                <ele>49.28</ele>
            </trkpt>
            <trkpt lat="37.271182" lon="129.307133">
                <ele>46.339</ele>
            </trkpt>
            <trkpt lat="37.271343" lon="129.307015">
                <ele>43.443</ele>
            </trkpt>
            <trkpt lat="37.271631" lon="129.306916">
                <ele>40.732</ele>
            </trkpt>
            <trkpt lat="37.271921" lon="129.306845">
                <ele>38.98</ele>
            </trkpt>
            <trkpt lat="37.272137" lon="129.306802">
                <ele>38.106</ele>
            </trkpt>
            <trkpt lat="37.272308" lon="129.306788">
                <ele>37.13</ele>
            </trkpt>
            <trkpt lat="37.272563" lon="129.306764">
                <ele>34.869</ele>
            </trkpt>
            <trkpt lat="37.272766" lon="129.30675">
                <ele>32.998</ele>
            </trkpt>
            <trkpt lat="37.272918" lon="129.30675">
                <ele>32.749</ele>
            </trkpt>
            <trkpt lat="37.273019" lon="129.306753">
                <ele>32.663</ele>
            </trkpt>
            <trkpt lat="37.273174" lon="129.306777">
                <ele>32.794</ele>
            </trkpt>
            <trkpt lat="37.273343" lon="129.306826">
                <ele>33.132</ele>
            </trkpt>
            <trkpt lat="37.273438" lon="129.306819">
                <ele>32.927</ele>
            </trkpt>
            <trkpt lat="37.27352" lon="129.306809">
                <ele>32.697</ele>
            </trkpt>
            <trkpt lat="37.273743" lon="129.306781">
                <ele>31.76</ele>
            </trkpt>
            <trkpt lat="37.273856" lon="129.306768">
                <ele>31.213</ele>
            </trkpt>
            <trkpt lat="37.273962" lon="129.306799">
                <ele>31.291</ele>
            </trkpt>
            <trkpt lat="37.274134" lon="129.306913">
                <ele>32.561</ele>
            </trkpt>
            <trkpt lat="37.274304" lon="129.307081">
                <ele>32.989</ele>
            </trkpt>
            <trkpt lat="37.274484" lon="129.30723">
                <ele>32.542</ele>
            </trkpt>
            <trkpt lat="37.274569" lon="129.307098">
                <ele>29.819</ele>
            </trkpt>
            <trkpt lat="37.27461" lon="129.306941">
                <ele>27.818</ele>
            </trkpt>
            <trkpt lat="37.274696" lon="129.306714">
                <ele>28.613</ele>
            </trkpt>
            <trkpt lat="37.274806" lon="129.306438">
                <ele>31.221</ele>
            </trkpt>
            <trkpt lat="37.275031" lon="129.306275">
                <ele>32.345</ele>
            </trkpt>
            <trkpt lat="37.275153" lon="129.306267">
                <ele>31.238</ele>
            </trkpt>
            <trkpt lat="37.275268" lon="129.306261">
                <ele>30.1</ele>
            </trkpt>
            <trkpt lat="37.275603" lon="129.305961">
                <ele>27.367</ele>
            </trkpt>
            <trkpt lat="37.275745" lon="129.305862">
                <ele>26.492</ele>
            </trkpt>
            <trkpt lat="37.275809" lon="129.30584">
                <ele>26.133</ele>
            </trkpt>
            <trkpt lat="37.276168" lon="129.305845">
                <ele>24.879</ele>
            </trkpt>
            <trkpt lat="37.276509" lon="129.305873">
                <ele>24.656</ele>
            </trkpt>
            <trkpt lat="37.276686" lon="129.305876">
                <ele>25.025</ele>
            </trkpt>
            <trkpt lat="37.276849" lon="129.30584">
                <ele>23.727</ele>
            </trkpt>
            <trkpt lat="37.276955" lon="129.305743">
                <ele>23.287</ele>
            </trkpt>
            <trkpt lat="37.277141" lon="129.305554">
                <ele>23.292</ele>
            </trkpt>
            <trkpt lat="37.277323" lon="129.305516">
                <ele>22.948</ele>
            </trkpt>
            <trkpt lat="37.277473" lon="129.305483">
                <ele>22.764</ele>
            </trkpt>
            <trkpt lat="37.27763" lon="129.305266">
                <ele>21.938</ele>
            </trkpt>
            <trkpt lat="37.277793" lon="129.305013">
                <ele>20.044</ele>
            </trkpt>
            <trkpt lat="37.277899" lon="129.30485">
                <ele>20.104</ele>
            </trkpt>
            <trkpt lat="37.278038" lon="129.304692">
                <ele>20.621</ele>
            </trkpt>
            <trkpt lat="37.278222" lon="129.304592">
                <ele>21.146</ele>
            </trkpt>
            <trkpt lat="37.278435" lon="129.304526">
                <ele>20.907</ele>
            </trkpt>
            <trkpt lat="37.278694" lon="129.30445">
                <ele>20.628</ele>
            </trkpt>
            <trkpt lat="37.278943" lon="129.304389">
                <ele>20.803</ele>
            </trkpt>
            <trkpt lat="37.279126" lon="129.304338">
                <ele>21.062</ele>
            </trkpt>
            <trkpt lat="37.279377" lon="129.304249">
                <ele>21.985</ele>
            </trkpt>
            <trkpt lat="37.279613" lon="129.304141">
                <ele>22.008</ele>
            </trkpt>
            <trkpt lat="37.279845" lon="129.304089">
                <ele>20.552</ele>
            </trkpt>
            <trkpt lat="37.28011" lon="129.304016">
                <ele>18.932</ele>
            </trkpt>
            <trkpt lat="37.280305" lon="129.303974">
                <ele>17.864</ele>
            </trkpt>
            <trkpt lat="37.280536" lon="129.303917">
                <ele>16.329</ele>
            </trkpt>
            <trkpt lat="37.280792" lon="129.303852">
                <ele>15.169</ele>
            </trkpt>
            <trkpt lat="37.281023" lon="129.303805">
                <ele>14.588</ele>
            </trkpt>
            <trkpt lat="37.281143" lon="129.303725">
                <ele>13.705</ele>
            </trkpt>
            <trkpt lat="37.281373" lon="129.303559">
                <ele>12.443</ele>
            </trkpt>
            <trkpt lat="37.281604" lon="129.303401">
                <ele>12.927</ele>
            </trkpt>
            <trkpt lat="37.28181" lon="129.303214">
                <ele>13.108</ele>
            </trkpt>
            <trkpt lat="37.282" lon="129.302961">
                <ele>12.145</ele>
            </trkpt>
            <trkpt lat="37.282165" lon="129.30275">
                <ele>11.065</ele>
            </trkpt>
            <trkpt lat="37.28229" lon="129.302531">
                <ele>11.072</ele>
            </trkpt>
            <trkpt lat="37.282414" lon="129.302329">
                <ele>12.157</ele>
            </trkpt>
            <trkpt lat="37.282548" lon="129.302163">
                <ele>12.474</ele>
            </trkpt>
            <trkpt lat="37.282693" lon="129.302033">
                <ele>12.375</ele>
            </trkpt>
            <trkpt lat="37.282901" lon="129.301981">
                <ele>10.333</ele>
            </trkpt>
            <trkpt lat="37.283149" lon="129.301929">
                <ele>8.176</ele>
            </trkpt>
            <trkpt lat="37.283324" lon="129.301924">
                <ele>6.253</ele>
            </trkpt>
            <trkpt lat="37.283582" lon="129.301903">
                <ele>5.403</ele>
            </trkpt>
            <trkpt lat="37.283811" lon="129.301859">
                <ele>5.173</ele>
            </trkpt>
            <trkpt lat="37.284015" lon="129.301778">
                <ele>5.636</ele>
            </trkpt>
            <trkpt lat="37.284226" lon="129.301717">
                <ele>6.608</ele>
            </trkpt>
            <trkpt lat="37.284407" lon="129.301693">
                <ele>7.825</ele>
            </trkpt>
            <trkpt lat="37.284588" lon="129.301602">
                <ele>9.197</ele>
            </trkpt>
            <trkpt lat="37.28474" lon="129.301491">
                <ele>9.87</ele>
            </trkpt>
            <trkpt lat="37.284901" lon="129.301353">
                <ele>9.302</ele>
            </trkpt>
            <trkpt lat="37.285086" lon="129.301179">
                <ele>8.118</ele>
            </trkpt>
            <trkpt lat="37.285249" lon="129.301053">
                <ele>7.896</ele>
            </trkpt>
            <trkpt lat="37.285427" lon="129.300927">
                <ele>8.362</ele>
            </trkpt>
            <trkpt lat="37.285599" lon="129.300845">
                <ele>8.084</ele>
            </trkpt>
            <trkpt lat="37.285692" lon="129.30082">
                <ele>7.976</ele>
            </trkpt>
            <trkpt lat="37.285887" lon="129.300758">
                <ele>7.781</ele>
            </trkpt>
            <trkpt lat="37.286019" lon="129.300734">
                <ele>7.881</ele>
            </trkpt>
            <trkpt lat="37.286069" lon="129.300902">
                <ele>8.075</ele>
            </trkpt>
            <trkpt lat="37.286126" lon="129.301034">
                <ele>7.908</ele>
            </trkpt>
            <trkpt lat="37.286204" lon="129.30114">
                <ele>7.4</ele>
            </trkpt>
            <trkpt lat="37.286431" lon="129.301279">
                <ele>5.94</ele>
            </trkpt>
            <trkpt lat="37.28668" lon="129.301363">
                <ele>5.955</ele>
            </trkpt>
            <trkpt lat="37.286775" lon="129.301373">
                <ele>6.333</ele>
            </trkpt>
            <trkpt lat="37.286996" lon="129.3014">
                <ele>7.138</ele>
            </trkpt>
            <trkpt lat="37.287122" lon="129.30141">
                <ele>7.158</ele>
            </trkpt>
            <trkpt lat="37.287231" lon="129.301455">
                <ele>7.23</ele>
            </trkpt>
            <trkpt lat="37.287368" lon="129.301548">
                <ele>7.272</ele>
            </trkpt>
            <trkpt lat="37.287569" lon="129.301696">
                <ele>6.831</ele>
            </trkpt>
            <trkpt lat="37.287586" lon="129.30171">
                <ele>6.798</ele>
            </trkpt>
            <trkpt lat="37.287727" lon="129.301827">
                <ele>6.288</ele>
            </trkpt>
            <trkpt lat="37.287917" lon="129.302001">
                <ele>5.804</ele>
            </trkpt>
            <trkpt lat="37.288107" lon="129.302176">
                <ele>6.05</ele>
            </trkpt>
            <trkpt lat="37.288224" lon="129.30232">
                <ele>6.67</ele>
            </trkpt>
            <trkpt lat="37.288296" lon="129.302402">
                <ele>6.479</ele>
            </trkpt>
        </trkseg>
    </trk>
</gpx>
